{"type":"FeatureCollection","features":[{"type":"Feature","geometry":{"type":"Polygon","coordinates":[[[174.51156805072,-36.8359110987846],[174.511541667361,-36.8360214322587],[174.51093270047,-36.8364025491056],[174.510856883526,-36.8393499323625],[174.511478633316,-36.8396204986391],[174.511746532882,-36.8403849992853],[174.511559216778,-36.8407259824758],[174.511922416528,-36.8415575156974],[174.512555733206,-36.8421291657937],[174.519376800247,-36.8377903820295],[174.521376914333,-36.8400730835589],[174.523379617157,-36.8423543491089],[174.528079183971,-36.8396635158898],[174.529471817215,-36.8393768488147],[174.531538717079,-36.8385468489533],[174.533015416869,-36.8376203323883],[174.53306848258,-36.8376974484514],[174.535740466125,-36.8409885486281],[174.535422450615,-36.8414283153016],[174.535939350704,-36.8421986655349],[174.536619350217,-36.8420797318901],[174.53839100019,-36.8442959491317],[174.538624400485,-36.8434472321435],[174.539619732612,-36.8401505988869],[174.547002933763,-36.8408572818913],[174.546711666583,-36.841407282605],[174.547343017196,-36.8414537325616],[174.554245494459,-36.8421422286652],[174.557440733196,-36.8424497984277],[174.557432666521,-36.8422119489918],[174.557537050563,-36.8421362152224],[174.561995050254,-36.8426726318337],[174.566213433228,-36.8431686155413],[174.566196599528,-36.8435230988293],[174.577428466942,-36.8445621653322],[174.577561233109,-36.8445962155041],[174.578328366715,-36.8438059159899],[174.578877849535,-36.8436495159884],[174.579204883458,-36.843294398655],[174.581266749919,-36.8399631153822],[174.581333599343,-36.8398100324047],[174.58154156638,-36.8394571155931],[174.5817635837,-36.8389575153763],[174.582738017414,-36.8377057658154],[174.582757867463,-36.8377194321691],[174.584007833229,-36.8379637655402],[174.584437500086,-36.8378645153674],[174.584914583486,-36.8375270825943],[174.585423133998,-36.8370387823793],[174.5861186333,-36.8364094152118],[174.586339399982,-36.8363387825139],[174.586789383491,-36.8362072658795],[174.587206584051,-36.8361822990701],[174.588691950208,-36.8368569984601],[174.591205650819,-36.8373349490066],[174.591920865975,-36.8373927324589],[174.592517366486,-36.8373312484576],[174.593619633259,-36.8364631987816],[174.59516311714,-36.8359638654043],[174.595429184711,-36.8358984497259],[174.595569281614,-36.8358785238069],[174.595724674284,-36.835877721332],[174.595814459518,-36.8358880047893],[174.596055051144,-36.8359429217478],[174.596226795286,-36.836015148776],[174.596955565889,-36.836524698603],[174.596696650329,-36.8379250825693],[174.596764033632,-36.8383302491929],[174.597148800813,-36.8384924321562],[174.596522483389,-36.8394930653682],[174.596277933288,-36.8399207158504],[174.596175749492,-36.8406027652518],[174.596862717283,-36.8408716818788],[174.596923900135,-36.841016265826],[174.596119333248,-36.8415337652519],[174.595783500759,-36.8415971988811],[174.595051767366,-36.8417738155244],[174.594496566492,-36.8418554151652],[174.593677683319,-36.8434349658165],[174.593867100179,-36.8436484152198],[174.594417533382,-36.8439559992298],[174.594439099723,-36.8443748486175],[174.594847399587,-36.845717632487],[174.595026350451,-36.8471879318786],[174.594803900512,-36.8477911492166],[174.594349550258,-36.8483494154862],[174.594235433294,-36.8496439655015],[174.594161633335,-36.849703015198],[174.593666566932,-36.8505262157616],[174.593589250135,-36.8505958825972],[174.5937231325,-36.8506296985129],[174.594442499739,-36.8518904322885],[174.594648449744,-36.8525161820379],[174.594532549395,-36.8527952624867],[174.594480897395,-36.8534737271994],[174.594922494149,-36.8535986376038],[174.595675695075,-36.8539672088545],[174.596472000274,-36.854298698977],[174.597652932741,-36.8550312320456],[174.59814414984,-36.855013415168],[174.598093233951,-36.8553408152003],[174.597727984112,-36.8557601156903],[174.596934667337,-36.8561235327336],[174.596571583526,-36.856390198493],[174.596251216711,-36.8567739653889],[174.595747500238,-36.8571094484923],[174.59533915074,-36.8574291318712],[174.595350500447,-36.8576609991615],[174.595366700425,-36.8578464657224],[174.595185883069,-36.858028748837],[174.595068249951,-36.8581987822404],[174.595089783227,-36.8587487156465],[174.594744633468,-36.8595904488899],[174.594302200039,-36.8600695987578],[174.594317533678,-36.8606314160482],[174.594303066906,-36.860702848655],[174.593529166549,-36.8613363159014],[174.591933300034,-36.8630489159669],[174.591805924316,-36.8632905315199],[174.591815509989,-36.8633938609297],[174.59087638611,-36.8633972002275],[174.590159516009,-36.8635554738048],[174.589522863097,-36.8637670666023],[174.58893005047,-36.8640159325802],[174.587406117268,-36.8649143321321],[174.586701767505,-36.8653461985934],[174.586416616732,-36.8654857154638],[174.586059033808,-36.8657130486643],[174.58512093384,-36.8662665822643],[174.584659899222,-36.8671068652436],[174.58458151739,-36.8673445325337],[174.587763216131,-36.8676368325827],[174.589301332293,-36.8677051014438],[174.589219783475,-36.8681698489103],[174.589228661044,-36.8683117943152],[174.589035500168,-36.8698677817688],[174.588920199984,-36.8706974489011],[174.588900917277,-36.8711672654648],[174.588774850768,-36.8716568652562],[174.588868732781,-36.8722869652769],[174.588941882564,-36.8728670318399],[174.588976066235,-36.8729238996768],[174.589908883198,-36.8748495156176],[174.590568017479,-36.8759544153472],[174.593764935448,-36.8754870430706],[174.596961117118,-36.8750165318218],[174.597072449937,-36.874987781778],[174.597123417508,-36.876466615509],[174.597860817177,-36.8797104485554],[174.59832623327,-36.881722198456],[174.598336217045,-36.8818203657802],[174.600377450145,-36.8814947160054],[174.601372267402,-36.8819419820247],[174.601401816534,-36.8820706487996],[174.602801666476,-36.8884718153942],[174.604004633253,-36.8938809992713],[174.604282716036,-36.8940469656403],[174.604361017539,-36.8943270989785],[174.60474404977,-36.894068181815],[174.605005200746,-36.8939551484605],[174.605144850019,-36.8938764152931],[174.605255149971,-36.894379898842],[174.605375617348,-36.8944803489423],[174.605496767106,-36.894744915501],[174.605591183527,-36.8948654319765],[174.605718783546,-36.8949914659289],[174.605854700573,-36.89508026573],[174.605924683053,-36.8951078990679],[174.606013566891,-36.8951220151305],[174.606088865929,-36.8951126153597],[174.606188434124,-36.8950305992985],[174.606212699714,-36.894975215283],[174.606189883462,-36.8948106156176],[174.606209432548,-36.8946819986467],[174.606248599232,-36.8946045155213],[174.606345999206,-36.8945166986565],[174.606423567021,-36.8944044157048],[174.606513117359,-36.89434993256],[174.606621684096,-36.8943117988037],[174.606676967162,-36.8943197825787],[174.606724334049,-36.8943475158169],[174.606898250375,-36.8944737657158],[174.606967050362,-36.8944842985307],[174.607017333186,-36.8944705657386],[174.607059000551,-36.8944437157232],[174.607113766852,-36.8943627817988],[174.607351232774,-36.89409778182],[174.607321599342,-36.8940442157005],[174.607265733575,-36.8940349818105],[174.607114399255,-36.8940493823853],[174.606977816982,-36.8940879992276],[174.606862784073,-36.8940777817279],[174.606781500533,-36.894033082223],[174.606732416454,-36.8939853656609],[174.606730817212,-36.8939456986417],[174.606759016941,-36.8939080487251],[174.607069099752,-36.8937147490863],[174.607291066495,-36.8936124820754],[174.607517266619,-36.8935337495436],[174.607693567287,-36.8935146660358],[174.607794899555,-36.8935324818478],[174.607913799882,-36.8935826484242],[174.608074017075,-36.8937127821141],[174.608536483059,-36.8939923491064],[174.608836433472,-36.8940865822059],[174.609203866975,-36.8941518987973],[174.608751050196,-36.8951199657208],[174.608622050161,-36.895103265436],[174.608557232995,-36.8951660160164],[174.608539015993,-36.8952401822271],[174.608561283497,-36.8954073153147],[174.608484400729,-36.8955968818636],[174.608339100647,-36.895824548536],[174.608921766515,-36.8959686651968],[174.610174383871,-36.8963154659229],[174.610373200222,-36.8964926324203],[174.61098386712,-36.8973294154334],[174.611065049834,-36.8974171820403],[174.612580600172,-36.8979751986606],[174.612882316634,-36.8979856322941],[174.613003133566,-36.8981943317782],[174.61405691665,-36.8988522658455],[174.615407916936,-36.9002754653194],[174.615505683424,-36.9003826654387],[174.615866583499,-36.9009323318879],[174.617586417128,-36.9017919490358],[174.618396788549,-36.9022140657463],[174.618792933537,-36.9024150990697],[174.62099893318,-36.9034763652027],[174.622574316564,-36.9042538652706],[174.624502117332,-36.90465339862],[174.625044332471,-36.9047596985454],[174.625063500757,-36.9047038992847],[174.625065916714,-36.9044769490949],[174.62518205061,-36.9040752484784],[174.625233249929,-36.9037211318531],[174.625208416986,-36.9029322158137],[174.625261750565,-36.902753332227],[174.625380650495,-36.9024982990583],[174.625400650428,-36.9024509989529],[174.625453982833,-36.9022399323845],[174.625473283114,-36.9019383324267],[174.62555555065,-36.9017788825756],[174.625756416467,-36.9015524819423],[174.625887616666,-36.9013572984843],[174.62622798365,-36.9010594154725],[174.626410634094,-36.9007984491589],[174.626665682486,-36.9005875989312],[174.626871099885,-36.9003385326105],[174.627025917091,-36.9002187996328],[174.627213583242,-36.9001461323428],[174.627318167161,-36.8999011487779],[174.627380717214,-36.8998445988751],[174.627525216948,-36.8997558491999],[174.627679399936,-36.8996748318962],[174.627855782696,-36.8996122484541],[174.62838005026,-36.8994759155174],[174.628520815953,-36.8994130658143],[174.628623816336,-36.899329415771],[174.628675482699,-36.8992582159584],[174.62869083362,-36.8989648818834],[174.628739300326,-36.8986719491205],[174.628715383686,-36.8984920824983],[174.628722683659,-36.898377965398],[174.628747333014,-36.8982716153531],[174.628789083033,-36.8982270657396],[174.628841882889,-36.8982029984328],[174.628926316861,-36.8982188158592],[174.629140299626,-36.8983145996242],[174.629221066951,-36.8983101325387],[174.629321116357,-36.898258598923],[174.629479033111,-36.8980723155434],[174.629787866481,-36.897647065315],[174.629929999547,-36.8975022484459],[174.62999446724,-36.8974155818133],[174.63002973367,-36.8973179488544],[174.630066184108,-36.8972734985606],[174.630296217396,-36.8971705318899],[174.630380683348,-36.8970961158268],[174.6304578829,-36.8969947659768],[174.630525317068,-36.8969492485021],[174.630672800595,-36.8969641154238],[174.630989450206,-36.8970466985539],[174.631059933794,-36.8970349487641],[174.631089917054,-36.8970111658142],[174.63115073318,-36.8968614321692],[174.631236066474,-36.8968148987546],[174.631297750604,-36.8967597819502],[174.631327849768,-36.8966006488655],[174.631364100003,-36.8965096819572],[174.631555916711,-36.8962474318325],[174.631631733654,-36.8960826826293],[174.631658200759,-36.8960462152818],[174.631780134142,-36.8959775164673],[174.631901832805,-36.8958537506178],[174.631906866488,-36.8959367170675],[174.631964183555,-36.8977624656114],[174.631997099957,-36.8980114491032],[174.632060705114,-36.89829688809],[174.632122266628,-36.8985014818917],[174.632346515502,-36.8989718906009],[174.632481047083,-36.8992025968828],[174.632651880146,-36.8994266180544],[174.632941672494,-36.8997500834604],[174.633478763845,-36.9002342915881],[174.633395901321,-36.9004504231444],[174.633349520707,-36.900629885231],[174.633242481984,-36.9008808845241],[174.633141691117,-36.9009711664543],[174.63310272908,-36.9010316242071],[174.63311470915,-36.9010627635552],[174.633229432633,-36.9011493828869],[174.633291995769,-36.9012331733971],[174.633309643932,-36.9013057575012],[174.633292314738,-36.9014855700068],[174.633305931956,-36.9015686481246],[174.633483331417,-36.9017285345841],[174.633510506409,-36.9017794162012],[174.633542462996,-36.9018284730371],[174.633637855218,-36.9019122652467],[174.633701336593,-36.9019471696348],[174.633817116382,-36.9019670231126],[174.633853482556,-36.9019923575314],[174.63387629917,-36.9020454408412],[174.63388601573,-36.9021948716751],[174.633915432209,-36.9022642372992],[174.633965867249,-36.9023090529242],[174.634107434103,-36.9023703021287],[174.634233336085,-36.902485082709],[174.634322971451,-36.9026432801454],[174.634434790274,-36.9027843268496],[174.634474993403,-36.9029994731898],[174.634502012045,-36.9030424718745],[174.63455787868,-36.9030687040787],[174.634646228898,-36.9030637196908],[174.634779996251,-36.9030189868837],[174.634894862657,-36.902951720628],[174.634945028129,-36.9029493040524],[174.634985595132,-36.9029835866233],[174.635020215024,-36.9030789844529],[174.635011183969,-36.9032552829885],[174.634990382977,-36.9033379819442],[174.634999917011,-36.9033907656201],[174.635032332881,-36.9034255326279],[174.635137617499,-36.9034571990867],[174.635212650112,-36.9035145153373],[174.635254250535,-36.9036078655545],[174.635270133214,-36.9037666151479],[174.635393933478,-36.9038603001267],[174.635431033657,-36.9039876653454],[174.635461216244,-36.9040642164085],[174.635600666571,-36.9041913990264],[174.636244849191,-36.9043245829984],[174.636439950672,-36.9043216320347],[174.63645669981,-36.9043239485059],[174.636527766448,-36.9043621809887],[174.636588282995,-36.9045460472445],[174.63664281823,-36.9045983963925],[174.637053339695,-36.9046095674568],[174.637269679709,-36.904593454676],[174.637507283494,-36.9047082169806],[174.637743653255,-36.9047817093028],[174.637887199441,-36.9046335988966],[174.641614516715,-36.9006725660101],[174.642070783994,-36.9008170487329],[174.642035083049,-36.9009603653777],[174.641987649509,-36.9015510652903],[174.641873616935,-36.9020144321094],[174.641938599658,-36.9020333825754],[174.641779200438,-36.9023964662355],[174.641899650328,-36.9026092820407],[174.642255133375,-36.9026699321837],[174.642652500398,-36.9026420659939],[174.643494317014,-36.9021518486739],[174.644042000316,-36.9005521655871],[174.643854566776,-36.8994912658997],[174.6454711833,-36.8986546494452],[174.646199217097,-36.8980140653394],[174.646187316605,-36.8974063320582],[174.647775037806,-36.8973340643762],[174.647887062589,-36.8973061313476],[174.648035462565,-36.8971986006835],[174.649412393641,-36.8981129355106],[174.649761489267,-36.8983310130155],[174.653084086876,-36.9005608280828],[174.655352831469,-36.9020516029728],[174.65549748309,-36.9021513442348],[174.657922550522,-36.9037655156128],[174.658601383713,-36.9042211655502],[174.659117967443,-36.9045514321808],[174.659826449437,-36.9050296992895],[174.659952216798,-36.9051093661676],[174.660754477042,-36.9056458205743],[174.661552316505,-36.9061865152292],[174.662553449861,-36.9068409820023],[174.663010073056,-36.9072686095796],[174.663642930101,-36.9079417193919],[174.663979465547,-36.9081743819907],[174.662824231909,-36.9095420801723],[174.662434030349,-36.9098939311804],[174.661640380159,-36.9107430612063],[174.660850649504,-36.9115945499556],[174.660646180056,-36.9118293182529],[174.659645049884,-36.9128875159097],[174.659368300165,-36.9131172818417],[174.65895310078,-36.9131376154203],[174.658541399949,-36.9131230155462],[174.658311466876,-36.9131061657739],[174.658319850139,-36.9132527317231],[174.658091549869,-36.9149127319669],[174.657935278935,-36.9158924265201],[174.657772600686,-36.9168714484917],[174.657732383183,-36.9172050495169],[174.65800751687,-36.918988732484],[174.657869126284,-36.9193783618044],[174.657787379297,-36.9195717183664],[174.657763896151,-36.9196799664517],[174.657746917719,-36.9197889954549],[174.657756665425,-36.9198710290845],[174.657890406658,-36.9200745318388],[174.657975275181,-36.9201686989664],[174.658061975933,-36.9202440986976],[174.658367534981,-36.9204221301021],[174.658497675166,-36.9204738393585],[174.658927217359,-36.9205892408483],[174.659177644182,-36.9207264979706],[174.659415842387,-36.9210193468013],[174.659661594392,-36.921212205694],[174.659842686922,-36.9213235890316],[174.660496751911,-36.9216164938555],[174.660806935053,-36.9217929254777],[174.660991994156,-36.9218516145977],[174.661233018991,-36.921860566531],[174.661277902588,-36.9219833413873],[174.661793540413,-36.9229416478181],[174.662239211172,-36.9238440037458],[174.662511211851,-36.9243687511648],[174.662664014254,-36.9247423577079],[174.662707625465,-36.9249547518275],[174.662717150007,-36.9253641945202],[174.662690157204,-36.9255994961295],[174.662512819023,-36.9262681731566],[174.662363359623,-36.9269092794851],[174.662327970549,-36.9270020386214],[174.662270259677,-36.927081032058],[174.662050870511,-36.9272911450825],[174.661624783488,-36.9275483323593],[174.661236436773,-36.9278147310383],[174.660925592235,-36.928117025885],[174.660464449812,-36.9285886495409],[174.66040528305,-36.9286678490214],[174.660599233164,-36.9288501322629],[174.662398316235,-36.9305675492068],[174.663329334098,-36.9302993152742],[174.663239050156,-36.93085391588],[174.663454316546,-36.9308972820562],[174.66389523305,-36.9312302824332],[174.664473850134,-36.9309345319855],[174.664251332751,-36.9322815154755],[174.664498600051,-36.9322527489004],[174.665242050838,-36.9323074990211],[174.665957416916,-36.9326344322803],[174.66613754981,-36.9326484320197],[174.66666784996,-36.9356513659989],[174.665325750692,-36.9348681325652],[174.66302553383,-36.935946332052],[174.663331150019,-36.9362572990015],[174.66336391658,-36.9364155156836],[174.663270367204,-36.9364279820828],[174.662998016921,-36.936575798512],[174.662746216096,-36.9366297992806],[174.664310817386,-36.9384213820501],[174.663603650471,-36.9388253820661],[174.663685083068,-36.9389539663965],[174.66369360007,-36.9397506321561],[174.66455901643,-36.9396721154129],[174.664946849947,-36.939540348799],[174.665198316725,-36.9393585317816],[174.664823000432,-36.939023515126],[174.665883149272,-36.9380840655882],[174.66555186612,-36.9377108986145],[174.66675760028,-36.9370209485212],[174.666909416722,-36.9371921488321],[174.667641733846,-36.9367731491099],[174.66752970072,-36.9365790151389],[174.667897134092,-36.9363688488787],[174.668762434078,-36.9368744492866],[174.668939165967,-36.9370299486867],[174.669373767039,-36.9368959159488],[174.669866449842,-36.9367894157453],[174.670079166817,-36.9367341820986],[174.670474083927,-36.936527198809],[174.67088094983,-36.9360878325132],[174.672815950208,-36.9382451820481],[174.673634966779,-36.9391201157299],[174.673820510323,-36.9394125977501],[174.69337460055,-36.9689855657234],[174.693564416614,-36.9782646485415],[174.690591316241,-36.9814853991087],[174.687872933541,-36.984400898453],[174.685120816407,-36.9872841492091],[174.683196899214,-36.9892365488016],[174.680887416671,-36.9915081317894],[174.679438615891,-36.9928800152113],[174.677966983762,-36.9942299824907],[174.67647010062,-36.9955557153862],[174.674945583252,-36.9968549157367],[174.673391033079,-36.9981252989775],[174.671804033684,-36.999364531976],[174.670182200213,-37.0005703323771],[174.668686816674,-37.0015774989666],[174.666961383957,-37.0026837820028],[174.665201450058,-37.0037569154114],[174.66340883327,-37.0047986658333],[174.661585367246,-37.0058107817476],[174.659732883088,-37.0067950487101],[174.657853217106,-37.0077531819903],[174.655948200699,-37.0086869817479],[174.654019666806,-37.0095981652977],[174.652069433257,-37.0104885322903],[174.650099350111,-37.0113598162369],[174.648111233204,-37.0122137818817],[174.644442800016,-37.0137319659992],[174.621967200139,-37.0223741985377],[174.609711800489,-37.0271995321785],[174.602561966008,-37.0285871819458],[174.592819100543,-37.0300132320473],[174.580852350572,-37.0301916654604],[174.568330666784,-37.0314903991057],[174.566862116576,-37.031660849006],[174.564623166748,-37.0319484318107],[174.562394200372,-37.0322675990001],[174.560178333412,-37.0326230152025],[174.557978683712,-37.0330193488589],[174.55579838404,-37.0334612486127],[174.553640534105,-37.0339534151407],[174.551508283958,-37.0345004991022],[174.5494047173,-37.0351071657549],[174.54804996729,-37.0355370984277],[174.545917484064,-37.0361665155246],[174.543809616387,-37.0368540824249],[174.541737417297,-37.0376044321478],[174.539711983257,-37.038422282617],[174.537744450706,-37.0393123158883],[174.535845883396,-37.0402792156145],[174.534027383474,-37.0413276484162],[174.532843116047,-37.0420889657095],[174.531191900346,-37.0432756822342],[174.529628833277,-37.0445517490604],[174.528133400271,-37.0458964658782],[174.526685116925,-37.0472889820981],[174.523127499759,-37.050850431993],[174.522022717293,-37.0554855653521],[174.521381800192,-37.057075315294],[174.520286417366,-37.0589896491321],[174.51813576611,-37.0610082491989],[174.516021867351,-37.06252919886],[174.514515467438,-37.0634680323252],[174.511211366647,-37.0651202487176],[174.507758183636,-37.0665067821792],[174.50359261648,-37.0680560659101],[174.499154649922,-37.0702590153824],[174.49518773337,-37.0721876157876],[174.492020116918,-37.0735696984323],[174.483111149802,-37.0771964496569],[174.473034399884,-37.0806745823812],[174.46786441739,-37.0821979324044],[174.462739499395,-37.0836056823578],[174.457232650069,-37.0850183490984],[174.444786750148,-37.0878619659392],[174.438987350814,-37.0890099323134],[174.431332983879,-37.0904880486736],[174.426196517107,-37.0913971317391],[174.417013750834,-37.0928561159336],[174.407212533262,-37.0944370992617],[174.384950783338,-37.0978017820556],[174.356124582662,-37.1026500317641],[174.32892181644,-37.1087746484799],[174.309510949854,-37.1134288984716],[174.295251566945,-37.1171551654023],[174.277912366496,-37.1223042818242],[174.264845883489,-37.1266100486169],[174.252515266453,-37.1318521159223],[174.250137233535,-37.1273171322471],[174.246277632873,-37.1198205821138],[174.244226616238,-37.1151732659531],[174.242177899626,-37.1106384484631],[174.239884549608,-37.1041930654376],[174.237516366167,-37.0974671818215],[174.234357332945,-37.0857419155092],[174.232973383141,-37.0790048320457],[174.2318645838,-37.0719270159073],[174.230739066797,-37.0638927988058],[174.230249366839,-37.0563316156619],[174.230134549902,-37.0493068817403],[174.227460616082,-37.041009099406],[174.225669100095,-37.0349521484203],[174.224081466563,-37.0284990154798],[174.222995150243,-37.0226029318704],[174.22047356663,-37.015706081746],[174.218741100089,-37.0099986153826],[174.217139199813,-37.0046675824203],[174.215549116156,-36.9979894988498],[174.213286466755,-36.9929507822819],[174.21072505003,-36.9868463152344],[174.208662733503,-36.9811863819025],[174.206595882667,-36.9752451658982],[174.204503083072,-36.9677850654382],[174.202178916433,-36.9631408490009],[174.199561116279,-36.9577121490713],[174.197076150074,-36.9518318319775],[174.195239766205,-36.9469571154225],[174.193689767323,-36.9424167990196],[174.191619567012,-36.9361380325242],[174.190344549865,-36.9312571322859],[174.188491899769,-36.9253698319655],[174.186553200495,-36.9185270321203],[174.184744449543,-36.9110639320838],[174.181688683592,-36.904402198561],[174.178580333639,-36.8969916652839],[174.17630869951,-36.8907448491301],[174.174463999593,-36.8851950990669],[174.172919116617,-36.879476498744],[174.43097776661,-36.8765762991027],[174.445455216483,-36.876617499295],[174.446284933483,-36.8749860658228],[174.447613967122,-36.8744507827049],[174.448883750465,-36.8738257826212],[174.450362782821,-36.8738620486704],[174.451663983723,-36.8735228158171],[174.451840082991,-36.8732299988283],[174.451424799909,-36.8709466486636],[174.450768683075,-36.870261232289],[174.448180967035,-36.8694967660739],[174.447445000378,-36.866842799162],[174.45252434944,-36.8640749654956],[174.453286450255,-36.8643270323004],[174.453518533128,-36.8644518159263],[174.453811783888,-36.8644713653387],[174.453982900398,-36.8644484823237],[174.454093483789,-36.8643863986645],[174.454132300832,-36.8643362818977],[174.454148133554,-36.8642801484212],[174.454146849978,-36.8641603984666],[174.454122483704,-36.8640039824322],[174.454040450524,-36.8637643488687],[174.454006617163,-36.8636983490445],[174.453680600226,-36.8633877157079],[174.453560237347,-36.8632477819504],[174.453524890458,-36.8631459101736],[174.453545179211,-36.8630566199181],[174.453604334886,-36.8629712620013],[174.453756492944,-36.8628312495298],[174.453904599265,-36.8627624910888],[174.454484266573,-36.8624075319915],[174.454716483232,-36.8621240488885],[174.455161100019,-36.86166858244],[174.455492884009,-36.8613792986754],[174.455591800357,-36.8613423662777],[174.455995050117,-36.8612924158774],[174.456181799588,-36.861218699499],[174.456697500655,-36.8604552158983],[174.456738166574,-36.8602810986697],[174.456665399788,-36.8599794823816],[174.456508250481,-36.8598792486042],[174.456138932504,-36.8596973154535],[174.456043234102,-36.8596229657146],[174.456012850613,-36.85949431596],[174.456015316697,-36.8593474325916],[174.456074083283,-36.8592442822305],[174.456193000136,-36.8591047154104],[174.456346250201,-36.8590180985668],[174.456587899907,-36.8589213824566],[174.456768083241,-36.8587987988232],[174.456876216707,-36.8586727319079],[174.456960616402,-36.8584713326196],[174.457020532612,-36.8581590155181],[174.457005833508,-36.8579856652597],[174.456927199206,-36.8579333152453],[174.456849417312,-36.8579210157547],[174.456750317135,-36.8579490655999],[174.456179749299,-36.8582059654801],[174.455992066622,-36.8582351992267],[174.455875433636,-36.8582189817422],[174.45581905041,-36.8581707823852],[174.455795050713,-36.8580821153654],[174.455803417039,-36.8579529484662],[174.456179933471,-36.8576852987338],[174.456435316666,-36.8574504491126],[174.456460950596,-36.8573521988814],[174.45646951721,-36.8572319324299],[174.45644973336,-36.8570808995075],[174.456381167147,-36.8569794653422],[174.456217634089,-36.8568392653902],[174.455944783675,-36.856767298785],[174.455893366767,-36.8566923486675],[174.455878765924,-36.8565234318],[174.455964283452,-36.8563754317728],[174.456136599919,-36.8561416986556],[174.456268500036,-36.8558283988486],[174.456250033454,-36.8557396496635],[174.456204066428,-36.8556601656333],[174.456202850202,-36.8556023325103],[174.456267516879,-36.855516898513],[174.456881983372,-36.8552415992736],[174.457054149786,-36.8551324656778],[174.457173150264,-36.8549973658935],[174.457203299809,-36.8548500988198],[174.457249866456,-36.8541641490003],[174.45721120015,-36.8536395659131],[174.457274283408,-36.8534784986347],[174.457481899352,-36.853079631876],[174.457575033266,-36.8527668654604],[174.457560049449,-36.8525801655323],[174.457472916829,-36.852385549296],[174.457285949633,-36.8521833659787],[174.456309866748,-36.8515824322758],[174.456179300546,-36.8514284326259],[174.456154183551,-36.8512863822222],[174.456199350083,-36.8510632656156],[174.456210850497,-36.8508183486977],[174.456157583515,-36.8506544159732],[174.456100732479,-36.8505839825435],[174.456039566962,-36.850571449113],[174.455884749733,-36.8505824487437],[174.455736033729,-36.8506200489796],[174.45555371648,-36.8506403159146],[174.455420299401,-36.850615415764],[174.455285766022,-36.8505371320839],[174.455217016349,-36.8504267990578],[174.455168133439,-36.8499423992183],[174.455116366738,-36.8498496496906],[174.454997984084,-36.8497488992441],[174.454830517058,-36.8496843992294],[174.454373900425,-36.8495614990312],[174.454161766829,-36.8494798162183],[174.454094234127,-36.8494273157072],[174.454057299488,-36.8492498155156],[174.454064567401,-36.8490672658115],[174.454099600752,-36.8488887823745],[174.454210000243,-36.8487221827753],[174.454542083501,-36.8483966154207],[174.455024350618,-36.8480713323343],[174.455605966646,-36.8476111491165],[174.455819299912,-36.8474775489641],[174.455976982874,-36.8474292160121],[174.45603828316,-36.8474282325072],[174.456116250049,-36.8474490818137],[174.456425350288,-36.8476640324173],[174.456698999648,-36.84773748213],[174.457046517159,-36.8477667484456],[174.457590183706,-36.8477831820914],[174.458155415958,-36.847819165585],[174.458399566457,-36.8478452990924],[174.458644749184,-36.8478930490226],[174.458932217335,-36.847982399236],[174.459400749849,-36.8481945321305],[174.459780166939,-36.848335465882],[174.459999100071,-36.8484331988942],[174.460173450038,-36.8484822826449],[174.460318533389,-36.84849838177],[174.460438599941,-36.8484766821519],[174.460479383729,-36.8484535157275],[174.460508250311,-36.8484120489283],[174.460544099987,-36.8481650323496],[174.460612449445,-36.8480285658058],[174.46067528346,-36.8479633988046],[174.460799983437,-36.8479155324226],[174.461054750106,-36.8477702653941],[174.461350899879,-36.8476378817636],[174.461649183798,-36.8476139318736],[174.461787683113,-36.8475597491313],[174.461831199977,-36.8475108817524],[174.461931067084,-36.8473006326008],[174.461972516739,-36.8471046488269],[174.462150200177,-36.8464965317543],[174.462313250835,-36.8462746991946],[174.462558816526,-36.8461192159392],[174.462651750222,-36.8460944164271],[174.462703183322,-36.8461143990097],[174.462767116602,-36.8461660826093],[174.462939165953,-36.8462209820508],[174.463115133593,-36.8462311820949],[174.463315049376,-36.8461852986392],[174.463418983612,-36.8461302325623],[174.463559600178,-36.8460197654938],[174.463881200817,-36.845671381999],[174.463962499752,-36.8455622318231],[174.464061500276,-36.8453248491232],[174.464260783366,-36.8444747659799],[174.464268017352,-36.8443343486247],[174.464225833912,-36.844197265837],[174.464272750291,-36.8440567327907],[174.464338866953,-36.8440028321859],[174.464569649995,-36.8439165485674],[174.464602150522,-36.8438765323004],[174.46474263341,-36.8435404321439],[174.464945016538,-36.843448532432],[174.46504245002,-36.8433870488109],[174.4651725666,-36.8432655321252],[174.465240450354,-36.8431636655679],[174.465279184056,-36.8430688493],[174.46529365012,-36.8429698820619],[174.465272483646,-36.8427102156038],[174.465288000315,-36.8426080652446],[174.465398084016,-36.8424698988429],[174.465464083515,-36.8423450989543],[174.465506267244,-36.8421935151142],[174.465598383587,-36.8416073156949],[174.465644732732,-36.8414793985364],[174.465754416636,-36.8413010151989],[174.465810283983,-36.8410297318344],[174.465893249408,-36.8408725656157],[174.466070499729,-36.8407173822771],[174.466483282619,-36.8405338658682],[174.466628083768,-36.8404413820707],[174.466844616459,-36.8401279987175],[174.467132100111,-36.8398255320448],[174.467459133511,-36.8396228823778],[174.46761538342,-36.8395435153992],[174.467701033466,-36.8394708158836],[174.46802908356,-36.8390275485159],[174.468149215966,-36.8388142657763],[174.468365250122,-36.8385805825621],[174.468865333234,-36.8381385488779],[174.469301749662,-36.8378281323331],[174.469382900038,-36.837753182402],[174.469444567172,-36.8376654158314],[174.469468066575,-36.8375919320783],[174.469522333075,-36.8370616821147],[174.469577699962,-36.836963099238],[174.469680667502,-36.8369082659662],[174.469909167295,-36.8368608986824],[174.47003713396,-36.8368782488375],[174.47032566704,-36.8369826154457],[174.470448899317,-36.8369972654825],[174.470590149788,-36.8369854153432],[174.470827500267,-36.836905365305],[174.470923800467,-36.8368431157563],[174.471013432679,-36.8367348491923],[174.471144066582,-36.8366390658552],[174.471994116543,-36.836157831729],[174.472065066003,-36.8360786823744],[174.472171399395,-36.8358608135139],[174.472279119735,-36.835689528906],[174.472585736652,-36.8353542993089],[174.472948098235,-36.8350285061352],[174.47327373022,-36.8348231097034],[174.473532471737,-36.8346963156714],[174.473698088094,-36.8345451917332],[174.473964947105,-36.8343863997754],[174.474327392215,-36.8342982953364],[174.474572645951,-36.8342733135586],[174.474805323395,-36.8342239768912],[174.475262307336,-36.8341007730812],[174.475584206703,-36.8339865132181],[174.475889301812,-36.8339467297122],[174.476292241685,-36.8339691921874],[174.476411663734,-36.8339572718637],[174.477048163886,-36.8337633506398],[174.477477770549,-36.8336680266123],[174.477728645483,-36.8336589950714],[174.478327126204,-36.8337746284468],[174.478553460709,-36.8337796464472],[174.478619093248,-36.8337661124533],[174.479001630206,-36.8334596299388],[174.479150978016,-36.8334126772523],[174.479372550493,-36.833396982389],[174.480044000622,-36.8334932656905],[174.48021483258,-36.8334814991695],[174.480413016985,-36.8334075659064],[174.480567584114,-36.8333256151555],[174.48069030015,-36.8332135320192],[174.480899466735,-36.8329527153509],[174.480946983587,-36.8329154325844],[174.480999550273,-36.8328975991198],[174.481051366945,-36.8329047820427],[174.481106166681,-36.8329325658372],[174.481163000673,-36.832988615963],[174.481481283461,-36.8334104989502],[174.481736666828,-36.8336693658269],[174.48173715029,-36.8336857658672],[174.48204351646,-36.8338862656802],[174.482125317109,-36.8339576817903],[174.482296167047,-36.8343559257421],[174.482337704015,-36.834401681145],[174.482642923847,-36.8345782330922],[174.48276466428,-36.8346905916279],[174.482961325604,-36.8349233811055],[174.48310090589,-36.8350219779526],[174.483226914823,-36.8350743101635],[174.483455864639,-36.8351031700753],[174.483699672436,-36.8351064683756],[174.484236225064,-36.8349983572792],[174.484544083678,-36.8350192071137],[174.484710530729,-36.8350664572884],[174.484741066852,-36.8351183163819],[174.485093866849,-36.8352325662057],[174.485243483861,-36.8353322321379],[174.485474766978,-36.8354199652054],[174.485640533038,-36.8355086329606],[174.485743550145,-36.8355203658459],[174.48591453346,-36.8355059824078],[174.486112567489,-36.8354349656251],[174.486321683212,-36.8354619659363],[174.486635183744,-36.8356323484394],[174.486772049922,-36.8357487491955],[174.486994050104,-36.8357931154246],[174.487227250709,-36.8358665990517],[174.487273100762,-36.8358507325404],[174.487376267468,-36.8357508151832],[174.487453100758,-36.8355576322875],[174.487605617023,-36.835427232606],[174.487800949782,-36.8352177323941],[174.487944433664,-36.8352131322086],[174.488077949872,-36.8352608655655],[174.488244483291,-36.8352766154014],[174.48839751695,-36.8353104985774],[174.488538867407,-36.835317665784],[174.488688284023,-36.8353575817564],[174.488837134004,-36.8353675652449],[174.488981732833,-36.8353478156419],[174.489121850576,-36.8352922659409],[174.489165233986,-36.8352319824779],[174.48914406668,-36.8351007991726],[174.489153567343,-36.8350170157084],[174.489209200059,-36.8350103822431],[174.489453366232,-36.8351416324924],[174.490006066859,-36.8350868486585],[174.490113050089,-36.835049615471],[174.490550983201,-36.8350170986882],[174.491121916846,-36.8349471325339],[174.49129336714,-36.8349717653328],[174.491424466742,-36.835020915162],[174.491956566464,-36.8352441990926],[174.492035949865,-36.8353089151945],[174.492141134041,-36.8353672825363],[174.492659299952,-36.8354662493187],[174.492881083941,-36.8354884657104],[174.493027483641,-36.8354651822009],[174.493394316758,-36.8353389489035],[174.493527650541,-36.8353300653474],[174.493673450443,-36.835278215703],[174.493809166771,-36.8351655989002],[174.493932883537,-36.835121099594],[174.49410690052,-36.8351439329591],[174.494203250292,-36.8350676323065],[174.494326483753,-36.834998082078],[174.494677116845,-36.8349507489865],[174.494916316988,-36.8348976656679],[174.495187949792,-36.8346796493538],[174.495351583184,-36.8346274823086],[174.495653783074,-36.8346093330098],[174.495956666495,-36.8346233491336],[174.496382199852,-36.8345393151208],[174.496538200476,-36.8345552490188],[174.496868817317,-36.8346225989953],[174.497041399787,-36.834573865678],[174.497203617526,-36.8346755156263],[174.497511833306,-36.8347360484789],[174.49814416684,-36.8347601652647],[174.498287033835,-36.8347834653175],[174.498447182542,-36.8347678654989],[174.498586050715,-36.8347806991924],[174.498633333795,-36.8348045818728],[174.498677266454,-36.8348019818494],[174.498921800055,-36.8348508991921],[174.499134416953,-36.8348142989658],[174.499541733511,-36.8347115490066],[174.499614883415,-36.8347121152682],[174.499622033386,-36.8347268825202],[174.499790683495,-36.8346958159213],[174.499988300581,-36.8346914493071],[174.500252365989,-36.8346346487154],[174.500411766713,-36.834768215222],[174.500457649857,-36.834909715234],[174.500515416923,-36.8349748489942],[174.500635216558,-36.8350522326757],[174.50073433313,-36.8350235820909],[174.501066534077,-36.8347761491437],[174.501224183149,-36.8347140488028],[174.501382633555,-36.8347154989641],[174.501746833685,-36.8348135493099],[174.501950950257,-36.8348233986143],[174.502063566872,-36.834813648651],[174.502106867472,-36.8348307991787],[174.502143733812,-36.8348201486077],[174.50225579917,-36.834839949065],[174.502316032738,-36.8348036824534],[174.502474967211,-36.8346243658674],[174.5026331505,-36.8344893992603],[174.502739583509,-36.8344333490171],[174.502953699928,-36.8343840829714],[174.50306285025,-36.8343021654307],[174.503151782481,-36.834194131781],[174.503192283904,-36.8341021827113],[174.503185983727,-36.8340669823624],[174.503075366648,-36.8339602984501],[174.503092167016,-36.8339161320096],[174.503263299259,-36.8338293995425],[174.503382116393,-36.8337180159318],[174.503435499361,-36.8335411660085],[174.503482216908,-36.8334899491076],[174.50363801731,-36.8333763821417],[174.504231328248,-36.8339104675715],[174.504822200547,-36.8344462997389],[174.505954450243,-36.8350361653278],[174.508333533474,-36.835587982443],[174.508604300535,-36.8356290492023],[174.51156805072,-36.8359110987846]]]},"properties":{"LocalBoardName":"Wait\u0101kere Ranges","LocalBoardCode":7607,"AreaSqkm":943.0051,"avg_crime":38,"avg_rent":850,"suburbs":["Waitakere","Titirangi"]}},{"type":"Feature","geometry":{"type":"Polygon","coordinates":[[[174.735580016645,-36.8324831657444],[174.740744800218,-36.8327010159718],[174.744418799736,-36.8325656653605],[174.752838583256,-36.8322720654847],[174.761438100576,-36.8327229323832],[174.763041533182,-36.8328050157044],[174.768243516892,-36.833358632533],[174.77076445024,-36.8336569485051],[174.773244583794,-36.8339809822834],[174.775657050711,-36.8343244822381],[174.777975866785,-36.8346800986237],[174.780183299937,-36.8350382823611],[174.784918350493,-36.8358896822789],[174.787096433037,-36.8362179157104],[174.789301933041,-36.8365261992454],[174.792559183172,-36.8369531659129],[174.793732333184,-36.83710878217],[174.795933350029,-36.8374205319775],[174.792731299824,-36.8485401490784],[174.792715941213,-36.8485694679417],[174.792596633137,-36.8487972158237],[174.792454017263,-36.8490367991253],[174.792448033943,-36.8490822818047],[174.792479833715,-36.8492581486242],[174.792426799297,-36.8494494163062],[174.792363783262,-36.8495838319061],[174.792362900784,-36.849659531714],[174.792240583285,-36.8500563990468],[174.792219049793,-36.8503379655814],[174.792200566463,-36.8504776321838],[174.792150450347,-36.8505524817991],[174.792098067184,-36.8505960484945],[174.792022966614,-36.8507130492685],[174.791954150101,-36.8509061987554],[174.791981832814,-36.8510722824001],[174.791970133651,-36.8512331985183],[174.791955499909,-36.8512898989972],[174.791863216723,-36.8513932817244],[174.791841916858,-36.8514804155232],[174.79188181683,-36.8518873659105],[174.791964683504,-36.8520355820827],[174.792173999657,-36.8522307484255],[174.792197866647,-36.8522704152147],[174.792209167426,-36.8523083489562],[174.792178050378,-36.852300999112],[174.792155816053,-36.8523141992634],[174.7921459165,-36.852382333072],[174.792223300501,-36.8525090653488],[174.792272650267,-36.8525665656914],[174.792449516828,-36.8527002158932],[174.792477533355,-36.852805982026],[174.792520833139,-36.8528742156414],[174.79271506654,-36.8530918986192],[174.793017132727,-36.8533457159384],[174.793052217448,-36.8535108159534],[174.793085549648,-36.8535516484742],[174.793147449407,-36.8535893819504],[174.793195017078,-36.8537275652063],[174.793222216781,-36.8539462489364],[174.793159133085,-36.8539770487465],[174.793179716742,-36.8542704822064],[174.793156417432,-36.8544379990379],[174.793183516783,-36.8545186485328],[174.793157850695,-36.8545074986767],[174.793159400142,-36.854557681744],[174.793267950323,-36.8548958651356],[174.793342166491,-36.8549973320552],[174.79337086695,-36.8551906320461],[174.793350449603,-36.8551876818316],[174.793376983266,-36.8553742652808],[174.793278416834,-36.8556375992529],[174.793258599835,-36.8557680986679],[174.793212166541,-36.8558901990486],[174.793075500054,-36.8559681325158],[174.792911133963,-36.8561332656724],[174.79281888396,-36.8562037325858],[174.792665549842,-36.8562567822886],[174.792461616829,-36.856352782266],[174.792388883266,-36.8563677654127],[174.792333367532,-36.8563503659622],[174.792283732738,-36.8563590986674],[174.792209317012,-36.8564372486476],[174.792140416677,-36.8565280486321],[174.792020700072,-36.8567997657468],[174.791987216628,-36.8570129157169],[174.791898916562,-36.8572187486896],[174.791879867506,-36.8573439652596],[174.791820466663,-36.8575242159016],[174.791869349267,-36.8576131657184],[174.791866949787,-36.857686932405],[174.791807283647,-36.8577744157276],[174.791678933382,-36.8578088488452],[174.791558583708,-36.8579012156037],[174.791451349763,-36.8580092156455],[174.791413366642,-36.858091116168],[174.791471450156,-36.8581211654811],[174.791467033618,-36.8581753818606],[174.79143033279,-36.8582141997406],[174.791457150584,-36.8582947655024],[174.791423467251,-36.858435015235],[174.791350716871,-36.8585338830152],[174.791282266119,-36.8585766992127],[174.79107600014,-36.8586398827069],[174.790895083113,-36.8586085658959],[174.790907617482,-36.8585311817308],[174.790886633216,-36.8585726991395],[174.790715899878,-36.8586569651228],[174.790603583915,-36.8586687490523],[174.790594733285,-36.8587330325856],[174.790612033957,-36.8587881159568],[174.790627284097,-36.8589187985606],[174.790484584039,-36.8591505985234],[174.790088333743,-36.8599069655309],[174.790012250523,-36.8604853990856],[174.790024032892,-36.8605814152751],[174.790075616548,-36.8606373829371],[174.790193400827,-36.8609027160014],[174.790440950001,-36.8613398152056],[174.790579967197,-36.8615371318854],[174.790750917062,-36.8617398826396],[174.790171899939,-36.862280981737],[174.790150900193,-36.8622610323957],[174.789712083156,-36.8626950821663],[174.789733949463,-36.8627160658881],[174.789524733208,-36.8628751820368],[174.789173583993,-36.8630909489777],[174.788667983017,-36.8626415160068],[174.788545250166,-36.862626548971],[174.787944633369,-36.8638629160976],[174.787594200411,-36.8642975994414],[174.787498900698,-36.8643497821519],[174.787252100786,-36.8642076651126],[174.787175666541,-36.864274965891],[174.787022783937,-36.8643205656341],[174.786832300651,-36.8642997818199],[174.78642088348,-36.86434314915],[174.786388299718,-36.8643662157839],[174.786392417306,-36.8644017991609],[174.786477916443,-36.8645190984699],[174.7864244167,-36.8645895322199],[174.786243682856,-36.8646242324773],[174.786055967513,-36.8645919822342],[174.78554101626,-36.8647482488725],[174.785403999825,-36.8647047161911],[174.785310200012,-36.8647058488786],[174.785270999668,-36.8646891988399],[174.785142233079,-36.864704099246],[174.785076800531,-36.8647229819814],[174.784942216954,-36.864830182038],[174.784922383241,-36.8649327820546],[174.784832799541,-36.8649470160038],[174.784776000039,-36.8648882825108],[174.784524432751,-36.8649503992949],[174.784495033771,-36.8649248488848],[174.78444133394,-36.8649475651276],[174.78437810013,-36.86500321617],[174.784310983468,-36.8649668824573],[174.78414180069,-36.8649946820773],[174.784109250317,-36.8650677485255],[174.784025766457,-36.865141215573],[174.783975033084,-36.8652998487896],[174.783922899471,-36.8653370159042],[174.783801499641,-36.8654926990235],[174.783753750429,-36.8655023995099],[174.783620417065,-36.8654867825731],[174.783576582899,-36.865505315938],[174.783521999822,-36.8655848321505],[174.783458949453,-36.8656224657781],[174.783427516724,-36.8657416656756],[174.783404617216,-36.8657260493573],[174.783328300364,-36.8657206321403],[174.783250283562,-36.8657353655058],[174.783075816398,-36.8659121992825],[174.783048866503,-36.8659987654966],[174.782952116172,-36.8660794487163],[174.782803283203,-36.8661475653908],[174.782653283167,-36.866119615646],[174.782695117248,-36.8661487989188],[174.782532267238,-36.8661893985384],[174.782398917221,-36.866263049208],[174.782196416604,-36.8664611159842],[174.782141900644,-36.8666082157465],[174.782088800356,-36.8666827489993],[174.781974650305,-36.8667723164237],[174.781853233799,-36.8668402821345],[174.781882599965,-36.8669127159841],[174.781894299938,-36.8670197152555],[174.781818614783,-36.8671672990848],[174.781811802065,-36.8673244903833],[174.781767592681,-36.8674655379435],[174.781713357295,-36.8675712203328],[174.781794386529,-36.8677763850415],[174.781741887879,-36.8678593357437],[174.781726404849,-36.8679260363291],[174.781769770401,-36.8679716193597],[174.781910717162,-36.8680058350582],[174.781939368215,-36.8680882186739],[174.78200666897,-36.8681977352161],[174.781993209398,-36.868344620218],[174.782044171914,-36.8685008575503],[174.782067559089,-36.8685256090928],[174.782150071194,-36.8685348450758],[174.782250166444,-36.8685839989798],[174.782351315988,-36.8687887821219],[174.782353849917,-36.8687973158509],[174.782326999877,-36.8688682655783],[174.782401916993,-36.8690866485929],[174.782454883768,-36.8691116485436],[174.782466016219,-36.8691514992121],[174.782525499839,-36.8692231817911],[174.782517034029,-36.8692862989158],[174.782553866644,-36.8693728824351],[174.782540682727,-36.8694586993752],[174.782566483998,-36.8695846494448],[174.782676466716,-36.8696912988887],[174.782712799882,-36.86985966567],[174.782785433284,-36.8699729486147],[174.782943416093,-36.8703570489201],[174.78295663338,-36.8704403317302],[174.782936050143,-36.8705576155265],[174.782805550248,-36.8707286992638],[174.78279926697,-36.8708080987877],[174.782824067244,-36.8708524321868],[174.782945533232,-36.8709364485516],[174.78294918369,-36.8709668491254],[174.78168408336,-36.8719111986428],[174.781544099362,-36.8717928319178],[174.781346166924,-36.8719583652359],[174.78112631721,-36.8717707485189],[174.78100485032,-36.8718610655828],[174.781060483524,-36.8719099990828],[174.781353733383,-36.8721584491798],[174.780762684042,-36.872604282268],[174.781412616606,-36.8729893988345],[174.780386017301,-36.8739610817155],[174.779837740605,-36.8743892817993],[174.779513767016,-36.874551449022],[174.77849648402,-36.8749557319353],[174.777370767233,-36.8754163154138],[174.777138633587,-36.8754407151973],[174.777011866835,-36.8754577988785],[174.776364683673,-36.8753441656295],[174.776485650514,-36.8748976323637],[174.776261215976,-36.8748576317517],[174.776182816522,-36.8747634988836],[174.776300916645,-36.8743162154427],[174.776344233476,-36.8743237321496],[174.776440167508,-36.8739700488024],[174.776523515665,-36.8739833772234],[174.7766577838,-36.873451449296],[174.776151983767,-36.8733651822978],[174.775304650271,-36.8730283662125],[174.774650700417,-36.8727086329337],[174.774210543863,-36.8724369691458],[174.774241312981,-36.8723140157202],[174.773898979183,-36.872085904622],[174.773471100292,-36.8717626872907],[174.773063523394,-36.871415812559],[174.772785158641,-36.871129070315],[174.771995462718,-36.8703530092105],[174.771723578652,-36.8701119413131],[174.771449381361,-36.8698725712736],[174.770904966442,-36.869426499248],[174.770253549932,-36.868953815922],[174.7688769662,-36.8679673326156],[174.768525766884,-36.8676622159381],[174.768005016186,-36.8670801322115],[174.767749981143,-36.8666103842877],[174.767688050206,-36.8664963151476],[174.767604566764,-36.8662791934793],[174.767559083039,-36.8661608992588],[174.766077049563,-36.8665178907534],[174.765221210482,-36.8667749677556],[174.764263234743,-36.867071639666],[174.763882899684,-36.8672080026792],[174.763734231647,-36.8672356950411],[174.763514252484,-36.8672133061737],[174.763266666473,-36.8672108992372],[174.761738516449,-36.8671881988863],[174.76181260182,-36.8668827683273],[174.761630549807,-36.8664661322691],[174.760424850125,-36.8670220658165],[174.759372834084,-36.8674875820343],[174.759403266675,-36.8675605656261],[174.759313845266,-36.868031179325],[174.758637011699,-36.8679146099985],[174.756447099788,-36.8689173159988],[174.755171350227,-36.869504566188],[174.755084972485,-36.8693794080061],[174.754892838295,-36.8694751609149],[174.754975583719,-36.8695946484568],[174.754800299594,-36.8696752819733],[174.754142483754,-36.8691553822517],[174.753908349091,-36.869199199004],[174.753203166756,-36.8693382984482],[174.753644950405,-36.8681394490951],[174.753835983628,-36.8675854487775],[174.754166049837,-36.8665496716144],[174.754610745201,-36.8650311418312],[174.75484998091,-36.86420079247],[174.755005516377,-36.86367564905],[174.755138383881,-36.8631371659442],[174.755313699996,-36.8627487819987],[174.754986015938,-36.8626400492128],[174.754712782762,-36.8624790320545],[174.754665916283,-36.8624417829433],[174.754195583058,-36.8628192321515],[174.753149971835,-36.8635782342161],[174.752117277035,-36.8643476140159],[174.75108208375,-36.865114832484],[174.750425955504,-36.8656103878395],[174.749813800374,-36.8660498170172],[174.749649380434,-36.8661645142112],[174.748632441644,-36.8669737898164],[174.748427324218,-36.8671204573699],[174.747454734,-36.8677463318613],[174.746683683546,-36.8681679819192],[174.7460767838,-36.868406581816],[174.745882750728,-36.8684730319262],[174.745217700203,-36.8686483990074],[174.744765600165,-36.8687548490843],[174.744375149814,-36.8688240988311],[174.743805666514,-36.8688815156029],[174.743474184044,-36.8689054327079],[174.742757200219,-36.8689101663845],[174.741468160736,-36.8688098282864],[174.737967533199,-36.8684928996089],[174.737817817164,-36.868476665915],[174.736631549812,-36.8683782322321],[174.735609000414,-36.8682663664418],[174.735069966693,-36.8682129825951],[174.734185400279,-36.8681536488897],[174.733886016963,-36.868140682471],[174.733457533774,-36.868150698429],[174.733016783674,-36.868152982444],[174.732274333247,-36.8681943322153],[174.731231250203,-36.86832749859],[174.730546117096,-36.8684400822368],[174.729198067022,-36.8686838652353],[174.728590182997,-36.8687772657349],[174.727536716339,-36.8688487824448],[174.727088816923,-36.8688536659073],[174.725838999745,-36.868799516384],[174.725903250307,-36.8681948489256],[174.725528516894,-36.8681852489138],[174.719018833942,-36.8679710158507],[174.719045332574,-36.865942415328],[174.719089200253,-36.8640073320316],[174.719020349991,-36.8638467820315],[174.718535633931,-36.8644269152024],[174.718497033915,-36.8644283657977],[174.718269299267,-36.8642987823291],[174.718186850082,-36.8641504488742],[174.718065166028,-36.8639963822216],[174.717984399443,-36.863848915717],[174.71793635031,-36.8638075489515],[174.717882083157,-36.8638138155231],[174.717822349903,-36.8638574652282],[174.717563167283,-36.8639379157964],[174.717381633537,-36.8639563817657],[174.717193166677,-36.8639571324856],[174.717146100585,-36.8639722991348],[174.717026799632,-36.8640537654661],[174.716985349856,-36.8641078153204],[174.717016483888,-36.8641790659624],[174.717017367534,-36.864260899304],[174.716962782802,-36.864426065287],[174.716718333393,-36.8647829486361],[174.716663233214,-36.8647873158337],[174.716614117025,-36.8647580654672],[174.716470350411,-36.8647026984509],[174.71635110019,-36.8645892655468],[174.716333583647,-36.864549298558],[174.716338649174,-36.8644063822683],[174.716320016546,-36.8643603490923],[174.716285466667,-36.8643522988343],[174.716157283087,-36.8642459657873],[174.716054500596,-36.8642137821086],[174.715919199873,-36.8641419488742],[174.715833166773,-36.8641188989613],[174.715751150584,-36.8640769320512],[174.715651467374,-36.8639848825107],[174.71561261699,-36.8639446321476],[174.715564966714,-36.8638344658602],[174.715517100069,-36.8636382156898],[174.715314949506,-36.8634546321998],[174.71513071629,-36.8633921654617],[174.714885467205,-36.8633892325483],[174.714750466603,-36.8634518659581],[174.714639966785,-36.8635927821162],[174.714502432943,-36.8636697318843],[174.714352950003,-36.8636446327349],[174.714181884099,-36.8635508824946],[174.714050532607,-36.863515299187],[174.714033733722,-36.8634857987724],[174.71404580021,-36.8633596656042],[174.714088916285,-36.8632136820859],[174.714112916953,-36.8630185154376],[174.714098015919,-36.8629875986717],[174.714068099386,-36.8629508152939],[174.713945400728,-36.8628669659461],[174.713532799175,-36.8626810155945],[174.713323100276,-36.8626025320977],[174.713163182749,-36.8626200660976],[174.713050150169,-36.8626654652253],[174.712936299552,-36.8626847819587],[174.712627916769,-36.8629242152746],[174.712567166472,-36.8630132654034],[174.712219733067,-36.8628256158883],[174.712250716688,-36.8627781153524],[174.712286833168,-36.8626586825171],[174.712290716926,-36.8625085157185],[174.712170316814,-36.8622276151793],[174.71206555,-36.862100482219],[174.712008933384,-36.8620642659688],[174.71188961705,-36.862044565279],[174.711720017282,-36.8620548484468],[174.711554700013,-36.8621469321161],[174.711332767411,-36.86220281519],[174.711050682914,-36.8623882326712],[174.710965232755,-36.8624713489471],[174.710811567007,-36.862541832423],[174.71078386617,-36.8625461322872],[174.710888232956,-36.8624955321937],[174.710768066504,-36.8625375319344],[174.710892833613,-36.8624203988013],[174.710942300051,-36.8622726159488],[174.710917833533,-36.8621527821858],[174.710838900794,-36.8620345321123],[174.710840265924,-36.8620016825756],[174.710881067184,-36.8620559819494],[174.711058683457,-36.8619324488613],[174.711104800099,-36.8618727986297],[174.711081566815,-36.8618418653429],[174.711100999623,-36.8618054990544],[174.711210983848,-36.8617013821442],[174.711220333201,-36.861669032345],[174.711225250095,-36.8615719320787],[174.711203050076,-36.8614717485115],[174.711133016649,-36.8613648825088],[174.711116284104,-36.8612476991377],[174.711083933172,-36.8612373154292],[174.711075833808,-36.8612188317904],[174.711148199587,-36.8611379652423],[174.711148182782,-36.8611123653307],[174.7111193833,-36.8609607988469],[174.711066916859,-36.860885081974],[174.711028099933,-36.8607367991085],[174.710960183009,-36.8606796318139],[174.710624150699,-36.8605702163141],[174.710515417241,-36.8604903986138],[174.710492667312,-36.8603828488499],[174.710396016633,-36.8601555151261],[174.710327500584,-36.8600230157825],[174.710264817069,-36.8599849489811],[174.710253533367,-36.8598718990341],[174.710260833691,-36.8598465489347],[174.710243183056,-36.8597788825907],[174.710113016198,-36.8596712652488],[174.710006617377,-36.8596646653262],[174.709936249992,-36.8596792162037],[174.709072117383,-36.8587865011995],[174.708627667555,-36.8552967005978],[174.710028099977,-36.8428674157262],[174.710041115946,-36.8428624990512],[174.710527399974,-36.838928799073],[174.710593083619,-36.8372435320538],[174.710571966555,-36.836383315275],[174.710603050844,-36.835780432698],[174.710595100818,-36.8348339487164],[174.710628300636,-36.8343170986514],[174.710685482528,-36.8339869992835],[174.714598633492,-36.8337272322835],[174.735580016645,-36.8324831657444]]]},"properties":{"LocalBoardName":"Waitemat\u0101","LocalBoardCode":7610,"AreaSqkm":27.9297,"avg_crime":934,"avg_rent":709,"suburbs":["Auckland Central","Grafton","Parnell","Newmarket","Grey Lynn","Ponsonby","Arch Hill","Eden Terrace","Point Chevalier"]}},{"type":"Feature","geometry":{"type":"Polygon","coordinates":[[[174.863315850547,-36.9403981989002],[174.863418817079,-36.9405040660205],[174.863582249735,-36.9403782662727],[174.86385508282,-36.940586832531],[174.863907550195,-36.9410071985242],[174.864656782781,-36.9417747991542],[174.865360233732,-36.9415951159624],[174.866105883561,-36.9415425325966],[174.866457750744,-36.9415749154462],[174.867731650789,-36.9418580491786],[174.868783933901,-36.9423713651324],[174.868994599514,-36.942493349214],[174.869872633667,-36.9433006489391],[174.870244533518,-36.9438988158519],[174.87038221749,-36.944230782163],[174.870478400299,-36.9445626324205],[174.8705158333,-36.9447625820544],[174.870549433122,-36.9451416152149],[174.870645766453,-36.9455129153334],[174.870910649796,-36.9463448324306],[174.871561432655,-36.9463428652569],[174.871826117234,-36.9465315154755],[174.872159699711,-36.9461883988363],[174.872404500149,-36.9460844488137],[174.872637616583,-36.9458125321008],[174.872380600518,-36.9455454653616],[174.872410333977,-36.9450577492193],[174.872904449869,-36.9442686490247],[174.873645033667,-36.9438791660056],[174.874715300262,-36.9440255151951],[174.87516718411,-36.9444324984363],[174.875576916033,-36.9448295823755],[174.875897183774,-36.9459596505102],[174.87600916675,-36.945968050563],[174.876271250004,-36.9460409839762],[174.876476435162,-36.9461167350439],[174.876986384715,-36.946398701818],[174.877274401332,-36.9465884345584],[174.877661185095,-36.9467879683043],[174.878288651213,-36.9470502687571],[174.87860225053,-36.9471563190994],[174.878858501338,-36.9472122194112],[174.879304301163,-36.9472529356924],[174.87946196775,-36.9472829357588],[174.879636651336,-36.9473617193683],[174.879770784497,-36.9474574189391],[174.879895383826,-36.9475907523131],[174.879970051148,-36.9477237189734],[174.880008451208,-36.9479148701696],[174.880011767717,-36.9480827209276],[174.87983351854,-36.9487551764488],[174.879866302632,-36.948952896139],[174.879923801808,-36.9490488481436],[174.880058001968,-36.9491390491441],[174.880224902008,-36.949219864055],[174.88040228462,-36.9492828793642],[174.880605736274,-36.9493313650494],[174.881047336152,-36.9493818167486],[174.88140956903,-36.9493235606362],[174.881686084567,-36.9492353387129],[174.881876567966,-36.9492012879793],[174.882166169474,-36.9491918559302],[174.883474132977,-36.9492261154319],[174.883847383809,-36.9492766658317],[174.884443900259,-36.9492925984308],[174.884871216203,-36.9493202484433],[174.885030934115,-36.9493613658162],[174.88519753405,-36.949455015838],[174.8853448834,-36.9495839819871],[174.8853780496,-36.9496537153985],[174.885574633093,-36.9497697658378],[174.885687550617,-36.949877648689],[174.885974850394,-36.9500237484693],[174.885988166802,-36.9500284824259],[174.886214349775,-36.950063215481],[174.886385550487,-36.9501969829753],[174.886428016604,-36.9502053159086],[174.886584550083,-36.9501803821021],[174.886700033939,-36.950216731866],[174.886744117498,-36.9502128324874],[174.886857650022,-36.9501478820071],[174.886948316544,-36.9501580489349],[174.886988817462,-36.9500900157465],[174.887035583189,-36.9500606989407],[174.887102800477,-36.9500578990437],[174.887133233372,-36.9500880157787],[174.887227583684,-36.9502803993114],[174.887304150264,-36.9503456323469],[174.88755300059,-36.9504786990114],[174.887704217253,-36.9505289817649],[174.887752649882,-36.9505289317658],[174.887868000532,-36.9505078489916],[174.887941866022,-36.9504267990038],[174.888089255131,-36.950501422051],[174.888233433612,-36.9505799817792],[174.888474200697,-36.9505380651602],[174.888606767432,-36.9504886823585],[174.888687249367,-36.9505289660273],[174.88914468397,-36.9499349992305],[174.889817700775,-36.9501185159356],[174.890303149915,-36.9505706992936],[174.891018149797,-36.9506223490245],[174.891759199842,-36.9506098159261],[174.892267216943,-36.9487332820786],[174.892441549844,-36.9487823989943],[174.894299221386,-36.9491306613426],[174.894817300387,-36.9492191232127],[174.895071292485,-36.9492152258035],[174.899559133984,-36.9484719323765],[174.899811783235,-36.9495148157272],[174.899880966957,-36.9497423659847],[174.90009713373,-36.9502324655894],[174.900363582684,-36.9506649158953],[174.900780150025,-36.951227965854],[174.901943983663,-36.9525650490184],[174.902591565966,-36.9532964825355],[174.902805116788,-36.9534790984321],[174.903072399914,-36.9536467497283],[174.903313050742,-36.9537628154635],[174.903654217468,-36.9538940485496],[174.90386461739,-36.9539992489425],[174.904794183391,-36.9541831822505],[174.904961550048,-36.9541562991004],[174.904481984016,-36.9561222992069],[174.904324833612,-36.9565984319275],[174.904267116853,-36.9567007318056],[174.903462318589,-36.9588086164127],[174.903368231454,-36.9590904532967],[174.903046042595,-36.9602867129976],[174.901962800694,-36.9637275492283],[174.901749534025,-36.9645383163041],[174.90129828254,-36.9658810329508],[174.90077553368,-36.9677863995356],[174.899849324966,-36.9709842985535],[174.899411562909,-36.9724791606533],[174.899171645063,-36.9732183048513],[174.89890403335,-36.9739314490293],[174.898390482687,-36.9759836821059],[174.897748250141,-36.9781633487024],[174.897904267529,-36.978247232525],[174.898355533099,-36.9785112990728],[174.89875304986,-36.978752315686],[174.900445252181,-36.9797542100825],[174.902135483722,-36.980758265609],[174.90172668134,-36.982225238864],[174.901311717066,-36.9836910995103],[174.901025773908,-36.9844650676288],[174.900950772687,-36.9845437931704],[174.900809461036,-36.9845756060141],[174.900248135495,-36.9845740321915],[174.899865361394,-36.9846259570264],[174.899712822902,-36.9846620979205],[174.899585883415,-36.984680448956],[174.89923669987,-36.9848358819031],[174.898794335028,-36.9850754679564],[174.898353600512,-36.9853169817126],[174.897787000217,-36.9854931491016],[174.897395800541,-36.9855745320208],[174.896387949977,-36.9858048320993],[174.896502150995,-36.9861845377628],[174.896619549664,-36.9865636153924],[174.8966957499,-36.9869326825419],[174.896687633198,-36.9872752153225],[174.896679500182,-36.9874255986465],[174.896613183504,-36.9877241485408],[174.89656921693,-36.9878182491827],[174.896426700127,-36.988171582356],[174.896198767265,-36.9887053321257],[174.896080133337,-36.9892446988058],[174.896107782918,-36.9897030655957],[174.896242482938,-36.9900951323168],[174.894286549548,-36.9904768317251],[174.893970129808,-36.9905534425225],[174.891971249988,-36.9910281824547],[174.887803983039,-36.9920688825736],[174.888152117083,-36.9927158653742],[174.889262150306,-36.9948670157439],[174.889985200651,-36.9963097985358],[174.889436567009,-36.9961370818833],[174.888917167213,-36.9960031158798],[174.888339966176,-36.9958956158831],[174.88705274966,-36.9957751820381],[174.885610500826,-36.9957249157954],[174.885537900746,-36.99575612445],[174.882949717463,-36.9958968893906],[174.880982669579,-36.9958942129271],[174.878601166686,-36.995974949484],[174.87796956678,-36.9960254978545],[174.87698219981,-36.9960834825611],[174.874995534116,-36.9962952988795],[174.874648483677,-36.996334798529],[174.871006396034,-36.9968789555653],[174.867352007723,-36.9972989555633],[174.861304441322,-36.9977852841275],[174.860783183822,-36.99783853222],[174.858116883122,-36.9980818159819],[174.857110467049,-36.9981332317953],[174.856304617463,-36.9981471156568],[174.855646517076,-36.9981328988489],[174.854563366681,-36.99809188189],[174.853664649327,-36.9980248328253],[174.852968466682,-36.9979485323078],[174.852353450067,-36.9978368820476],[174.8514907168,-36.9976407825382],[174.851142057104,-36.9975382293507],[174.85079489964,-36.9974324491407],[174.850707066525,-36.9979872159228],[174.849972749975,-36.997742565824],[174.849407949521,-36.997624565216],[174.849121800357,-36.9975827152601],[174.848860449934,-36.997589981923],[174.848714566338,-36.9976281992111],[174.84856859978,-36.9976939491141],[174.848417217153,-36.9977911822416],[174.848294033142,-36.9979076155566],[174.848073300179,-36.9981825325883],[174.848053550124,-36.99831009924],[174.848001300598,-36.9983072987188],[174.847913100015,-36.9983413485111],[174.848003333207,-36.9987511491708],[174.848135733457,-36.9988572319956],[174.84794443346,-36.9990525487967],[174.848072733197,-36.999259798485],[174.848007150587,-36.9993525491877],[174.847795033371,-36.9992548992168],[174.847610416981,-36.999219949496],[174.847538049751,-36.9992514991985],[174.847589832995,-36.9993538652761],[174.847716383211,-36.9994577485059],[174.84784635004,-36.9995852657859],[174.847866667282,-36.9996236652706],[174.847831499885,-36.9996554992916],[174.847729799162,-36.9996406989442],[174.847439349479,-36.9995396488744],[174.847245183037,-36.9994334155431],[174.847157200136,-36.9994301822017],[174.847177216458,-36.9994934987786],[174.847332033217,-36.9996061817428],[174.847449449769,-36.9997193485632],[174.847437284133,-36.9998955985868],[174.847408100761,-37.0000031820709],[174.847508683267,-37.0001646319429],[174.847569333062,-37.0002325325642],[174.847432200495,-37.0003647487596],[174.847149016371,-37.0003569320427],[174.846990667402,-37.0004151990356],[174.84674335023,-37.0008785818019],[174.846745849909,-37.0009158986996],[174.847003300125,-37.0009557656191],[174.847055583635,-37.0010031323292],[174.847083834102,-37.0011205986684],[174.847082066964,-37.0013026155941],[174.846989667187,-37.0014804317572],[174.846983100766,-37.0015711654461],[174.84701051751,-37.0016635990985],[174.847000166705,-37.001739582229],[174.846911599885,-37.0017629492489],[174.846700783964,-37.0015383489278],[174.846636733682,-37.0015539325976],[174.846568733195,-37.0016970656609],[174.846755983445,-37.0019525820739],[174.846936133611,-37.0020843656549],[174.846970466567,-37.0021733324616],[174.846955100471,-37.0022459326113],[174.846676600808,-37.0023205489743],[174.84662338296,-37.0023057989287],[174.846456483371,-37.0021879151198],[174.845920950557,-37.0025633152487],[174.845991732549,-37.0026502984349],[174.845837184054,-37.0027422490454],[174.845749450122,-37.0028212655113],[174.845697666916,-37.0028399656796],[174.845608345022,-37.0028472334277],[174.845555807889,-37.002818256817],[174.845532651559,-37.0027827114021],[174.845531617504,-37.0027348795078],[174.845493517675,-37.0026995376696],[174.845380807359,-37.002665229138],[174.845305849801,-37.0026601821456],[174.845231834018,-37.0026851657147],[174.84518125022,-37.002757665281],[174.845183649988,-37.0028652996625],[174.845207083214,-37.0029128156792],[174.84525261645,-37.0029480492189],[174.845386817461,-37.0029461153415],[174.845521417266,-37.0029621157348],[174.84558158363,-37.0029851818583],[174.845700199314,-37.0029535655674],[174.845717117295,-37.0030430487884],[174.845682116932,-37.0031452324311],[174.845581483309,-37.0033141651705],[174.845590150479,-37.0033678657499],[174.845635419575,-37.0033911347157],[174.8456587168,-37.0034326824561],[174.845663000825,-37.0036240158147],[174.845747550736,-37.003736448931],[174.845786566852,-37.0038136486881],[174.845795616229,-37.0038852821197],[174.845731199851,-37.0040058486651],[174.845664766573,-37.0040366992758],[174.845486783314,-37.0040811317589],[174.845396916502,-37.0040644825027],[174.845237809118,-37.0039531392438],[174.845185236969,-37.0039359422775],[174.84513318606,-37.0039426760397],[174.845104300715,-37.0039849587359],[174.845112950022,-37.0040386740466],[174.845196963671,-37.0041271725285],[174.845192576225,-37.0042648044605],[174.845216142203,-37.0043183031098],[174.845277789526,-37.0044071367327],[174.845384166864,-37.0044953323349],[174.845386850369,-37.0046149154705],[174.845365550903,-37.0046630667611],[174.84527795,-37.0047480655319],[174.845256517372,-37.0047902485816],[174.845257733138,-37.0048440659579],[174.845303799764,-37.0049032155911],[174.845379416531,-37.0049499821598],[174.845410450044,-37.0050033655202],[174.845419366229,-37.0050690325522],[174.845405266194,-37.0051051159668],[174.845227533678,-37.0051615154141],[174.844922533931,-37.0051957987692],[174.844833599963,-37.0052209987511],[174.844782883467,-37.0052875317174],[174.844769033029,-37.0053355824082],[174.844823899906,-37.0054544154942],[174.844850133093,-37.0056274984995],[174.844570700177,-37.0058025658944],[174.844529300424,-37.005814265892],[174.84452063327,-37.0058393651763],[174.844532049986,-37.005871115779],[174.844590400627,-37.0059115491419],[174.844667516117,-37.005921215571],[174.844837467067,-37.0058519320002],[174.844929850782,-37.0057799651601],[174.84511373382,-37.005672498592],[174.845212033928,-37.0056478485518],[174.84529188395,-37.0056696659032],[174.845316600389,-37.0056898494481],[174.845301383822,-37.0057877324572],[174.84528376604,-37.0058279985744],[174.845201800331,-37.0058853655521],[174.845147833631,-37.0059534318733],[174.845134716307,-37.0059831322019],[174.845146017505,-37.0060752156677],[174.845133465892,-37.0061307324946],[174.845104266114,-37.0061548820714],[174.845057333879,-37.006170681831],[174.845018533499,-37.0061643486853],[174.844915467203,-37.0060841491325],[174.844812584057,-37.0060579154092],[174.844617033104,-37.0060792658802],[174.844512099887,-37.0061176986676],[174.844471533259,-37.0061551821519],[174.844477733132,-37.0062251988483],[174.844510516501,-37.0062505487595],[174.844742566778,-37.0063393986429],[174.844752449887,-37.0064130489271],[174.844746433605,-37.0064359988412],[174.844714033517,-37.0064558492501],[174.84456334993,-37.0064793159572],[174.844251616729,-37.0064613487049],[174.844098533441,-37.0064760652301],[174.844018233887,-37.0065089664259],[174.843984833195,-37.0065780654676],[174.843967050288,-37.0067471152514],[174.843826250713,-37.0068161491857],[174.843788167445,-37.0068729991007],[174.84379375007,-37.0070617823176],[174.843827567068,-37.0071313491464],[174.843874833395,-37.0071859488702],[174.843926100527,-37.0072146818312],[174.843989333825,-37.0073217159588],[174.844132066613,-37.0073701819754],[174.844307100392,-37.0073822987459],[174.84436436704,-37.0074246156655],[174.844385417195,-37.0074718822281],[174.844383633348,-37.0075195325818],[174.844372350487,-37.0075533151934],[174.844328482515,-37.0075931320711],[174.844198715936,-37.0076374819681],[174.844062316438,-37.0076330990234],[174.84402306706,-37.0076172817234],[174.843894050364,-37.0074894158476],[174.843827049515,-37.0074606488759],[174.843776484029,-37.0074773824772],[174.843752633321,-37.0075254153947],[174.843765849988,-37.0075642656697],[174.843919149953,-37.0076752152252],[174.844051067132,-37.0077401325175],[174.844286950416,-37.007820982192],[174.844318350164,-37.0078564825942],[174.844313499265,-37.0078748825724],[174.844202216974,-37.0079274490287],[174.844133550592,-37.0079792989395],[174.844084699462,-37.0080974495955],[174.843999683607,-37.0081982991964],[174.843763217542,-37.0083124992394],[174.843736333484,-37.0083423989237],[174.84372466649,-37.0084375154162],[174.843666350846,-37.0085062822763],[174.843345016683,-37.0086624322773],[174.843283550081,-37.0086988989172],[174.84327238315,-37.0087369491399],[174.8433067002,-37.0087681151401],[174.84336301735,-37.008767149153],[174.843776866432,-37.0086995322265],[174.844101566627,-37.0087118154911],[174.844219500637,-37.0088526817267],[174.844229699753,-37.0089501992627],[174.844213249976,-37.0090188492008],[174.844167783261,-37.0090843485159],[174.844110883252,-37.0091207319835],[174.844042666673,-37.0091316652108],[174.843933299922,-37.0090954990487],[174.843731916556,-37.0089399319435],[174.843617349595,-37.0089410993182],[174.843576866473,-37.0089649984347],[174.843562683464,-37.009004315923],[174.843564849912,-37.0090860817267],[174.843599699574,-37.0091789152347],[174.843555749975,-37.0092150818863],[174.843424417353,-37.0091727319632],[174.843410249976,-37.0091476153011],[174.843406283702,-37.0089780319877],[174.843359034121,-37.0089234156174],[174.843264833159,-37.0089257155441],[174.843181966502,-37.0089881821576],[174.843178632722,-37.0090346488116],[174.84325885036,-37.009159681825],[174.843220283355,-37.0092832496762],[174.843235550112,-37.0093556492312],[174.843216066461,-37.009424782406],[174.843125517513,-37.0095187484052],[174.843070116931,-37.0095427492983],[174.842986000584,-37.0095527157444],[174.84293891637,-37.0095991823846],[174.843050832984,-37.0096475658887],[174.843233799823,-37.0096791825079],[174.843274766513,-37.0097105489445],[174.843247149871,-37.0097610485684],[174.843244549869,-37.0098518492647],[174.843144550031,-37.0098684492814],[174.843058650224,-37.0098223656646],[174.84287995019,-37.0098969318585],[174.842816899804,-37.0098840156483],[174.842744050099,-37.0097801992662],[174.842761183454,-37.0097652985582],[174.842775600623,-37.009693165265],[174.842676166512,-37.0096774323476],[174.842646816493,-37.0096886985088],[174.842625799735,-37.0097376984593],[174.842630700623,-37.0098180157691],[174.842702233654,-37.0098836487617],[174.842806900135,-37.0099285317333],[174.842882500418,-37.0100067153007],[174.842889383754,-37.0100885989252],[174.842962283566,-37.0102676658577],[174.842913483751,-37.0102948160832],[174.842840883465,-37.0103016824054],[174.842657333539,-37.0102337820292],[174.842560983557,-37.0102266492137],[174.842489033881,-37.0102886655058],[174.842487833827,-37.0103516984631],[174.842460533517,-37.0103692491437],[174.842389066789,-37.0103552484399],[174.842327966446,-37.0104821825998],[174.842227767384,-37.0105154321785],[174.842151566726,-37.0105009658526],[174.841957882547,-37.0103984157778],[174.841899083411,-37.0104061659631],[174.841863300459,-37.0104315652283],[174.841850483405,-37.0104790488296],[174.841872950097,-37.0105822319596],[174.841996600516,-37.0106950322126],[174.842043650258,-37.0107753486155],[174.842092967234,-37.0109411489726],[174.842054167262,-37.011065698886],[174.841996317236,-37.0111071993347],[174.841762483907,-37.0111878321114],[174.841456533566,-37.0113237823535],[174.841354499883,-37.0113295985099],[174.84122693392,-37.0112822485466],[174.841159783619,-37.0112923821541],[174.840934933234,-37.0113929497365],[174.840883466051,-37.011344398773],[174.840862566455,-37.0111693989329],[174.840894750816,-37.0111148154355],[174.841027966522,-37.0110540657654],[174.841063133331,-37.0110195496235],[174.841063500724,-37.0109361653496],[174.841048117343,-37.0108935655985],[174.841006449809,-37.0108582489043],[174.840916550166,-37.0108419321493],[174.840821233584,-37.0108480320819],[174.840692817231,-37.010877198993],[174.840621649519,-37.0109414823588],[174.840556866216,-37.0110326825695],[174.840490733523,-37.0110788488891],[174.840378766429,-37.0110986651531],[174.840301500162,-37.011136115328],[174.840253783402,-37.0112315824538],[174.840255866632,-37.0113167484705],[174.840234083222,-37.0113570153698],[174.840161016631,-37.0113667823114],[174.840001533193,-37.0112885153238],[174.839894717138,-37.0112857986632],[174.839799483865,-37.011296965469],[174.839705367193,-37.0113481989407],[174.839651500733,-37.011434531752],[174.839620616633,-37.011542949063],[174.839617083214,-37.0116197325527],[174.839670466778,-37.0117268153091],[174.839695900112,-37.0118392652194],[174.839675516683,-37.0119160323775],[174.839565150063,-37.0119900324872],[174.839575349973,-37.012165515728],[174.839554366802,-37.0122199324133],[174.839444016827,-37.012293899708],[174.839411633337,-37.0123440153993],[174.83940795085,-37.0124161161674],[174.839513033486,-37.0125674657481],[174.83951456733,-37.0126260984517],[174.839487683184,-37.0126716484752],[174.839448617537,-37.012681332171],[174.839255716743,-37.0125766321859],[174.839159500451,-37.0125420991861],[174.839058883984,-37.0125483159357],[174.838986550739,-37.0125765323752],[174.838921434032,-37.0126586985192],[174.838890183114,-37.0127626823615],[174.838904333586,-37.0128570323064],[174.839076016283,-37.0132053321809],[174.838967466156,-37.0133782991946],[174.838974416982,-37.013427698721],[174.839031767329,-37.0134717825323],[174.839116383361,-37.0134838824223],[174.839279000461,-37.0134676318422],[174.83935260049,-37.0134887153686],[174.839410149445,-37.0135416323762],[174.839446466009,-37.0136355664692],[174.839462734015,-37.0140225484667],[174.839426717522,-37.0141626488724],[174.839330182967,-37.0143353325671],[174.839259167104,-37.0144266990015],[174.839192899326,-37.0144685323032],[174.839159115875,-37.0144645323302],[174.839102300468,-37.0144384322913],[174.839050550693,-37.0143899489386],[174.839019550783,-37.0142779817949],[174.83900378334,-37.0141071490936],[174.83902058325,-37.0138952327108],[174.838950784103,-37.013801965286],[174.83888906601,-37.0137987821745],[174.838822383283,-37.013822499021],[174.838767450691,-37.0138726323392],[174.838746984076,-37.0139451662572],[174.838788033374,-37.014227848445],[174.83876656642,-37.0142685319852],[174.83872248355,-37.0143007818428],[174.838638816935,-37.0143202318141],[174.838463967216,-37.0142828492516],[174.838383700692,-37.0142210985365],[174.838296383361,-37.014105499071],[174.838178284077,-37.01408993178],[174.838140100155,-37.0141309318987],[174.83809578369,-37.0145772821183],[174.838151099278,-37.0147564324212],[174.838267034129,-37.0148939987872],[174.838338200563,-37.0150412484123],[174.83830348405,-37.0152217819212],[174.838270767289,-37.0152583323152],[174.838164500774,-37.0152736156607],[174.837585400316,-37.0152339824451],[174.837297850047,-37.0151848654977],[174.837185417063,-37.0151777322937],[174.83714660059,-37.0151963821456],[174.837138366242,-37.015295699039],[174.837271734039,-37.0156714817644],[174.837310867065,-37.0158823325233],[174.837346400038,-37.0159312318118],[174.837380149772,-37.0159486488433],[174.837458634088,-37.0159563319765],[174.837860317131,-37.0158549992052],[174.838134650357,-37.0158323317559],[174.838454633748,-37.0158179324454],[174.838634783885,-37.0158328658762],[174.838725716507,-37.0158763320077],[174.838766117273,-37.0159296655803],[174.83876118406,-37.0159702325644],[174.838719299731,-37.0160924821742],[174.838580283476,-37.0163559485026],[174.838536333263,-37.0164983653639],[174.838553433151,-37.0167187162124],[174.838477632713,-37.0169293827275],[174.838448231121,-37.0171133174397],[174.83844884755,-37.0171656677793],[174.838514263203,-37.0173036011487],[174.838679030556,-37.0173993519007],[174.839335278174,-37.0175539688553],[174.839586158658,-37.0178486041089],[174.839986835119,-37.0180336920576],[174.84022827676,-37.0181685481286],[174.84038477804,-37.0183102968973],[174.840465793466,-37.0184092199226],[174.840554764118,-37.0184828170092],[174.840629263503,-37.0185217172504],[174.840712930813,-37.0185336179317],[174.840752913381,-37.0185302350537],[174.840959546918,-37.0183739338765],[174.841039597893,-37.0183618840268],[174.841231965189,-37.0184255992731],[174.841263283155,-37.0184706654726],[174.841267917025,-37.0185214995975],[174.841220948712,-37.0186483327687],[174.841230182379,-37.0187473327659],[174.841403600581,-37.0189803321901],[174.84148803382,-37.0191690657303],[174.841748167501,-37.0194132323621],[174.842147966501,-37.0196098325557],[174.842798932736,-37.019711749258],[174.843475683204,-37.0197228151946],[174.84639904988,-37.0194243153532],[174.846654416636,-37.0194877496118],[174.846915767441,-37.0197770990497],[174.847095016178,-37.0201582492671],[174.847133984123,-37.0205643991908],[174.847752050096,-37.0215482825438],[174.848042783093,-37.0218823155194],[174.848186066647,-37.0219702656998],[174.848496566586,-37.0219875659318],[174.849999916448,-37.0212838151641],[174.850140183687,-37.0212588155659],[174.850226499897,-37.0213251487057],[174.850459100203,-37.0215923822456],[174.851855867311,-37.0221786820463],[174.852799449787,-37.0226823329987],[174.853556733286,-37.0232139986112],[174.853698917215,-37.0236985322381],[174.854652216458,-37.0256105986215],[174.854691866781,-37.0257659320524],[174.854437133797,-37.027531182037],[174.853862117312,-37.0286920988882],[174.852924250395,-37.0303030657332],[174.851703283345,-37.0318208323426],[174.849791966456,-37.0339239991875],[174.848656866594,-37.0354787492419],[174.84754986702,-37.0370466822936],[174.84646523368,-37.0386250988227],[174.845397200712,-37.0402112986842],[174.841898283238,-37.0454973658376],[174.826172117175,-37.0395194324328],[174.827084849359,-37.0386793319565],[174.828711516958,-37.0365527324985],[174.829487233889,-37.0340657157419],[174.82978579934,-37.0312119486003],[174.829338866481,-37.0284458321058],[174.828216183233,-37.0248665322251],[174.825881050799,-37.0213827484566],[174.820960733603,-37.0155437821336],[174.816104067345,-37.0121024159268],[174.813616417054,-37.0098953825687],[174.810401733144,-37.00507354925],[174.809437916947,-37.0039431986909],[174.808836650686,-37.0033828155819],[174.807557900386,-37.0019228496884],[174.80746398397,-37.0017132493396],[174.807388866625,-37.0014530654086],[174.807415234044,-37.0011910661355],[174.807321733519,-36.9998748659244],[174.807633166846,-36.9989621484405],[174.808902316475,-36.9974299488289],[174.81032734934,-36.9963637657668],[174.812322450793,-36.9954670324791],[174.814540397857,-36.9949341628632],[174.81665323041,-36.9943573456741],[174.818355316978,-36.9935719486775],[174.819448849799,-36.9924050654975],[174.819679550432,-36.9925050489371],[174.820192466874,-36.9926565319738],[174.820443315968,-36.9926916660196],[174.820671633332,-36.992675399698],[174.820908217199,-36.9926036318577],[174.821307783048,-36.9924292159529],[174.821772333363,-36.9921723490623],[174.822244233368,-36.9918785153592],[174.822496233352,-36.9917551325779],[174.822665500371,-36.991700699025],[174.822879483104,-36.9916594658555],[174.823053849985,-36.991646881788],[174.823223933498,-36.991657682152],[174.823391300463,-36.9917025153854],[174.823555017465,-36.9917883486001],[174.824109166807,-36.9922363488618],[174.824521300419,-36.9924335817475],[174.824895882987,-36.9925668158019],[174.82536663287,-36.9926872660148],[174.825866966137,-36.9927689991692],[174.826161950015,-36.9927952156769],[174.826690849937,-36.9927443655081],[174.826805466513,-36.9927568320022],[174.826905117086,-36.9927924817163],[174.827033166684,-36.9928874495884],[174.827106432506,-36.9930116658188],[174.827175383543,-36.9932785655323],[174.827180416537,-36.9937046817859],[174.827219133233,-36.9938068654367],[174.827332482821,-36.9939675489369],[174.827991067511,-36.9939895158655],[174.828535116816,-36.9938824658136],[174.828995840276,-36.9938225935253],[174.829239746594,-36.9937752517146],[174.829495620223,-36.9936806266358],[174.82975712666,-36.9935055681452],[174.829985500988,-36.9932881119816],[174.830445628003,-36.9927729129006],[174.830859290224,-36.9922344620623],[174.830889382877,-36.9921117721123],[174.830893189881,-36.9917724165527],[174.830916903041,-36.9917130126822],[174.831008941383,-36.9916155781021],[174.83119433746,-36.9914916850391],[174.831446793488,-36.9913764621263],[174.831622803435,-36.9913219235183],[174.832267475737,-36.9911667847286],[174.832413229154,-36.9910804504167],[174.832525360674,-36.9909632648312],[174.832586949983,-36.9908265575243],[174.832566661404,-36.9905863429471],[174.832586029479,-36.9904656694939],[174.832652177879,-36.9903468937289],[174.832809536338,-36.9901531817013],[174.832853301981,-36.9900270470662],[174.832844381157,-36.9899369063282],[174.832810141076,-36.9898715156032],[174.832534715824,-36.9896731370145],[174.83247497154,-36.9895923273328],[174.832438140218,-36.9895048987649],[174.832425638553,-36.9894040119015],[174.832447264599,-36.9893179700079],[174.832479575513,-36.9892614128158],[174.832586884526,-36.9891636700238],[174.832759316807,-36.9890417197097],[174.833144893651,-36.9888480948937],[174.833271058539,-36.9888095272584],[174.83362832586,-36.9888058931114],[174.833911754615,-36.9888739540087],[174.834130673333,-36.9889066747219],[174.834399190061,-36.9888681066965],[174.83477378741,-36.9887184214686],[174.834909886351,-36.988711251779],[174.835199186323,-36.9887719181501],[174.835371151069,-36.9887471331708],[174.835524469454,-36.9885890523305],[174.835762901769,-36.9884441000687],[174.83583775172,-36.9884112501067],[174.835951734002,-36.9884846168443],[174.835999734777,-36.9884667996963],[174.836060750563,-36.9884048988021],[174.836089400279,-36.9883073657985],[174.836178666448,-36.9881616659536],[174.836259330035,-36.9879198827858],[174.836315749925,-36.9878059324848],[174.833466433278,-36.9853886487828],[174.829567766588,-36.9820051823611],[174.82946703216,-36.9819280943773],[174.827730399917,-36.9804633322082],[174.827343200738,-36.9801557818516],[174.826702933526,-36.979666032163],[174.825278817369,-36.9786471659813],[174.824635217012,-36.9782120155012],[174.823789116406,-36.977667349018],[174.823588667146,-36.9771512323433],[174.823382934131,-36.9766793655789],[174.823287250737,-36.9762727326024],[174.823262033435,-36.976139065876],[174.823337217368,-36.9759491322615],[174.823629966113,-36.9761918988489],[174.824040933334,-36.9766194822416],[174.824295283607,-36.9763522156408],[174.824360817167,-36.9764011657404],[174.824777999969,-36.9766565657329],[174.824972433287,-36.9768577321541],[174.825205766491,-36.9766123652815],[174.824903983084,-36.9764276152882],[174.82517639946,-36.9761411656873],[174.825625417503,-36.9764160490535],[174.826013299427,-36.9760081830629],[174.825619083382,-36.9756756651865],[174.825847467026,-36.975435515232],[174.825945233256,-36.9754550155301],[174.826397750517,-36.9754548993528],[174.827254333518,-36.9747171491971],[174.827126716968,-36.9746276651132],[174.827637617152,-36.9738810158833],[174.828457100732,-36.9742266153068],[174.829403533102,-36.9746415655373],[174.829719949968,-36.9747952317658],[174.829984700263,-36.9745584989862],[174.830107983396,-36.9745362985999],[174.83049115041,-36.9740785660071],[174.830421833137,-36.9740480158813],[174.830814684,-36.9734742152354],[174.831545100463,-36.9733769820069],[174.831999466506,-36.9731980819166],[174.832192383305,-36.9730676819667],[174.832490066435,-36.9727617656639],[174.832738366945,-36.9723667821655],[174.832251766217,-36.9721798318135],[174.830406717197,-36.971465148799],[174.829906683142,-36.9712664821875],[174.827549333257,-36.9703560485271],[174.825663300632,-36.9696191658625],[174.82751746723,-36.9679613155794],[174.828131867367,-36.9681944156904],[174.82814040043,-36.9681789492126],[174.829260649813,-36.9686651652757],[174.830897133254,-36.9670495654656],[174.832259916035,-36.9675953323194],[174.833249116524,-36.9679705936325],[174.833958372784,-36.9681617678016],[174.834341657791,-36.9682450630282],[174.834583681301,-36.9684485302899],[174.834690338559,-36.9685731862208],[174.834719567197,-36.9684678155198],[174.837199917139,-36.9644259817437],[174.838075734115,-36.9646976488543],[174.83915671726,-36.9637075320198],[174.839391683473,-36.9636098485172],[174.838664167481,-36.9625035989029],[174.838218347823,-36.961842449575],[174.837182347008,-36.9602755804734],[174.837272150227,-36.9602170910762],[174.839680417117,-36.9583639161746],[174.841509483551,-36.9557396156155],[174.841486999504,-36.9555374324962],[174.842201783258,-36.955360798775],[174.84220466637,-36.9553751156578],[174.842244200307,-36.9553338823821],[174.842274416751,-36.9552316662064],[174.84231716675,-36.9551884154163],[174.842410633255,-36.9551460323167],[174.842598933392,-36.9551297990358],[174.842673482764,-36.9551487494118],[174.842740883537,-36.9552935988432],[174.842870484126,-36.955355415722],[174.843128116803,-36.9554026829809],[174.843359749441,-36.9556094993561],[174.843410200491,-36.9556371660725],[174.843522450343,-36.9556432662106],[174.843493750587,-36.9556629487592],[174.843526683155,-36.955669719091],[174.843798300523,-36.9557097563341],[174.843870383574,-36.9557282043623],[174.84393566749,-36.9557660705236],[174.843972401657,-36.9558589378756],[174.843959187062,-36.955987354888],[174.843993566709,-36.9560439194184],[174.844206398806,-36.9562344003771],[174.844243315007,-36.9562897672279],[174.844283998796,-36.9564975011969],[174.844318015037,-36.9565495493518],[174.844491565328,-36.9565673993377],[174.844749147697,-36.9564967505401],[174.844986512821,-36.9564840006728],[174.845175860838,-36.9565501662867],[174.845444278811,-36.9567650476035],[174.845511161414,-36.9567988645314],[174.845664396059,-36.9568352478839],[174.845843162872,-36.9568361150473],[174.846053712087,-36.9568006467548],[174.846200912911,-36.9567601641467],[174.84661951288,-36.956591962938],[174.846769528946,-36.9565612124411],[174.847243428875,-36.9565041105301],[174.847435461395,-36.9564633073174],[174.847836228628,-36.9562791051751],[174.848053428494,-36.9561457836439],[174.84812244576,-36.9561276652388],[174.848188179148,-36.9561377974728],[174.84833954534,-36.9562053271872],[174.848843295401,-36.9563770387254],[174.84918274378,-36.9565470497801],[174.849582743747,-36.9566561264719],[174.849456808386,-36.9561016714543],[174.84937502662,-36.9556042307822],[174.84938404485,-36.9554161347521],[174.849485932057,-36.9551613977064],[174.849517808664,-36.9551043532528],[174.851392516755,-36.9543340160559],[174.85188898312,-36.9537512825804],[174.851655383922,-36.9529657825502],[174.851476766714,-36.9516253658374],[174.852822433492,-36.9506638317483],[174.85470265001,-36.9496282652766],[174.855008399624,-36.9494184157071],[174.856483066937,-36.9480914990732],[174.856630438946,-36.9479080501552],[174.856809733944,-36.9476650753318],[174.857797783874,-36.9461669823475],[174.859139066953,-36.9447208823836],[174.859616016836,-36.9442492155738],[174.859373700564,-36.9439268488965],[174.859202650048,-36.9436164825805],[174.859091383848,-36.9433272657574],[174.858995733876,-36.9428877157868],[174.858985034025,-36.9426699156001],[174.859009050037,-36.942488965741],[174.859103383691,-36.9420158987711],[174.859262249885,-36.9414347651814],[174.859530250378,-36.9407415159537],[174.859651583773,-36.9405372324761],[174.859809500151,-36.9403183485997],[174.860212967064,-36.9398656495816],[174.860803334068,-36.9392956490581],[174.861251666738,-36.9389316326125],[174.863315850547,-36.9403981989002]]]},"properties":{"LocalBoardName":"\u014ctara-Papatoetoe","LocalBoardCode":7618,"AreaSqkm":43.6949,"avg_crime":1024,"avg_rent":669,"suburbs":["Papatoetoe","Otara"]}},{"type":"Feature","geometry":{"type":"Polygon","coordinates":[[[174.754665916283,-36.8624417829433],[174.754712782762,-36.8624790320545],[174.754986015938,-36.8626400492128],[174.755313699996,-36.8627487819987],[174.755138383881,-36.8631371659442],[174.755005516377,-36.86367564905],[174.75484998091,-36.86420079247],[174.754610745201,-36.8650311418312],[174.754166049837,-36.8665496716144],[174.753835983628,-36.8675854487775],[174.753644950405,-36.8681394490951],[174.753203166756,-36.8693382984482],[174.753908349091,-36.869199199004],[174.754142483754,-36.8691553822517],[174.754800299594,-36.8696752819733],[174.754975583719,-36.8695946484568],[174.754892838295,-36.8694751609149],[174.755084972485,-36.8693794080061],[174.755171350227,-36.869504566188],[174.756447099788,-36.8689173159988],[174.758637011699,-36.8679146099985],[174.759313845266,-36.868031179325],[174.759403266675,-36.8675605656261],[174.759372834084,-36.8674875820343],[174.760424850125,-36.8670220658165],[174.761630549807,-36.8664661322691],[174.761812600637,-36.8668827656409],[174.761738516449,-36.8671881988863],[174.762361500566,-36.8671974557721],[174.763266666473,-36.8672108992372],[174.763514252484,-36.8672133061737],[174.763734231647,-36.8672356950411],[174.763882899684,-36.8672080026792],[174.764263234743,-36.867071639666],[174.765221210482,-36.8667749677556],[174.766077049563,-36.8665178907534],[174.767559083039,-36.8661608992588],[174.767688050206,-36.8664963151476],[174.768005016186,-36.8670801322115],[174.768525766884,-36.8676622159381],[174.7688769662,-36.8679673326156],[174.770253549932,-36.868953815922],[174.770904966442,-36.869426499248],[174.771449381361,-36.8698725712736],[174.771723578652,-36.8701119413131],[174.771995462718,-36.8703530092105],[174.772785158641,-36.871129070315],[174.773063523394,-36.871415812559],[174.773471100292,-36.8717626872907],[174.773898979183,-36.872085904622],[174.774241312981,-36.8723140157202],[174.774210543863,-36.8724369691458],[174.774650700417,-36.8727086329337],[174.775304650271,-36.8730283662125],[174.776151983767,-36.8733651822978],[174.7766577838,-36.873451449296],[174.776523515665,-36.8739833772234],[174.776440167508,-36.8739700488024],[174.776344233476,-36.8743237321496],[174.776300916645,-36.8743162154427],[174.776182816522,-36.8747634988836],[174.776261215976,-36.8748576317517],[174.776485650514,-36.8748976323637],[174.776364683673,-36.8753441656295],[174.777011866835,-36.8754577988785],[174.777138633587,-36.8754407151973],[174.777370767233,-36.8754163154138],[174.77849648402,-36.8749557319353],[174.779513767016,-36.874551449022],[174.779608116581,-36.8747383823818],[174.779925367329,-36.8752965658295],[174.78035981042,-36.8759369168079],[174.780806550095,-36.8765070990844],[174.782112899728,-36.8779342323268],[174.782525283341,-36.878390765817],[174.783656383624,-36.879617866012],[174.786112121889,-36.8820519781609],[174.787239967276,-36.8831449487644],[174.788090999894,-36.8839199993105],[174.788802399853,-36.8845419656618],[174.789015384123,-36.8846807820388],[174.78930145125,-36.8849168682446],[174.79021218987,-36.8855398657182],[174.791077095135,-36.8860967210506],[174.791761011105,-36.886526686852],[174.792063385127,-36.8866723000821],[174.792684219079,-36.8869846692307],[174.793977309884,-36.8876545278189],[174.794421653783,-36.8878756480957],[174.796638783978,-36.8891765991245],[174.797954018612,-36.8899348814539],[174.799265449596,-36.8906974157344],[174.799368966468,-36.8907603490364],[174.80068851482,-36.8916338335795],[174.80084189996,-36.8917435991357],[174.800918716029,-36.8917884494696],[174.802407356596,-36.8926949091448],[174.801691333283,-36.8934353822112],[174.801513299881,-36.8933240159311],[174.801172899963,-36.8936750160837],[174.801313016142,-36.8937626488956],[174.80138056695,-36.8937559154612],[174.80083135067,-36.8944454484742],[174.800670683141,-36.8943617824617],[174.800738016762,-36.8942787818279],[174.800247017074,-36.8941073824603],[174.799743450078,-36.8938244655356],[174.799415700038,-36.8941838155286],[174.799207866886,-36.8942599329895],[174.799047405941,-36.8941183905791],[174.798843050248,-36.8939500319055],[174.798265883557,-36.8952655158145],[174.797685792834,-36.8958711673928],[174.797109133084,-36.8964789318534],[174.796340883452,-36.8972579157501],[174.795674517026,-36.8979657824287],[174.794919117481,-36.8987193824658],[174.794465748709,-36.8991936165585],[174.7943368353,-36.899090915589],[174.794313142735,-36.8990096207609],[174.792133367504,-36.8985212819744],[174.792043000651,-36.8984950987994],[174.792136766895,-36.8981402321839],[174.792192682474,-36.8977806160127],[174.792204617267,-36.897237199009],[174.792164633584,-36.896876165276],[174.792086583864,-36.8965191822648],[174.791971016053,-36.896168832064],[174.791818783256,-36.8958275992889],[174.791524283818,-36.8953388156858],[174.791154817384,-36.8948841154268],[174.789018700584,-36.8927736488165],[174.786728234708,-36.8928682931974],[174.782302267302,-36.8930398324561],[174.782230967036,-36.8931351991429],[174.782242417,-36.8931347821885],[174.781071750462,-36.8952207318976],[174.780203967533,-36.8967424321069],[174.779539066492,-36.8979252210817],[174.778870917021,-36.8991068325068],[174.778426700824,-36.9013304164121],[174.778219567431,-36.902115015316],[174.77754934961,-36.9044688488747],[174.774774433656,-36.9058690152224],[174.774720367231,-36.9058680988514],[174.774614233893,-36.9055625263974],[174.774501850282,-36.9052583987143],[174.77428509996,-36.9043701156371],[174.771922083967,-36.9037864322747],[174.771748967167,-36.9037132484286],[174.772063933046,-36.9027201821168],[174.770085183329,-36.9022938497704],[174.768769675727,-36.9020224316391],[174.767452851506,-36.9017551758503],[174.766759999588,-36.9016249823599],[174.76461488306,-36.901156448789],[174.76315926696,-36.9008577818305],[174.763050867169,-36.9008449153872],[174.763312400836,-36.9000010492521],[174.761835035547,-36.8997033367675],[174.76035879929,-36.8994020491529],[174.759317950811,-36.8991932658473],[174.756765600657,-36.8986742773289],[174.75421476685,-36.8981505490909],[174.753650308643,-36.898038475977],[174.753086899866,-36.897923049141],[174.752128589601,-36.8977183484187],[174.751171400126,-36.8975102992063],[174.750725916775,-36.8974163818494],[174.750008550739,-36.89727154914],[174.749002908817,-36.8970652720121],[174.747998283015,-36.8968558326086],[174.747136099562,-36.8966826946909],[174.746274783547,-36.896506799083],[174.744506283486,-36.896155298811],[174.7445738835,-36.895946815483],[174.740065215946,-36.8950060993187],[174.739414005541,-36.8970175058279],[174.738758817433,-36.8990280823156],[174.738504008826,-36.8989624213148],[174.73845866575,-36.8990988341905],[174.738303427749,-36.8990588214745],[174.738252429504,-36.8991937171529],[174.738671466848,-36.8992965329679],[174.738393916853,-36.9001828318629],[174.738202933684,-36.9007325985863],[174.737934749812,-36.9006544656199],[174.737785983254,-36.9009843491882],[174.737657166857,-36.9012021158054],[174.737974883396,-36.9014319991129],[174.737852799992,-36.9018056823638],[174.73784393328,-36.901920198598],[174.736845033418,-36.9012060819763],[174.736250366955,-36.9007701820438],[174.735984400125,-36.9005788163554],[174.73549476631,-36.9002154153943],[174.73469101674,-36.8996091664557],[174.734473316599,-36.8991443318503],[174.734013298555,-36.8981996621],[174.733559682756,-36.8972529988531],[174.733468782556,-36.8969891153382],[174.731512366724,-36.8959957156067],[174.730350517738,-36.8954253865527],[174.729190999567,-36.8948520161059],[174.728489583561,-36.8957808322369],[174.728018232591,-36.8963811822478],[174.727470733266,-36.8971089484897],[174.727384667454,-36.8970763492552],[174.726086467499,-36.89636626554],[174.719437149491,-36.8976031154227],[174.718786066992,-36.8981152152312],[174.71869608285,-36.8982104652673],[174.71846198361,-36.8983219486599],[174.718289134044,-36.8984258990792],[174.718186683293,-36.8985330321276],[174.717772550784,-36.8990911492317],[174.716924133945,-36.9000175156642],[174.716907516754,-36.9000541990052],[174.716914616464,-36.9001327819314],[174.716993279515,-36.900526130778],[174.71699663318,-36.9006475321141],[174.716970933447,-36.9007178821605],[174.716926833134,-36.9007589656349],[174.716905716941,-36.9009484152176],[174.716841982692,-36.901197982126],[174.716826566973,-36.9013826487818],[174.71664130054,-36.9015619988959],[174.71659180074,-36.9015788158811],[174.716511949766,-36.9015800825184],[174.715812565915,-36.9015591324832],[174.715722315951,-36.9015245824685],[174.715581988529,-36.9013574144234],[174.715483582991,-36.9012227660555],[174.715209533311,-36.9007191325422],[174.714922466449,-36.9002286818388],[174.714738783477,-36.9001161156749],[174.714448949737,-36.9000258817315],[174.713520883159,-36.8998803988232],[174.713343949862,-36.8998395819854],[174.713103066799,-36.8998062489866],[174.712762116945,-36.9000233991031],[174.712133966659,-36.900398265786],[174.71203599996,-36.9004106985954],[174.711776083592,-36.9003932818943],[174.711462717032,-36.9004274156418],[174.711357016342,-36.9004065825252],[174.711319716453,-36.9003694824615],[174.711315966108,-36.9003080990207],[174.711444667122,-36.8998214491318],[174.711571416699,-36.8995290490291],[174.711637317542,-36.8990829656772],[174.711657740853,-36.8987482444135],[174.711662066439,-36.8985867484681],[174.711646066979,-36.8984920322227],[174.711606999279,-36.8984195159105],[174.711551000486,-36.8983776657463],[174.711360200129,-36.8983470821785],[174.710582166836,-36.898290432136],[174.71052263296,-36.8982906819481],[174.71012420118,-36.8983448814418],[174.709510418392,-36.8984970646139],[174.709203934367,-36.898543514721],[174.709110268017,-36.8985785475507],[174.708909950275,-36.8986894153322],[174.708790566744,-36.8987744153327],[174.708684216831,-36.8988968985617],[174.70847040124,-36.8990831644383],[174.708430068473,-36.8990936142747],[174.708198719428,-36.8990969982719],[174.708092669152,-36.899075365043],[174.707978168098,-36.8989789144615],[174.707905568798,-36.8988614818722],[174.707962286347,-36.8987925147155],[174.708090268852,-36.8987423145207],[174.708231335755,-36.8987838812968],[174.70829170284,-36.8987457316854],[174.70830556888,-36.8986656144661],[174.7081988852,-36.8982277814821],[174.708200335595,-36.898133515023],[174.708224035809,-36.8980522811274],[174.708450602945,-36.8977548477954],[174.708506036797,-36.8977319476936],[174.708663935825,-36.8977121642502],[174.708768702931,-36.8976624982811],[174.708860802187,-36.897581847734],[174.708919352382,-36.8974744158771],[174.708941069918,-36.8972920487364],[174.708878270482,-36.8971734157387],[174.708692771564,-36.8971064651873],[174.708480324305,-36.8969852984133],[174.708397179645,-36.896960539151],[174.708315487612,-36.8969328357538],[174.708162092897,-36.8969297300674],[174.707991653241,-36.8970029870232],[174.70779091093,-36.8971203784541],[174.707607157933,-36.8971981473229],[174.707320653228,-36.8973614189875],[174.707189986577,-36.8974002197418],[174.707047650569,-36.8974190700125],[174.706992851501,-36.8974162196782],[174.706936617865,-36.8973931529149],[174.706877204486,-36.8972925827156],[174.706842675047,-36.8971777120051],[174.706866893928,-36.8971089275042],[174.707006081949,-36.8969348379103],[174.70705658692,-36.8968006164722],[174.707099489393,-36.8967423967002],[174.707151223733,-36.8967121791902],[174.707309275744,-36.8966703772877],[174.707349542954,-36.8966421262991],[174.70737729981,-36.8964635014947],[174.707369019497,-36.8964085825227],[174.707336268988,-36.8963439490337],[174.70715655207,-36.8962369643714],[174.707088468016,-36.8961696983145],[174.70689263508,-36.8959175487019],[174.706658318498,-36.895806665315],[174.706600966415,-36.8956831323684],[174.706373033384,-36.8955217155513],[174.706289950769,-36.8954454662274],[174.706234914851,-36.8953798500746],[174.706208932937,-36.8953183494513],[174.706199198672,-36.8951101331537],[174.706150565477,-36.8950561668287],[174.706067531422,-36.895029850325],[174.705969832414,-36.8950336834946],[174.70587103337,-36.8950897825291],[174.705620780142,-36.8952716515595],[174.705593264171,-36.8953550849836],[174.705639364433,-36.8954425341658],[174.70587838244,-36.8956921828489],[174.705890099139,-36.8957254329024],[174.705877381724,-36.8957538997814],[174.705795015452,-36.8957967833825],[174.705694464068,-36.8958158008155],[174.705641748337,-36.8958047510266],[174.705464246806,-36.8957205513273],[174.705418213855,-36.895716351266],[174.705376647203,-36.8957348857208],[174.705242646796,-36.895960619137],[174.705050913757,-36.8962155185312],[174.70488604729,-36.896474467545],[174.704780549189,-36.8965439828346],[174.704689782653,-36.896550749411],[174.704635266583,-36.8965127657478],[174.704546681791,-36.8964219166421],[174.704536447438,-36.8962927347178],[174.704418461943,-36.8960077039948],[174.704388509746,-36.8958241563303],[174.704281173696,-36.8956211907603],[174.704226957542,-36.8955807076643],[174.704110891945,-36.8955526229393],[174.704058076542,-36.8955658885963],[174.70393476709,-36.8956718495153],[174.703833900795,-36.8955568991469],[174.703756066468,-36.8954903658735],[174.702711333795,-36.8960620490081],[174.702612950208,-36.895987865971],[174.702320916757,-36.8956766990374],[174.702141834064,-36.8955669151282],[174.702069949726,-36.8954874819273],[174.702174349777,-36.8952567824843],[174.70222291728,-36.8952257652182],[174.702520133289,-36.8951692159335],[174.702620949907,-36.8951849154626],[174.702677833912,-36.8952189488861],[174.702782299847,-36.8952374658567],[174.70285530071,-36.8952337991788],[174.702997333052,-36.8951386484991],[174.703046633854,-36.8950645991068],[174.703059884021,-36.8950026984351],[174.702900049872,-36.8948621985012],[174.702858133541,-36.8947821820282],[174.70286166707,-36.8947433824747],[174.702891617242,-36.8946820491237],[174.703038400101,-36.8945812987324],[174.70309956172,-36.8945029826495],[174.703077729402,-36.8944187682573],[174.70308192305,-36.8943080804267],[174.703130225346,-36.8942359877152],[174.703428655452,-36.894010661425],[174.703455880434,-36.8939369194119],[174.703455649625,-36.8938619658156],[174.703362033055,-36.8936222817816],[174.703298841886,-36.8935173123311],[174.703239050228,-36.8934110659349],[174.703150199523,-36.8931894989465],[174.703205414558,-36.8930024177945],[174.70327843125,-36.8929129171789],[174.703328116255,-36.8928928825854],[174.703550466552,-36.8929013323129],[174.703583697842,-36.8928893176034],[174.703737364761,-36.8927216498908],[174.703860066418,-36.8925995484628],[174.703931433878,-36.8925616984609],[174.704112517267,-36.8925469822665],[174.704315149908,-36.8924477987655],[174.704507666523,-36.8923957824438],[174.704845117471,-36.8921938820965],[174.705106846631,-36.8920786704364],[174.70522849467,-36.8920482055536],[174.705306778208,-36.8920094063871],[174.70543924191,-36.8918789077795],[174.705510225695,-36.8917127925751],[174.70565280876,-36.8915496936503],[174.705772096878,-36.8911937190367],[174.705766849206,-36.8910755656128],[174.705696126433,-36.8908488756297],[174.705702272185,-36.8907054119217],[174.705739439298,-36.89062424645],[174.705799937849,-36.890568481204],[174.705967754433,-36.8903171643681],[174.705975388628,-36.8902469975373],[174.70594752169,-36.8902102144564],[174.705858656169,-36.8901566967935],[174.705752274141,-36.890132727967],[174.705546892468,-36.8901244082053],[174.70551432671,-36.8901104902534],[174.705483677885,-36.8900832219599],[174.705477807974,-36.8900209625321],[174.705475599346,-36.8899585500356],[174.70540355625,-36.889621695389],[174.705636288618,-36.8893336626687],[174.705673238651,-36.8892363626036],[174.70565040506,-36.8891715455785],[174.705560622855,-36.8890975946689],[174.705396139398,-36.889051927779],[174.705261490059,-36.8890490772457],[174.704903009074,-36.8891502746421],[174.704732676991,-36.8891675570408],[174.70454054507,-36.8891596555813],[174.70446539618,-36.8891147047294],[174.704452798291,-36.8890290844209],[174.704456699834,-36.8889290158351],[174.70462546672,-36.8889213484355],[174.704632666694,-36.8889046657371],[174.704648499402,-36.8888408169416],[174.704611811319,-36.8885973053766],[174.704625844875,-36.8885517058404],[174.704741111799,-36.8884071720032],[174.704764161025,-36.8883340051562],[174.704909299475,-36.8880584669844],[174.70490709865,-36.8880227835771],[174.704877423489,-36.8879820348584],[174.704845081641,-36.8879426172197],[174.704783382153,-36.8879152670381],[174.704722980851,-36.8879109177094],[174.704644098481,-36.8879446180294],[174.704516780069,-36.8880348364341],[174.704453080612,-36.8880294698001],[174.704412696539,-36.8879692533181],[174.704419480054,-36.8879166858473],[174.704440064308,-36.8878938360957],[174.704605284136,-36.8877849487369],[174.704803049762,-36.8876958158375],[174.704823016872,-36.8876589490079],[174.704817216632,-36.8876332158491],[174.704727766566,-36.8875336152566],[174.704652283152,-36.8874877318939],[174.704243350388,-36.8873094158921],[174.704185699711,-36.8872360151387],[174.70413931729,-36.8871218325781],[174.704027966852,-36.8870557151866],[174.703869432894,-36.8869976492589],[174.703810466098,-36.8869928822889],[174.703714233124,-36.8870131492747],[174.703673866635,-36.8870393985604],[174.703597333146,-36.8871457987583],[174.703555133078,-36.8872543484219],[174.703560966531,-36.887293865484],[174.7036247498,-36.8873822987099],[174.703638233427,-36.8874363890132],[174.703639583516,-36.8874986987485],[174.703582199295,-36.8875798984486],[174.703510466781,-36.8876567160121],[174.703448400804,-36.8876800991341],[174.703405800703,-36.8876696819864],[174.703211549924,-36.8875139822704],[174.70302153318,-36.8874135651843],[174.702868250636,-36.8873109988107],[174.702769933061,-36.8873288324358],[174.702688866546,-36.8873684323458],[174.702452799986,-36.8875812653975],[174.702376749879,-36.887610098716],[174.70227323344,-36.8876822657745],[174.702234617018,-36.887678065404],[174.702127000237,-36.8875915159541],[174.70205121596,-36.8875870485633],[174.701914966934,-36.887532398629],[174.701869317414,-36.8874775151496],[174.701862916862,-36.8874091323392],[174.701945266652,-36.88725254848],[174.702042217426,-36.8871583990579],[174.702125166623,-36.8869635992471],[174.702202933029,-36.8868822154467],[174.702242700608,-36.8868103318762],[174.70223546745,-36.8867201817402],[174.702124900313,-36.8865731156644],[174.702105966592,-36.8865126991777],[174.702168033654,-36.8863352655432],[174.702167166807,-36.8861715652089],[174.702150650018,-36.8861116485942],[174.702146149205,-36.8861011321562],[174.701283720878,-36.8861456852031],[174.700420967419,-36.886185982227],[174.700418267212,-36.8861314820913],[174.700307766729,-36.8863078486414],[174.699615600183,-36.8870486485371],[174.69425388329,-36.8860278493027],[174.694289250058,-36.8859746322137],[174.694299867161,-36.8859076160094],[174.694356483813,-36.8857794659271],[174.694430799645,-36.8856678492027],[174.694490050523,-36.88552868215],[174.694561450125,-36.88526876559],[174.694655383185,-36.8850398323117],[174.693674816929,-36.8823272153149],[174.690713449567,-36.8721352654986],[174.690716066446,-36.8716656655481],[174.694770100473,-36.8357127157845],[174.708604900756,-36.8341250988132],[174.710685482528,-36.8339869992835],[174.710628300636,-36.8343170986514],[174.710595100818,-36.8348339487164],[174.710603050844,-36.835780432698],[174.710571966555,-36.836383315275],[174.710593083619,-36.8372435320538],[174.710527399974,-36.838928799073],[174.710041115946,-36.8428624990512],[174.710028099977,-36.8428674157262],[174.708627667555,-36.8552967005978],[174.709072117383,-36.8587865011995],[174.709936249992,-36.8596792162037],[174.710006617377,-36.8596646653262],[174.710113016198,-36.8596712652488],[174.710243183056,-36.8597788825907],[174.710260833691,-36.8598465489347],[174.710253533367,-36.8598718990341],[174.710264817069,-36.8599849489811],[174.710327500584,-36.8600230157825],[174.710396016633,-36.8601555151261],[174.710492667312,-36.8603828488499],[174.710515417241,-36.8604903986138],[174.710624150699,-36.8605702163141],[174.710960183009,-36.8606796318139],[174.711028099933,-36.8607367991085],[174.711066916859,-36.860885081974],[174.7111193833,-36.8609607988469],[174.711148182782,-36.8611123653307],[174.711148199587,-36.8611379652423],[174.711075833808,-36.8612188317904],[174.711083933172,-36.8612373154292],[174.711116284104,-36.8612476991377],[174.711133016649,-36.8613648825088],[174.711203050076,-36.8614717485115],[174.711225250095,-36.8615719320787],[174.711220333201,-36.861669032345],[174.711210983848,-36.8617013821442],[174.711100999623,-36.8618054990544],[174.711081566815,-36.8618418653429],[174.711104800099,-36.8618727986297],[174.711058683457,-36.8619324488613],[174.710881067184,-36.8620559819494],[174.710840265924,-36.8620016825756],[174.710838900794,-36.8620345321123],[174.710917833533,-36.8621527821858],[174.710942300051,-36.8622726159488],[174.710892833613,-36.8624203988013],[174.710768066504,-36.8625375319344],[174.710888232956,-36.8624955321937],[174.71078386617,-36.8625461322872],[174.710811567007,-36.862541832423],[174.710965232755,-36.8624713489471],[174.711050682914,-36.8623882326712],[174.711332767411,-36.86220281519],[174.711554700013,-36.8621469321161],[174.711720017282,-36.8620548484468],[174.71188961705,-36.862044565279],[174.712008933384,-36.8620642659688],[174.71206555,-36.862100482219],[174.712170316814,-36.8622276151793],[174.712290716926,-36.8625085157185],[174.712286833168,-36.8626586825171],[174.712250716688,-36.8627781153524],[174.712219733067,-36.8628256158883],[174.712567166472,-36.8630132654034],[174.712627916769,-36.8629242152746],[174.712936299552,-36.8626847819587],[174.713050150169,-36.8626654652253],[174.713163182749,-36.8626200660976],[174.713323100276,-36.8626025320977],[174.713532799175,-36.8626810155945],[174.713945400728,-36.8628669659461],[174.714068099386,-36.8629508152939],[174.714098015919,-36.8629875986717],[174.714112916953,-36.8630185154376],[174.714088916285,-36.8632136820859],[174.71404580021,-36.8633596656042],[174.714033733722,-36.8634857987724],[174.714050532607,-36.863515299187],[174.714181884099,-36.8635508824946],[174.714352950003,-36.8636446327349],[174.714502432943,-36.8636697318843],[174.714639966785,-36.8635927821162],[174.714750466603,-36.8634518659581],[174.714885467205,-36.8633892325483],[174.71513071629,-36.8633921654617],[174.715314949506,-36.8634546321998],[174.715517100069,-36.8636382156898],[174.715564966714,-36.8638344658602],[174.71561261699,-36.8639446321476],[174.715651467374,-36.8639848825107],[174.715751150584,-36.8640769320512],[174.715833166773,-36.8641188989613],[174.715919199873,-36.8641419488742],[174.716054500596,-36.8642137821086],[174.716157283087,-36.8642459657873],[174.716285466667,-36.8643522988343],[174.716320016546,-36.8643603490923],[174.716338649174,-36.8644063822683],[174.716333583647,-36.864549298558],[174.71635110019,-36.8645892655468],[174.716470350411,-36.8647026984509],[174.716614117025,-36.8647580654672],[174.716663233214,-36.8647873158337],[174.716718333393,-36.8647829486361],[174.716962782802,-36.864426065287],[174.717017367534,-36.864260899304],[174.717016483888,-36.8641790659624],[174.716985349856,-36.8641078153204],[174.717026799632,-36.8640537654661],[174.717146100585,-36.8639722991348],[174.717193166677,-36.8639571324856],[174.717381633537,-36.8639563817657],[174.717563167283,-36.8639379157964],[174.717822349903,-36.8638574652282],[174.717882083157,-36.8638138155231],[174.71793635031,-36.8638075489515],[174.717984399443,-36.863848915717],[174.718065166028,-36.8639963822216],[174.718186850082,-36.8641504488742],[174.718269299267,-36.8642987823291],[174.718497033915,-36.8644283657977],[174.718535633931,-36.8644269152024],[174.719020349991,-36.8638467820315],[174.719089200253,-36.8640073320316],[174.719045332574,-36.865942415328],[174.719018833942,-36.8679710158507],[174.725528516894,-36.8681852489138],[174.725903250307,-36.8681948489256],[174.725838999745,-36.868799516384],[174.727088816923,-36.8688536659073],[174.727536716339,-36.8688487824448],[174.728590182997,-36.8687772657349],[174.729198067022,-36.8686838652353],[174.730546117096,-36.8684400822368],[174.731231250203,-36.86832749859],[174.732274333247,-36.8681943322153],[174.733016783674,-36.868152982444],[174.733457533774,-36.868150698429],[174.733886016963,-36.868140682471],[174.734185400279,-36.8681536488897],[174.735069966693,-36.8682129825951],[174.735609000414,-36.8682663664418],[174.736631549812,-36.8683782322321],[174.737817817164,-36.868476665915],[174.737967533199,-36.8684928996089],[174.741468160736,-36.8688098282864],[174.742757200219,-36.8689101663845],[174.743474184044,-36.8689054327079],[174.743805666514,-36.8688815156029],[174.744375149814,-36.8688240988311],[174.744765600165,-36.8687548490843],[174.745217700203,-36.8686483990074],[174.745882750728,-36.8684730319262],[174.7460767838,-36.868406581816],[174.746683683546,-36.8681679819192],[174.747454734,-36.8677463318613],[174.748427324218,-36.8671204573699],[174.748632441644,-36.8669737898164],[174.749649380434,-36.8661645142112],[174.749813800374,-36.8660498170172],[174.750425955504,-36.8656103878395],[174.75108208375,-36.865114832484],[174.752117275468,-36.8643476150232],[174.753149968512,-36.8635782360678],[174.754195583058,-36.8628192321515],[174.754665916283,-36.8624417829433]]]},"properties":{"LocalBoardName":"Albert-Eden","LocalBoardCode":7612,"AreaSqkm":33.001,"avg_crime":465,"avg_rent":792,"suburbs":["Epsom","Mt Eden","Kingsland","Sandringham","Balmoral","Mt Albert","Waterview","St Lukes"]}},{"type":"Feature","geometry":{"type":"Polygon","coordinates":[[[174.937579016865,-36.8570186652901],[174.961673799922,-36.8645928491104],[174.962097566158,-36.87188456534],[174.962281583397,-36.87549144918],[174.962409950163,-36.8790960322034],[174.962444282874,-36.8808969489419],[174.962454116781,-36.882696932347],[174.962436216852,-36.8844962152527],[174.962387683115,-36.8862953322884],[174.962243399649,-36.8896614489484],[174.962143616701,-36.8914651318289],[174.962019533698,-36.8931240325327],[174.961834316505,-36.8950659651711],[174.961613367447,-36.8968595484599],[174.961340633107,-36.8986476661719],[174.961010733762,-36.9004289818543],[174.960898117128,-36.9019239990592],[174.960663433799,-36.903769848532],[174.96023633309,-36.9053586824721],[174.959512250123,-36.9072890819153],[174.959259567137,-36.9078368823959],[174.958981999739,-36.9083238984582],[174.958675949554,-36.9087476656206],[174.958313867282,-36.9091346659466],[174.957861033277,-36.9095073992643],[174.957339216495,-36.9098489658484],[174.956926833547,-36.9100761318604],[174.956238350225,-36.9103952321151],[174.955614983634,-36.910637399297],[174.95494348302,-36.9108538823669],[174.954215632598,-36.9110323659186],[174.953898232508,-36.9109826987253],[174.953665482946,-36.9109953489824],[174.953308900175,-36.9110462322109],[174.9529733833,-36.9111469321173],[174.952854083388,-36.9111606154707],[174.952755133657,-36.9113378987258],[174.952662399355,-36.9114283322903],[174.952304833976,-36.9115790658206],[174.952229500599,-36.9115947323941],[174.952143100702,-36.9116580158418],[174.952063932985,-36.9116805493247],[174.95140386685,-36.9119986320194],[174.950637282828,-36.9124623989727],[174.950533533513,-36.912531015377],[174.95045243409,-36.9126188658774],[174.950254466409,-36.9127142823348],[174.950116549809,-36.9128086492801],[174.949759966945,-36.9131604656058],[174.949375399735,-36.9136285152577],[174.949149316517,-36.9138533985546],[174.949092933429,-36.9139276491009],[174.949077967126,-36.9140017489383],[174.949047583783,-36.9140279989183],[174.94893473312,-36.9140337158279],[174.948923183809,-36.914131998485],[174.948694316432,-36.9142972986937],[174.948485683071,-36.9144239319811],[174.948237900082,-36.9145175324627],[174.948031016947,-36.9145370651814],[174.948012783625,-36.9146210661924],[174.947945749767,-36.9146709491607],[174.947814483314,-36.9147009491388],[174.947670033077,-36.9146811154777],[174.947585833053,-36.9147119322728],[174.947514766807,-36.9147508653272],[174.947483633657,-36.9148247659301],[174.947399533216,-36.9148520487298],[174.947168616771,-36.9148471655207],[174.946990300127,-36.9148891158969],[174.946882199951,-36.9149751984803],[174.946797050104,-36.9149993660103],[174.946627984005,-36.9149971992118],[174.946523433765,-36.9150494656287],[174.946418583004,-36.915056048589],[174.946163016142,-36.9151229989602],[174.946044683962,-36.9152134323578],[174.945851766747,-36.9152861152171],[174.944988499882,-36.915492482339],[174.944786633228,-36.915507432446],[174.94441178251,-36.9156220820888],[174.944200967278,-36.9157273988538],[174.9437693672,-36.9158538823179],[174.943658300206,-36.9159083655808],[174.943288800481,-36.9160433324971],[174.943067899863,-36.9161042659651],[174.942887449854,-36.9161908987456],[174.941806050474,-36.9164610488134],[174.941263233602,-36.9166376484149],[174.940608317212,-36.9169381987558],[174.94005230046,-36.9172448657876],[174.939560467469,-36.9175620322523],[174.938961549728,-36.9180302986965],[174.93849918375,-36.9184712992568],[174.938132416641,-36.9188979653336],[174.937386933668,-36.9196143817567],[174.937237816424,-36.9198125151583],[174.937174033359,-36.9198101496332],[174.937146534051,-36.919839765542],[174.937150016831,-36.9198986156758],[174.937083384098,-36.9199512819366],[174.936951399517,-36.9201800991273],[174.93683726692,-36.9204128990136],[174.93679020054,-36.920583848514],[174.936663633855,-36.9215747989748],[174.936581666083,-36.9220134154838],[174.936486983547,-36.9223202991702],[174.936407033205,-36.9224104991939],[174.936245733267,-36.9227523988375],[174.936146367031,-36.922915115638],[174.936055083452,-36.923147398892],[174.93590618378,-36.9234545324533],[174.935897182868,-36.9235249318177],[174.935863079158,-36.9235931762728],[174.935826149997,-36.9236604661862],[174.935582367507,-36.9239577490719],[174.935397767338,-36.9243025988141],[174.935147283858,-36.9245988652087],[174.93510196685,-36.9247242828617],[174.93503663329,-36.9248169657332],[174.934750383339,-36.9251314320641],[174.934568616425,-36.9252837163361],[174.934526166328,-36.9254417325174],[174.934460400743,-36.9255570819542],[174.934342550423,-36.9256482991343],[174.934159999524,-36.925759199293],[174.934094750335,-36.925882932219],[174.934014683843,-36.9261886159737],[174.933976783163,-36.9264183318828],[174.933974266822,-36.9265421326525],[174.934048284107,-36.926692582407],[174.934032399984,-36.926856965173],[174.933968316944,-36.927002365449],[174.933820633912,-36.9271731985316],[174.933784150301,-36.9272394991048],[174.933684250275,-36.9277513323578],[174.933693850084,-36.9279432821193],[174.93368161662,-36.9280549490424],[174.933601333162,-36.9282406986978],[174.933572884062,-36.9283852156269],[174.933490383803,-36.9286129996397],[174.933404633137,-36.92873578255],[174.933385233596,-36.9288101824933],[174.933388399265,-36.928905982543],[174.933410366685,-36.9289282486266],[174.933384283833,-36.9290006492289],[174.933418466501,-36.9290831492324],[174.933416149842,-36.9291211654453],[174.933375033376,-36.9292254819618],[174.933328200459,-36.9292920824979],[174.933324816725,-36.9293532328759],[174.933141750146,-36.9297847817797],[174.93310725069,-36.9299571655383],[174.933041600218,-36.9300750323744],[174.932978832698,-36.9302398825815],[174.932915832711,-36.930505415534],[174.932892550176,-36.9307642829498],[174.932835300256,-36.9309978654541],[174.932831500088,-36.931321865194],[174.932902500154,-36.9314568494994],[174.933237466942,-36.9317567822312],[174.933300750022,-36.931858148701],[174.933313283976,-36.9319527984188],[174.933276516551,-36.932132481858],[174.933253433801,-36.9326216323612],[174.933269500758,-36.932990848984],[174.933336383142,-36.9333350488222],[174.933373399843,-36.933436048854],[174.933376516466,-36.9335191817333],[174.933417566093,-36.9336432824263],[174.933503883514,-36.9337466657203],[174.933548816587,-36.9338821659683],[174.933645983527,-36.9340699152569],[174.933702216595,-36.9342466492587],[174.934021766915,-36.9345554659753],[174.934243805813,-36.9347994107813],[174.934462900242,-36.9350450656135],[174.934599316885,-36.9352933652967],[174.9349636502,-36.9356266817541],[174.935010967494,-36.9357311987786],[174.935061783367,-36.9357737821204],[174.935117700124,-36.9357993656409],[174.935202617381,-36.9358076490195],[174.935501950778,-36.9357658151776],[174.935609982652,-36.9357677989546],[174.935759333154,-36.9357985159773],[174.935917133682,-36.9358725822645],[174.936066566794,-36.9359939160034],[174.936125200016,-36.9361169321549],[174.936134800296,-36.9361965495098],[174.936166133532,-36.9362629156334],[174.936231633034,-36.9363247984691],[174.936281684091,-36.9364036659978],[174.936290733816,-36.936639865797],[174.936216333578,-36.9368435986118],[174.936199383946,-36.936912765625],[174.93621375071,-36.9369493488766],[174.936719716595,-36.9373627330109],[174.936777916546,-36.9374437990596],[174.936835883153,-36.9376890989421],[174.936876482676,-36.937769199236],[174.936933499487,-36.9378079491568],[174.937037533172,-36.9379856987175],[174.936984482952,-36.9380892989208],[174.936609033621,-36.9382666658772],[174.936338250039,-36.9383574818528],[174.936266116328,-36.9384075326107],[174.936229633333,-36.9384748992017],[174.936230183391,-36.938551865548],[174.936296367484,-36.9386905321894],[174.936342450306,-36.9387384485493],[174.936496617304,-36.9388216484801],[174.936709933819,-36.9388486151403],[174.936867399595,-36.9389137823789],[174.936969300091,-36.9389781317443],[174.937047016779,-36.9390503492337],[174.937129650617,-36.9391474490642],[174.937145916436,-36.9392180652242],[174.937118499833,-36.939261098451],[174.936961365996,-36.9393729817703],[174.936870666924,-36.9394995323492],[174.936863850583,-36.9395800825733],[174.93682421701,-36.9396874989739],[174.936689367534,-36.9398699324029],[174.93662250005,-36.940001998509],[174.936573200457,-36.9402272157006],[174.936484200448,-36.940440065536],[174.93640706587,-36.9405778492379],[174.936324433678,-36.9406401821452],[174.936240566634,-36.9407613986459],[174.936240216143,-36.9409500156334],[174.936268283257,-36.9410015318],[174.936240400519,-36.9410169653723],[174.936170825378,-36.9411732329223],[174.936098683039,-36.9413287486676],[174.936080916937,-36.9414333485373],[174.936112199464,-36.941863882486],[174.936119817487,-36.9418841323114],[174.936156166928,-36.9418892817511],[174.936166549941,-36.9419044490725],[174.936169167023,-36.9420227489868],[174.936136800341,-36.9420872489436],[174.936050417035,-36.942166615367],[174.935995600786,-36.9421963817557],[174.93588111718,-36.9423216159675],[174.935765599601,-36.9424075158385],[174.935657315948,-36.9425195320179],[174.93557953326,-36.9428016151875],[174.935598699728,-36.942911531723],[174.935567000411,-36.9432059820644],[174.935575017174,-36.9432635990392],[174.9356390669,-36.9433386485708],[174.935617266545,-36.9433809986272],[174.93557178351,-36.9433922485177],[174.935572382958,-36.9434158484955],[174.935596933041,-36.943481049005],[174.935766666544,-36.9437249487053],[174.935798849892,-36.9438320157164],[174.935797734025,-36.9439160159359],[174.935758467221,-36.9440426319375],[174.935705117375,-36.9441301318741],[174.935694932855,-36.9442431488292],[174.935599450481,-36.9443444487944],[174.935548533833,-36.9444548995399],[174.93554926646,-36.9445503657914],[174.935615650248,-36.9446516656861],[174.935569100699,-36.9447866653471],[174.935630732547,-36.9448368484451],[174.935651000381,-36.9448877158513],[174.93564646686,-36.9449126829751],[174.935587150829,-36.9449524153053],[174.935580783125,-36.9449732825409],[174.93560259985,-36.9450171990559],[174.935658850732,-36.9450591661227],[174.935666616557,-36.9450936325791],[174.935660967435,-36.9453441988801],[174.935532150383,-36.9455698485682],[174.935450233523,-36.9456620151227],[174.935498250258,-36.9458166825598],[174.935586450597,-36.9458809489578],[174.935541482577,-36.9458771990116],[174.935575083618,-36.9461651154492],[174.935524200529,-36.9463919487109],[174.935541666512,-36.9465284318987],[174.935519732833,-36.9466702658752],[174.935532183152,-36.9469544324835],[174.935572249835,-36.9470233484232],[174.935543849553,-36.9471763820158],[174.935498383396,-36.9472217992736],[174.935372949459,-36.9474334152435],[174.935293350822,-36.947712682273],[174.935256542454,-36.9477739049974],[174.935224050458,-36.9478366817595],[174.935154700124,-36.9478868658796],[174.934975883143,-36.9479593317659],[174.934826166856,-36.9480588156726],[174.934762466559,-36.9482026488201],[174.934817067018,-36.9485494822843],[174.934854517482,-36.9486224825473],[174.934819867063,-36.948711332106],[174.934726116703,-36.9487741984682],[174.934657750479,-36.9487665158807],[174.934595583177,-36.9488144158798],[174.934556899991,-36.9489095320748],[174.934521266868,-36.9489487652932],[174.934370333573,-36.9490220323293],[174.934350184111,-36.9490724652058],[174.934376332641,-36.9491185988471],[174.934070166681,-36.9491154322336],[174.93742898339,-36.9502020984647],[174.937501400082,-36.9502499151932],[174.937659049984,-36.9505020656646],[174.937971933325,-36.9511792821874],[174.937718483393,-36.9517112991922],[174.938670949921,-36.9528323985772],[174.939813765918,-36.9535567991207],[174.941069416523,-36.9536102827584],[174.94228893408,-36.954079565645],[174.942670967101,-36.9542601655668],[174.942814999694,-36.9550594992716],[174.943034916652,-36.9552817820986],[174.943503383479,-36.9555587658632],[174.94422976593,-36.9556082984964],[174.945215150098,-36.9557622989601],[174.945906465978,-36.9557727159868],[174.946604266946,-36.955727482465],[174.947087817406,-36.9557997157155],[174.947431800149,-36.9565178489641],[174.948332750139,-36.9572376157049],[174.94874393312,-36.957493265315],[174.947879500103,-36.9583091154294],[174.947504583488,-36.9589437317937],[174.946187149866,-36.9608913487178],[174.94526125041,-36.96219296581],[174.944683816203,-36.9629526159292],[174.944311733635,-36.9633532984984],[174.944088083109,-36.9635322319979],[174.943854167129,-36.9636460824257],[174.944160017192,-36.9641717489915],[174.944608766757,-36.9645363153282],[174.944922533162,-36.9662696656652],[174.945500383418,-36.9673014491326],[174.946755600213,-36.9679536651481],[174.946022199893,-36.970413398905],[174.946993666618,-36.9705715324459],[174.946945199788,-36.9711075991296],[174.947099016612,-36.9712718491499],[174.947299166509,-36.9715438158832],[174.947446683305,-36.9717947154043],[174.947498332918,-36.9720272492253],[174.947514833317,-36.972795598776],[174.947564450045,-36.9729556985142],[174.947720800177,-36.9731654488241],[174.948323549968,-36.9737269817517],[174.948862416606,-36.9743081984894],[174.94895753368,-36.9745203486369],[174.94900011698,-36.9748838489868],[174.948949866511,-36.9752539823853],[174.948749650389,-36.9755572492794],[174.948572400154,-36.9757653489277],[174.948299550537,-36.9759729988202],[174.949681466647,-36.9764337817359],[174.949140800466,-36.9774761654603],[174.950058299243,-36.9775173984852],[174.950193415979,-36.9775652491277],[174.951986116502,-36.9775850323042],[174.95491978355,-36.9775461322968],[174.956198533319,-36.9769046823143],[174.956157600002,-36.9758237158603],[174.956877133793,-36.9758625151686],[174.961223916815,-36.9768240652532],[174.961553250198,-36.9769143990051],[174.961834599841,-36.9770306487487],[174.962084967377,-36.9769699658812],[174.962310433962,-36.9768655990633],[174.96247515066,-36.9767432325011],[174.962655417226,-36.9765555654162],[174.968426333333,-36.9829471825055],[174.966981399928,-36.9837967825822],[174.964679883453,-36.9834414320078],[174.9637823502,-36.9855408823205],[174.963073300451,-36.9855708984272],[174.957789499275,-36.985592999106],[174.954920800112,-36.9855907652958],[174.952540833463,-36.9856102159352],[174.952048867039,-36.9856155488293],[174.951279099983,-36.9876259322968],[174.950103516535,-36.9904460991924],[174.952616733777,-36.9912239152409],[174.953467616635,-36.9998570489269],[174.950608266368,-36.9989935818018],[174.950430366021,-36.9991425651672],[174.945042366869,-36.9975256820859],[174.941853633157,-36.9965347990188],[174.940915249885,-36.9962883660573],[174.943473450594,-37.0014716988713],[174.940161384052,-37.0016053652599],[174.93905989983,-37.0016970651554],[174.939291083903,-37.001081299269],[174.939188883415,-37.0005936821954],[174.938626949891,-36.9998554486889],[174.936336517051,-37.0003356321912],[174.93633080014,-36.9990202657571],[174.93703401684,-36.9985606985346],[174.937196666572,-36.9973893158397],[174.936808267456,-36.997766616007],[174.935988350782,-36.9974522991233],[174.935519133124,-36.9976599488097],[174.934785400802,-36.9976026321877],[174.934276049854,-36.9978473159945],[174.933919700333,-36.9982121818446],[174.933187683814,-36.9980365155072],[174.932678850145,-36.9980276158065],[174.931684100129,-36.9987711818626],[174.931792999805,-36.9990770985563],[174.931787699363,-36.999217282112],[174.931774033067,-36.9992575656162],[174.931645749778,-36.9993816991894],[174.931574583192,-36.9994825154342],[174.931480033443,-36.9996864659465],[174.931464199646,-36.999774949298],[174.931394900047,-36.9998432990416],[174.931221449637,-36.9999491823708],[174.931162849923,-37.0000201158086],[174.931166217303,-37.0002226823767],[174.931075999835,-37.0002682819697],[174.930975900559,-37.0002739164124],[174.930878600419,-37.0003149984357],[174.930727349663,-37.0004434488802],[174.930580017181,-37.0004958494352],[174.930449866292,-37.0004902654026],[174.930286932837,-37.0004304659423],[174.9302172995,-37.0003364159798],[174.930022350494,-37.0002716822898],[174.93006216604,-37.0004501492238],[174.9269740828,-36.9997265991308],[174.926909317102,-36.9990044161404],[174.924470033723,-36.9988900985461],[174.924291966731,-36.9989585156144],[174.923783633539,-36.9980221985752],[174.923333417253,-36.9971218156399],[174.922353083082,-36.9957697818448],[174.921955999965,-36.9956622651963],[174.920751400215,-36.9958401489723],[174.919122382789,-36.995136831837],[174.918071099739,-36.994410049222],[174.917501983343,-36.9930094491419],[174.91748643386,-36.9921088159448],[174.917179950612,-36.9912283497463],[174.915572766658,-36.9893696662148],[174.914045867233,-36.9892376322405],[174.912257700507,-36.9887086993215],[174.906953831493,-36.9886406684658],[174.906329766684,-36.9886291658022],[174.905984850212,-36.9886396489134],[174.904311733448,-36.9889797153855],[174.901692049364,-36.9885171985078],[174.901532683975,-36.9885368653686],[174.897498467009,-36.9896793152743],[174.8969467829,-36.9899658821761],[174.896242482938,-36.9900951323168],[174.896107782918,-36.9897030655957],[174.896080133337,-36.9892446988058],[174.896198767265,-36.9887053321257],[174.896426700127,-36.988171582356],[174.89656921693,-36.9878182491827],[174.896613183504,-36.9877241485408],[174.896679500182,-36.9874255986465],[174.896687633198,-36.9872752153225],[174.8966957499,-36.9869326825419],[174.896619549664,-36.9865636153924],[174.896502150995,-36.9861845377628],[174.896387949977,-36.9858048320993],[174.897395800541,-36.9855745320208],[174.897787000217,-36.9854931491016],[174.898353600512,-36.9853169817126],[174.898794335028,-36.9850754679564],[174.89923669987,-36.9848358819031],[174.899585883415,-36.984680448956],[174.899712822902,-36.9846620979205],[174.899865361394,-36.9846259570264],[174.900248135495,-36.9845740321915],[174.900809461036,-36.9845756060141],[174.900950772687,-36.9845437931704],[174.901025773908,-36.9844650676288],[174.901311717066,-36.9836910995103],[174.90172668134,-36.982225238864],[174.902135483722,-36.980758265609],[174.900445252181,-36.9797542100825],[174.89875304986,-36.978752315686],[174.898355533099,-36.9785112990728],[174.897904267529,-36.978247232525],[174.897748250141,-36.9781633487024],[174.898390482687,-36.9759836821059],[174.89890403335,-36.9739314490293],[174.899171645063,-36.9732183048513],[174.899411562909,-36.9724791606533],[174.899849324966,-36.9709842985535],[174.90077553368,-36.9677863995356],[174.90129828254,-36.9658810329508],[174.901749534025,-36.9645383163041],[174.901962800694,-36.9637275492283],[174.903046042595,-36.9602867129976],[174.903368231454,-36.9590904532967],[174.903462318589,-36.9588086164127],[174.904267116853,-36.9567007318056],[174.904324833612,-36.9565984319275],[174.904481984016,-36.9561222992069],[174.904961550048,-36.9541562991004],[174.904794183391,-36.9541831822505],[174.90386461739,-36.9539992489425],[174.903654217468,-36.9538940485496],[174.903313050742,-36.9537628154635],[174.903072399914,-36.9536467497283],[174.902805116788,-36.9534790984321],[174.902591565966,-36.9532964825355],[174.901943983663,-36.9525650490184],[174.900780150025,-36.951227965854],[174.900363582684,-36.9506649158953],[174.90009713373,-36.9502324655894],[174.899880966957,-36.9497423659847],[174.899811783235,-36.9495148157272],[174.899559133984,-36.9484719323765],[174.895071292485,-36.9492152258035],[174.894817300387,-36.9492191232127],[174.894299221386,-36.9491306613426],[174.892441549844,-36.9487823989943],[174.892267216943,-36.9487332820786],[174.891759199842,-36.9506098159261],[174.891018149797,-36.9506223490245],[174.890303149915,-36.9505706992936],[174.889817700775,-36.9501185159356],[174.88914468397,-36.9499349992305],[174.888687249367,-36.9505289660273],[174.888606767432,-36.9504886823585],[174.888474200697,-36.9505380651602],[174.888233433612,-36.9505799817792],[174.888089255131,-36.950501422051],[174.887941866022,-36.9504267990038],[174.887868000532,-36.9505078489916],[174.887752649882,-36.9505289317658],[174.887704217253,-36.9505289817649],[174.88755300059,-36.9504786990114],[174.887304150264,-36.9503456323469],[174.887227583684,-36.9502803993114],[174.887133233372,-36.9500880157787],[174.887102800477,-36.9500578990437],[174.887035583189,-36.9500606989407],[174.886988817462,-36.9500900157465],[174.886948316544,-36.9501580489349],[174.886857650022,-36.9501478820071],[174.886744117498,-36.9502128324874],[174.886700033939,-36.950216731866],[174.886584550083,-36.9501803821021],[174.886428016604,-36.9502053159086],[174.886385550487,-36.9501969829753],[174.886214349775,-36.950063215481],[174.885988166802,-36.9500284824259],[174.885974850394,-36.9500237484693],[174.885687550617,-36.949877648689],[174.885574633093,-36.9497697658378],[174.8853780496,-36.9496537153985],[174.8853448834,-36.9495839819871],[174.88519753405,-36.949455015838],[174.885030934115,-36.9493613658162],[174.884871216203,-36.9493202484433],[174.884443900259,-36.9492925984308],[174.883847383809,-36.9492766658317],[174.883474132977,-36.9492261154319],[174.882166169474,-36.9491918559302],[174.881876567966,-36.9492012879793],[174.881686084567,-36.9492353387129],[174.88140956903,-36.9493235606362],[174.881047336152,-36.9493818167486],[174.880605736274,-36.9493313650494],[174.88040228462,-36.9492828793642],[174.880224902008,-36.949219864055],[174.880058001968,-36.9491390491441],[174.879923801808,-36.9490488481436],[174.879866302632,-36.948952896139],[174.87983351854,-36.9487551764488],[174.880011767717,-36.9480827209276],[174.880008451208,-36.9479148701696],[174.879970051148,-36.9477237189734],[174.879895383826,-36.9475907523131],[174.879770784497,-36.9474574189391],[174.879636651336,-36.9473617193683],[174.87946196775,-36.9472829357588],[174.879304301163,-36.9472529356924],[174.878858501338,-36.9472122194112],[174.87860225053,-36.9471563190994],[174.878288651213,-36.9470502687571],[174.877661185095,-36.9467879683043],[174.877274401332,-36.9465884345584],[174.876986384715,-36.946398701818],[174.876476435162,-36.9461167350439],[174.876271250004,-36.9460409839762],[174.87600916675,-36.945968050563],[174.875897183774,-36.9459596505102],[174.875576916033,-36.9448295823755],[174.87516718411,-36.9444324984363],[174.874715300262,-36.9440255151951],[174.873645033667,-36.9438791660056],[174.872904449869,-36.9442686490247],[174.872410333977,-36.9450577492193],[174.872380600518,-36.9455454653616],[174.872637616583,-36.9458125321008],[174.872404500149,-36.9460844488137],[174.872159699711,-36.9461883988363],[174.871826117234,-36.9465315154755],[174.871561432655,-36.9463428652569],[174.870910649796,-36.9463448324306],[174.870645766453,-36.9455129153334],[174.870549433122,-36.9451416152149],[174.8705158333,-36.9447625820544],[174.870478400299,-36.9445626324205],[174.87038221749,-36.944230782163],[174.870244533518,-36.9438988158519],[174.869872633667,-36.9433006489391],[174.868994599514,-36.942493349214],[174.868783933901,-36.9423713651324],[174.867731650789,-36.9418580491786],[174.866457750744,-36.9415749154462],[174.866105883561,-36.9415425325966],[174.865360233732,-36.9415951159624],[174.864656782781,-36.9417747991542],[174.863907550195,-36.9410071985242],[174.86385508282,-36.940586832531],[174.863582249735,-36.9403782662727],[174.863418817079,-36.9405040660205],[174.863315850547,-36.9403981989002],[174.861251666738,-36.9389316326125],[174.862555783212,-36.9381278318044],[174.864546700105,-36.9370064659506],[174.864976699951,-36.9367170652458],[174.865586467229,-36.9362651491933],[174.866317233233,-36.9357672825468],[174.866571867296,-36.9355773656721],[174.866776083903,-36.9353953658815],[174.867973850272,-36.9341287488683],[174.868172883215,-36.9338671661217],[174.868317600803,-36.9335918489762],[174.868379867186,-36.9334107992314],[174.868406416778,-36.9332648491246],[174.868407683997,-36.9326409985197],[174.868360184033,-36.9321552663168],[174.868224933921,-36.9317835489776],[174.867991966532,-36.9312610990407],[174.867484633728,-36.9302855156622],[174.866781332524,-36.9291659984758],[174.866042799748,-36.9279276487442],[174.865955166586,-36.9277858818671],[174.865097399926,-36.9264758488384],[174.862588549734,-36.9230786657397],[174.861504850149,-36.9219558318731],[174.860880184022,-36.9211111318945],[174.860733299792,-36.9209845824377],[174.859817683145,-36.9200499991389],[174.858081533083,-36.918067215985],[174.857359850626,-36.9171276157932],[174.856855433883,-36.9163437154141],[174.856483967207,-36.9155363153543],[174.856459817066,-36.9150827992934],[174.856527199877,-36.9146784985488],[174.856647933571,-36.9143264317811],[174.857279366547,-36.913320432482],[174.85798791677,-36.9119648322926],[174.858067833749,-36.9117693991303],[174.858115217502,-36.9115175653792],[174.858060833262,-36.9112819496015],[174.857952466719,-36.9110364489606],[174.857448700564,-36.9101966820728],[174.857365849857,-36.909918315173],[174.857375199508,-36.9096099487586],[174.857569167243,-36.9090270323766],[174.857672916922,-36.9087976487462],[174.858117165179,-36.9081406528923],[174.858273216634,-36.907959215673],[174.858471150794,-36.9077746658657],[174.85883353318,-36.9075295319555],[174.8590669668,-36.9073942822754],[174.859300867169,-36.90722276549],[174.859485966554,-36.9070607488473],[174.859827616495,-36.9067195985821],[174.86003261647,-36.9065802324908],[174.860314216803,-36.9064458655536],[174.860725400086,-36.9063024492597],[174.86082779954,-36.9062531658228],[174.861335083911,-36.9061072322296],[174.862007050099,-36.9059423323266],[174.86241543363,-36.9058151986802],[174.862477833644,-36.905848282075],[174.862576683811,-36.90582951573],[174.862719382822,-36.9058276824729],[174.86285219927,-36.9057785818279],[174.863910383402,-36.905600382456],[174.864204633756,-36.9055293989171],[174.864259683572,-36.9054971651884],[174.864550834064,-36.9054153324596],[174.864673716436,-36.9054014318946],[174.865369499428,-36.905155782619],[174.866121817525,-36.9049106317758],[174.867032032735,-36.9045646490744],[174.867771417283,-36.9042581488788],[174.868214884022,-36.9041022656927],[174.868525066694,-36.9040382152893],[174.868716166913,-36.9039735492147],[174.869070733102,-36.9038421651828],[174.869205066788,-36.9037668321784],[174.869109217082,-36.9037525990168],[174.869690066979,-36.903465699711],[174.870010233383,-36.9032582158687],[174.870236433658,-36.9030402322767],[174.870446966828,-36.902764165902],[174.870720917174,-36.9023066988052],[174.870972017372,-36.9017891492396],[174.87139250077,-36.9007171488296],[174.871514866618,-36.9002824659941],[174.87169841643,-36.8993973156649],[174.872152850358,-36.8976741160029],[174.872268433872,-36.8971634657347],[174.872534883259,-36.8950390153399],[174.872626049951,-36.89454773229],[174.872794400434,-36.8938339654503],[174.872896600562,-36.8926410990913],[174.872980217266,-36.8922424159121],[174.87316526671,-36.8917215153292],[174.873334133441,-36.8913869317213],[174.873535866288,-36.8910571824624],[174.873885266061,-36.8905985819497],[174.874434683425,-36.8900243652868],[174.875227650049,-36.889290315826],[174.876606500045,-36.8880390488247],[174.877247383952,-36.8875239992306],[174.878062983479,-36.8869016990908],[174.879135450238,-36.8861452820156],[174.881068983168,-36.8848659992716],[174.882688199222,-36.8837469825392],[174.885869399255,-36.8814892991625],[174.886216400541,-36.8812630154693],[174.887041584024,-36.8808420321419],[174.888907033927,-36.8798355489354],[174.889233782601,-36.8797176985858],[174.889733399532,-36.8793987489186],[174.891719500653,-36.8780054651142],[174.892217616,-36.8776399487213],[174.892810216619,-36.8771390153912],[174.893057599778,-36.8768974651682],[174.89328573352,-36.8766448158713],[174.89352754993,-36.8763093986128],[174.893900433305,-36.8756037489251],[174.894485533147,-36.8743362319908],[174.895203100332,-36.8726240990792],[174.895477133499,-36.8714834158288],[174.895534300198,-36.871161748984],[174.895575333991,-36.8707853659932],[174.895570634127,-36.8701164986499],[174.895492067099,-36.8695787319018],[174.895406433416,-36.8692614657985],[174.895292000484,-36.8689460155151],[174.895070900809,-36.8684955158791],[174.89427298314,-36.8671998658494],[174.893884233456,-36.8666330319905],[174.893560900206,-36.8662216817701],[174.892496417148,-36.8649702656555],[174.892000600736,-36.864363648766],[174.89161599963,-36.8638550826385],[174.891195983848,-36.8632446658108],[174.890787033471,-36.8625617318229],[174.890418132542,-36.8618404485397],[174.890137699938,-36.8611739488974],[174.889874482476,-36.8603911993019],[174.889611466828,-36.8592162654326],[174.889260249987,-36.8572995492528],[174.889158600008,-36.8566314152236],[174.889093433486,-36.8559315656015],[174.889077149783,-36.8552156657703],[174.889132834151,-36.8512706159434],[174.889091783172,-36.8499295658682],[174.889086033545,-36.8483991154522],[174.89002789982,-36.8461061986336],[174.900087600782,-36.8463395654821],[174.900177983622,-36.8460949317789],[174.900256449868,-36.8460077492003],[174.900374850675,-36.8459182325796],[174.900496717258,-36.8458531151921],[174.900624767482,-36.8458106491515],[174.900756666379,-36.845789332319],[174.900967149952,-36.8457799492125],[174.901220116739,-36.8457899486909],[174.90152411629,-36.8458381819092],[174.901676683945,-36.8458830655966],[174.901810716324,-36.8459565157941],[174.901983566366,-36.846093065593],[174.902195999999,-36.8463339156648],[174.90239518405,-36.8467057823024],[174.937579016865,-36.8570186652901]]]},"properties":{"LocalBoardName":"Howick","LocalBoardCode":7616,"AreaSqkm":95.3696,"avg_crime":341,"avg_rent":768,"suburbs":["Botany","Howick","Pakuranga","Flat Bush","Dannemora","Beachlands"]}},{"type":"Feature","geometry":{"type":"Polygon","coordinates":[[[174.849150399187,-36.8875801897268],[174.849235750413,-36.8874872654559],[174.852290567228,-36.8880386817469],[174.852102350159,-36.8876116986824],[174.852793933871,-36.8874111818902],[174.853317416806,-36.8873936484231],[174.853329033138,-36.8876140985498],[174.853374300758,-36.8883329658424],[174.853993900143,-36.8884421992924],[174.854018466305,-36.888350265399],[174.854832817522,-36.8885027152866],[174.855170499371,-36.8875046820039],[174.855285699835,-36.8871722491121],[174.85532820072,-36.886994381752],[174.855545983329,-36.8857446324297],[174.855587833298,-36.8843357992903],[174.855563333021,-36.8839496486922],[174.855438000132,-36.8832719991816],[174.855069132861,-36.8819007657092],[174.85481396674,-36.8810811320038],[174.85479904991,-36.8809832319365],[174.854777066958,-36.8806790985035],[174.854655850687,-36.8802246324264],[174.853925850215,-36.8779978485727],[174.853783767243,-36.8775302158487],[174.853232350257,-36.8755123156934],[174.853126132688,-36.8752039658924],[174.852761147278,-36.8744975868875],[174.852145046782,-36.8736564863869],[174.851877345096,-36.8732517894322],[174.850589827197,-36.8721960062612],[174.849254509577,-36.871569505149],[174.847756531174,-36.8709720077091],[174.845698850271,-36.8702052825169],[174.845754266845,-36.8698566657529],[174.845750500084,-36.8696557653961],[174.845650067439,-36.8689771156316],[174.845458516092,-36.8682700631837],[174.846538246477,-36.8681305059303],[174.847618750649,-36.8679948821021],[174.847973683969,-36.8679406984521],[174.848948149966,-36.8678101822669],[174.849608199941,-36.8673893656068],[174.850114266142,-36.8670563658552],[174.851325216621,-36.8662663326016],[174.851476450087,-36.8661319158629],[174.853376482875,-36.8666940486585],[174.854221000185,-36.8669492990624],[174.854589850413,-36.8670651992239],[174.854780799271,-36.8671187490385],[174.855411599559,-36.8673241818249],[174.856139517391,-36.8681701659729],[174.856938249543,-36.8691144488991],[174.857026549954,-36.8692136652445],[174.857338250187,-36.8694187990477],[174.857464100455,-36.8694736658195],[174.857609400534,-36.8695150824789],[174.857853767393,-36.8695554825852],[174.85802355084,-36.8695572323671],[174.859120367286,-36.869473465802],[174.859412533327,-36.8694808823241],[174.859588216149,-36.8695259824872],[174.860929716087,-36.8698866323989],[174.862157233234,-36.8700135490687],[174.862643917407,-36.8700262153581],[174.863502377008,-36.8700273707249],[174.864885100952,-36.8700229230466],[174.865426807354,-36.8700282968112],[174.865871287365,-36.8700134622235],[174.866104052293,-36.8699787062215],[174.867914885714,-36.8693707213819],[174.869525517297,-36.8686605484924],[174.869768800264,-36.8685900489818],[174.870017550228,-36.868624815473],[174.871300633509,-36.8689540492948],[174.871610800534,-36.8690287986765],[174.872100883312,-36.8691404817172],[174.872864317265,-36.86927731578],[174.873860585486,-36.8694308411055],[174.874172933055,-36.8694772152389],[174.874858583334,-36.8691766823876],[174.875223867117,-36.8690596984357],[174.876115617201,-36.8687671484736],[174.877126532789,-36.8684182817486],[174.877271800651,-36.8683975490323],[174.877408466447,-36.8684192990751],[174.877540016528,-36.8684761823776],[174.877995033917,-36.868837548723],[174.878159749548,-36.8689796159835],[174.878789878637,-36.8695074857424],[174.879416716809,-36.8700378818496],[174.879733934123,-36.8702892653997],[174.880674733666,-36.8710647330402],[174.881729833566,-36.8719622652514],[174.881829683994,-36.8720772151589],[174.881837383731,-36.872098082358],[174.881710516395,-36.8726222492307],[174.881532384151,-36.8729765159804],[174.887041584024,-36.8808420321419],[174.886216400541,-36.8812630154693],[174.885869399255,-36.8814892991625],[174.882688199222,-36.8837469825392],[174.881068983168,-36.8848659992716],[174.879135450238,-36.8861452820156],[174.878062983479,-36.8869016990908],[174.877247383952,-36.8875239992306],[174.876606500045,-36.8880390488247],[174.875227650049,-36.889290315826],[174.874434683425,-36.8900243652868],[174.873885266061,-36.8905985819497],[174.873535866288,-36.8910571824624],[174.873334133441,-36.8913869317213],[174.87316526671,-36.8917215153292],[174.872980217266,-36.8922424159121],[174.872896600562,-36.8926410990913],[174.872794400434,-36.8938339654503],[174.872626049951,-36.89454773229],[174.872534883259,-36.8950390153399],[174.872268433872,-36.8971634657347],[174.872152850358,-36.8976741160029],[174.87169841643,-36.8993973156649],[174.871514866618,-36.9002824659941],[174.87139250077,-36.9007171488296],[174.870972017372,-36.9017891492396],[174.870720917174,-36.9023066988052],[174.870446966828,-36.902764165902],[174.870236433658,-36.9030402322767],[174.870010233383,-36.9032582158687],[174.869690066979,-36.903465699711],[174.869109217082,-36.9037525990168],[174.869205066788,-36.9037668321784],[174.869070733102,-36.9038421651828],[174.868716166913,-36.9039735492147],[174.868525066694,-36.9040382152893],[174.868214884022,-36.9041022656927],[174.867771417283,-36.9042581488788],[174.867032032735,-36.9045646490744],[174.866121817525,-36.9049106317758],[174.865369499428,-36.905155782619],[174.864673716436,-36.9054014318946],[174.864550834064,-36.9054153324596],[174.864259683572,-36.9054971651884],[174.864204633756,-36.9055293989171],[174.863910383402,-36.905600382456],[174.86285219927,-36.9057785818279],[174.862719382822,-36.9058276824729],[174.862576683811,-36.90582951573],[174.862477833644,-36.905848282075],[174.86241543363,-36.9058151986802],[174.862007050099,-36.9059423323266],[174.861335083911,-36.9061072322296],[174.86082779954,-36.9062531658228],[174.860725400086,-36.9063024492597],[174.860314216803,-36.9064458655536],[174.86003261647,-36.9065802324908],[174.859827616495,-36.9067195985821],[174.859485966554,-36.9070607488473],[174.859300867169,-36.90722276549],[174.8590669668,-36.9073942822754],[174.85883353318,-36.9075295319555],[174.858471150794,-36.9077746658657],[174.858273216634,-36.907959215673],[174.858117165179,-36.9081406528923],[174.857672916922,-36.9087976487462],[174.857569167243,-36.9090270323766],[174.857375199508,-36.9096099487586],[174.857365849857,-36.909918315173],[174.857448700564,-36.9101966820728],[174.857952466719,-36.9110364489606],[174.858060833262,-36.9112819496015],[174.858115217502,-36.9115175653792],[174.858067833749,-36.9117693991303],[174.85798791677,-36.9119648322926],[174.857279366547,-36.913320432482],[174.856647933571,-36.9143264317811],[174.856527199877,-36.9146784985488],[174.856459817066,-36.9150827992934],[174.856483967207,-36.9155363153543],[174.856855433883,-36.9163437154141],[174.857359850626,-36.9171276157932],[174.858081533083,-36.918067215985],[174.859817683145,-36.9200499991389],[174.860733299792,-36.9209845824377],[174.860880184022,-36.9211111318945],[174.861504850149,-36.9219558318731],[174.862588549734,-36.9230786657397],[174.865097399926,-36.9264758488384],[174.865955166586,-36.9277858818671],[174.853670600857,-36.9309539248921],[174.853473954205,-36.9310546888417],[174.853359270248,-36.9311395546384],[174.853204103369,-36.9313263877069],[174.853111418964,-36.9315052043281],[174.852666032471,-36.9333232898432],[174.852549352732,-36.9334238383605],[174.848582134076,-36.9350371817168],[174.848436950587,-36.9350849488105],[174.848310317073,-36.9351126654958],[174.848074666526,-36.9351371991704],[174.847450732936,-36.9351298153641],[174.847215616535,-36.9351426317598],[174.846893983604,-36.9352211992066],[174.846689966711,-36.9353382661802],[174.846503317115,-36.9353289984775],[174.846128517131,-36.9352369484943],[174.845990082825,-36.9352182992432],[174.845725633335,-36.9352096657177],[174.84554375044,-36.9352294486131],[174.845476116838,-36.9352646653567],[174.845416717404,-36.9353210991851],[174.845308383227,-36.9356048488426],[174.845211133279,-36.9357630658135],[174.845028416913,-36.9359690487166],[174.844941249748,-36.9360280832794],[174.844740284457,-36.9361346000331],[174.844468835604,-36.9361643858763],[174.84424421865,-36.9361485326237],[174.844023182851,-36.9361754658564],[174.843492016513,-36.9360763324203],[174.842116967088,-36.9357742326574],[174.841990933778,-36.9357418656087],[174.840697650309,-36.9354631823652],[174.839873312796,-36.9355203182658],[174.839049316309,-36.9355805485355],[174.839037066861,-36.9354557825024],[174.838926099834,-36.9344727159959],[174.835422150239,-36.9345961157545],[174.835525100339,-36.9350893651586],[174.835926250196,-36.9360152158552],[174.835195900621,-36.936280682476],[174.832050033249,-36.9374999323306],[174.831724833709,-36.9376560151471],[174.831266816826,-36.9378341658682],[174.829860884011,-36.9383717659257],[174.821187000021,-36.9357715322226],[174.818225933668,-36.9357160320931],[174.813276916981,-36.9355888154232],[174.809361216126,-36.9353628156899],[174.807367933955,-36.9352702155482],[174.796517667523,-36.934323315975],[174.79392166716,-36.9339231161573],[174.791816400107,-36.933671248731],[174.791653599498,-36.9336590118783],[174.789459681927,-36.9335737556669],[174.78905756668,-36.9335970322908],[174.786882816158,-36.933860164203],[174.784682566463,-36.9343450821253],[174.782519766953,-36.9348898153128],[174.781335516537,-36.9351605155151],[174.779124616896,-36.9353931659791],[174.776894066739,-36.9355290826096],[174.77614854981,-36.9355522155918],[174.773053983635,-36.9353620321247],[174.772883616811,-36.9339251822851],[174.772259583618,-36.9291768652607],[174.77164596574,-36.9257102201424],[174.771434588259,-36.9256844398494],[174.771336377664,-36.9256972165973],[174.771220859853,-36.9257447166002],[174.771170641067,-36.9258284027294],[174.771060146801,-36.92587730764],[174.770857036151,-36.9260001059126],[174.77081948217,-36.9260881376378],[174.770758656397,-36.9261189536238],[174.770710503872,-36.9261083554166],[174.77068095087,-36.9260607451059],[174.770303307404,-36.9259222857461],[174.770208594787,-36.9258700268785],[174.770111352807,-36.9257613028413],[174.770130979436,-36.925715053986],[174.770414299489,-36.9256192827951],[174.770540333048,-36.9255142487955],[174.770604566665,-36.9254815821476],[174.770929299556,-36.9251556487508],[174.771011450221,-36.9250103652678],[174.771155600363,-36.9248387655556],[174.771185017337,-36.9247634818656],[174.771251882965,-36.9243683656266],[174.771296982883,-36.9242315158391],[174.771342617241,-36.924155948745],[174.771345900624,-36.9240145652541],[174.771382192403,-36.9238825337519],[174.771382633856,-36.9238805559502],[174.771362532849,-36.9238786493261],[174.77132216682,-36.9238747826313],[174.771316665325,-36.9238737857966],[174.771313978511,-36.9238735275322],[174.771070642272,-36.9238502494203],[174.770977233122,-36.9237656832097],[174.770919015584,-36.9237514991409],[174.770858767068,-36.9237368225563],[174.770823398084,-36.9237282059549],[174.770663900192,-36.92368934917],[174.770400966702,-36.9236252826935],[174.770427883365,-36.9235614788824],[174.770444578655,-36.9235219029808],[174.770514116781,-36.9235184813],[174.770648416746,-36.9235135522609],[174.770749632464,-36.9235226264982],[174.770761159627,-36.9235240851244],[174.770764904083,-36.9235247864093],[174.771382387993,-36.9236638465665],[174.771382419228,-36.9236638379886],[174.771382378724,-36.9236404021155],[174.771382376269,-36.9236389861569],[174.771382374942,-36.9236382011151],[174.771382300804,-36.9235887153985],[174.771386494001,-36.9235776142165],[174.771481833698,-36.9233251985371],[174.770617450038,-36.92293573264],[174.770184400173,-36.9227687324009],[174.767369589751,-36.921673453461],[174.76753299771,-36.9214033809573],[174.76758659235,-36.9212637344707],[174.767602203958,-36.921160016282],[174.767590290035,-36.9209634749795],[174.767581049273,-36.9207668409501],[174.767602521323,-36.9205597822425],[174.767967973333,-36.91955140369],[174.768143061202,-36.9190449211341],[174.768209366133,-36.9187293662944],[174.768498332552,-36.9160344489841],[174.768613417231,-36.9154513659117],[174.771525484004,-36.9160781487776],[174.771501150398,-36.9159818985927],[174.771536517523,-36.9156437319538],[174.771814517172,-36.9146586819707],[174.771854750156,-36.9145731822958],[174.772157383032,-36.913640565932],[174.77289318345,-36.91142176601],[174.77307636726,-36.9113652658263],[174.773440830094,-36.9102381479398],[174.773796800579,-36.9091092822881],[174.773871867059,-36.9091244329594],[174.773880217144,-36.9090977990735],[174.774360950535,-36.9091946988372],[174.774380332575,-36.909131532129],[174.774886683072,-36.9092328159984],[174.775464216604,-36.9091520662464],[174.775274866856,-36.9083123493012],[174.775222150705,-36.908067732507],[174.775124433023,-36.9077199319119],[174.774720367231,-36.9058680988514],[174.774774433656,-36.9058690152224],[174.77754934961,-36.9044688488747],[174.778219567431,-36.902115015316],[174.778426700824,-36.9013304164121],[174.778870917021,-36.8991068325068],[174.779539066492,-36.8979252210817],[174.780203967533,-36.8967424321069],[174.781071750462,-36.8952207318976],[174.782242417,-36.8931347821885],[174.782230967036,-36.8931351991429],[174.782302267302,-36.8930398324561],[174.786728234708,-36.8928682931974],[174.789018700584,-36.8927736488165],[174.791154817384,-36.8948841154268],[174.791524283818,-36.8953388156858],[174.791818783256,-36.8958275992889],[174.791971016053,-36.896168832064],[174.792086583864,-36.8965191822648],[174.792164633584,-36.896876165276],[174.792204617267,-36.897237199009],[174.792192682474,-36.8977806160127],[174.792136766895,-36.8981402321839],[174.792043000651,-36.8984950987994],[174.792133367504,-36.8985212819744],[174.794313142735,-36.8990096207609],[174.7943368353,-36.899090915589],[174.794465748709,-36.8991936165585],[174.794919117481,-36.8987193824658],[174.795674517026,-36.8979657824287],[174.796340883452,-36.8972579157501],[174.797109133084,-36.8964789318534],[174.797685792834,-36.8958711673928],[174.798265883557,-36.8952655158145],[174.798843050248,-36.8939500319055],[174.799047405941,-36.8941183905791],[174.799207866886,-36.8942599329895],[174.799415700038,-36.8941838155286],[174.799743450078,-36.8938244655356],[174.800247017074,-36.8941073824603],[174.800738016762,-36.8942787818279],[174.800670683141,-36.8943617824617],[174.80083135067,-36.8944454484742],[174.80138056695,-36.8937559154612],[174.801313016142,-36.8937626488956],[174.801172899963,-36.8936750160837],[174.801513299881,-36.8933240159311],[174.801691333283,-36.8934353822112],[174.802407356596,-36.8926949091448],[174.802724544358,-36.8928601405712],[174.803306310511,-36.8932039188626],[174.803886473544,-36.8935494431351],[174.804998050589,-36.8943249157681],[174.80528343349,-36.8945557988429],[174.805506066693,-36.8947474166327],[174.805927630793,-36.8950847368376],[174.806445997211,-36.8955807366572],[174.807062499213,-36.8963314151943],[174.807165266541,-36.8965457325619],[174.80777626603,-36.8976580151701],[174.808234483382,-36.8986100009914],[174.809810783591,-36.9017008153897],[174.810123133768,-36.9023649993566],[174.810529800287,-36.9039010821642],[174.810832433175,-36.9039652824729],[174.810995633651,-36.9039564154612],[174.811069466316,-36.9039324986199],[174.811148549904,-36.9038804152919],[174.811204316514,-36.9037691653938],[174.811477933425,-36.9034734986195],[174.811716350816,-36.9037085489736],[174.812167216776,-36.904103632754],[174.812971482742,-36.9046446488615],[174.8136450507,-36.9050218996234],[174.814100799948,-36.9052460486428],[174.816365683811,-36.9061028486988],[174.817348383102,-36.9064892322833],[174.817841550776,-36.9067099485913],[174.818375583597,-36.9070065492152],[174.818498167208,-36.9068154319545],[174.818701000606,-36.9062368489462],[174.818712467396,-36.9059535486367],[174.81863236742,-36.9058057493435],[174.818509083397,-36.9054547322395],[174.818377383623,-36.9046489156751],[174.818330583509,-36.9043480319045],[174.818125983304,-36.903761732162],[174.817948816982,-36.9035907992002],[174.818892750633,-36.9025000659147],[174.819118466991,-36.9025175154622],[174.819675233249,-36.901863398509],[174.819515966612,-36.9017751655279],[174.820632583097,-36.9004753154689],[174.822318983368,-36.8984963154026],[174.822295966771,-36.8983971157191],[174.822965783196,-36.8975739154282],[174.823050650071,-36.897177066009],[174.823413396636,-36.8968310016522],[174.823777950568,-36.8964861657768],[174.824607133503,-36.8956880990751],[174.824587932869,-36.8954711328975],[174.823833816934,-36.8950156323269],[174.823790182665,-36.8948858329291],[174.823934116712,-36.8941301323499],[174.823969200146,-36.8939257325286],[174.824580166802,-36.8930482988098],[174.824807294622,-36.8927443387174],[174.824801211395,-36.892553384358],[174.824718914023,-36.8923747979997],[174.824722334364,-36.8922377954941],[174.824875682421,-36.8919402449908],[174.825045633844,-36.8919757485335],[174.825417592164,-36.892048010865],[174.825818667301,-36.8911910494001],[174.825929517398,-36.8909625996122],[174.826402433646,-36.8906312820633],[174.826751012602,-36.8904098520676],[174.827097132722,-36.8901859484438],[174.828531983284,-36.8890476320677],[174.829138583852,-36.888217148672],[174.829515449552,-36.8879062159141],[174.829908383318,-36.8878413987164],[174.830052749839,-36.8878879989166],[174.830146304545,-36.8876673324299],[174.830926617476,-36.8878927986936],[174.831407499955,-36.8880563817466],[174.833634233271,-36.8902250991434],[174.833789683256,-36.8903678486992],[174.835029783578,-36.8912067492646],[174.836148783726,-36.8918204988022],[174.837699550445,-36.8928387987663],[174.838192034143,-36.8923519990023],[174.838389500241,-36.8921214991103],[174.838470333204,-36.8921816492806],[174.839050400243,-36.891291198642],[174.839214133936,-36.8912626819155],[174.840642499996,-36.8922283322492],[174.840769817309,-36.8921558322012],[174.8409379668,-36.8922600319394],[174.841022400752,-36.8923604986322],[174.841187466959,-36.8922710828098],[174.841333150756,-36.8921706825865],[174.841461816627,-36.8920506158377],[174.841608066605,-36.8918745318918],[174.841781999814,-36.8919364153417],[174.841969482637,-36.891896915242],[174.842044916714,-36.8917522819906],[174.842333316704,-36.89184926555],[174.84242518376,-36.8918765822359],[174.84255828407,-36.8916008492708],[174.84268431636,-36.8916451819532],[174.843428683897,-36.8918956152287],[174.843838650486,-36.8913592155865],[174.844289667059,-36.8907943324942],[174.845317316611,-36.8903588154656],[174.847020033281,-36.8897877322216],[174.846933349758,-36.8893679986189],[174.847553913292,-36.8888713655821],[174.848050740741,-36.8884737499571],[174.84872922359,-36.8879307450316],[174.849068617157,-36.887659115742],[174.849150399187,-36.8875801897268]]]},"properties":{"LocalBoardName":"Maungakiekie-T\u0101maki","LocalBoardCode":7615,"AreaSqkm":42.5736,"avg_crime":346,"avg_rent":645,"suburbs":["Onehunga","Penrose","Glen Innes","Panmure","Ellerslie"]}},{"type":"Feature","geometry":{"type":"Polygon","coordinates":[[[174.705885616159,-36.7691254323728],[174.705605126303,-36.769228031712],[174.704635999887,-36.7695825154274],[174.70405185028,-36.7700251154208],[174.703682618054,-36.7701047106404],[174.704013161617,-36.7705317999717],[174.703800055707,-36.7705031699887],[174.703709135087,-36.7705259338771],[174.703649903364,-36.7705706517006],[174.703584314336,-36.7706425014704],[174.703242021387,-36.7701996890416],[174.703021700311,-36.7702471820156],[174.703650481979,-36.7710582938941],[174.703691900064,-36.7711464317748],[174.703237666722,-36.7713766154342],[174.70302691696,-36.7713891985651],[174.702819649914,-36.7714233326472],[174.702511868461,-36.7716459715846],[174.70233588518,-36.7717572869872],[174.702229618395,-36.7718466197103],[174.70191743572,-36.7722847199626],[174.700604538007,-36.7730905211685],[174.700166070265,-36.7734520534495],[174.699782452474,-36.7739354200008],[174.699655486739,-36.7744665199224],[174.69923532201,-36.7753390219317],[174.698948403083,-36.7758796379171],[174.698657304237,-36.7765007208691],[174.69797636982,-36.7772576201255],[174.697244202082,-36.7778778698592],[174.696623003783,-36.778522655454],[174.696001872139,-36.7793070896961],[174.694655388922,-36.7807055238464],[174.693567289761,-36.781331757389],[174.693352106091,-36.7813653245911],[174.692599788007,-36.7816635243212],[174.690754089167,-36.7826503409306],[174.690251821823,-36.7829381915576],[174.688318140898,-36.7839126242088],[174.687519024608,-36.7841943243054],[174.685567916363,-36.7846539493192],[174.683450700182,-36.7852561986776],[174.681922034014,-36.785882648959],[174.680116433808,-36.7869495317742],[174.679233999476,-36.7876110153829],[174.677580732933,-36.7888973159015],[174.676648399537,-36.7900106825309],[174.676101267365,-36.7917233819751],[174.676016500377,-36.7952110155016],[174.676032916474,-36.7970060155411],[174.675925767331,-36.7988071824454],[174.675627616983,-36.802368832548],[174.675375050117,-36.8059798662814],[174.674641467166,-36.8145372152897],[174.674601032985,-36.8146831654643],[174.652049867009,-36.8194514993135],[174.649619683058,-36.820361265547],[174.647426150393,-36.8212611152121],[174.645453283595,-36.8221439653096],[174.643662117522,-36.8232182489951],[174.642997133207,-36.8236422991381],[174.641605099415,-36.8250465824975],[174.64133071695,-36.8256367656472],[174.636637850691,-36.8234989488966],[174.636625950396,-36.8232879318498],[174.635990883418,-36.8233307828444],[174.635774650133,-36.8229385818105],[174.635758699973,-36.8227794917544],[174.63574626702,-36.8226201990358],[174.635459767483,-36.8227014987948],[174.635325984104,-36.8223744318319],[174.635362683357,-36.8217771318622],[174.635501366196,-36.8214501491382],[174.635860467179,-36.821547182405],[174.635880900309,-36.8213610828872],[174.636114633782,-36.8214081823185],[174.636241267479,-36.8211405491566],[174.635975383487,-36.8210879659322],[174.635367167085,-36.8207252655364],[174.635720717205,-36.8204220321968],[174.635309600651,-36.820169465784],[174.635055116467,-36.8200999987874],[174.633340049908,-36.8203993659951],[174.633009050338,-36.8203365487448],[174.632334899472,-36.8201142156831],[174.630214733558,-36.8193951984469],[174.629923983971,-36.8191832987581],[174.629704799983,-36.8188623821691],[174.628823699979,-36.8176223324734],[174.628052165923,-36.8165698154973],[174.62700305039,-36.8151042817823],[174.625238333748,-36.8155667491129],[174.623154133622,-36.8135854158795],[174.621799299401,-36.8122644822212],[174.620125733271,-36.8106844653448],[174.619783765958,-36.8103178489604],[174.61948439959,-36.8099544325083],[174.619361450007,-36.8097646824514],[174.619129883487,-36.8094483656309],[174.618447583502,-36.8085461155849],[174.618343050565,-36.8083845825481],[174.618312467084,-36.8082977209987],[174.618011932923,-36.8083289992648],[174.61606658388,-36.8086598324866],[174.610141800503,-36.8088552151926],[174.610162899864,-36.808877232068],[174.608866516876,-36.810020281766],[174.608473367378,-36.809387482035],[174.607747149284,-36.8091290664067],[174.6077605662,-36.8090444319237],[174.6076998833,-36.8089707821215],[174.607579650581,-36.808895982398],[174.60751855026,-36.8088034823611],[174.607598850528,-36.8086513818341],[174.6075992167,-36.8084699651364],[174.60765193326,-36.8084088992366],[174.607640367328,-36.8083685984843],[174.607509116966,-36.8082868493473],[174.607472684032,-36.8082381486938],[174.607479200122,-36.8081889322634],[174.60754933363,-36.8080751485936],[174.607569783452,-36.8079601158315],[174.607516033546,-36.8079112824666],[174.607381100057,-36.8078813487179],[174.607141366586,-36.807726715196],[174.607095182488,-36.8077294153204],[174.607039966616,-36.8076910817923],[174.606960816433,-36.8076658991409],[174.606956000092,-36.8076160985739],[174.606975916223,-36.8075869323328],[174.607020000579,-36.8075638490828],[174.607021800213,-36.8075464985998],[174.606973016487,-36.8074325485923],[174.606876083624,-36.8073572655356],[174.606699933458,-36.8073038655781],[174.606586984126,-36.8072892654112],[174.606512849864,-36.8071424322929],[174.606451466558,-36.8071023484232],[174.606424816229,-36.8070598158375],[174.606471416706,-36.8069176826111],[174.606522033243,-36.8068838489643],[174.60644335003,-36.8067926657326],[174.606423667388,-36.8067298987575],[174.606367950389,-36.8067013821979],[174.606327966617,-36.8066591153561],[174.606306633277,-36.8066598317216],[174.606258249815,-36.8067090152116],[174.606069666902,-36.8067800985139],[174.60597324963,-36.8067895159234],[174.605896484057,-36.8067797985188],[174.605843400564,-36.8067391659606],[174.605852750425,-36.8066022159838],[174.605804417017,-36.8065402486835],[174.605626833628,-36.8065167487287],[174.605424966598,-36.8065327157589],[174.605383549778,-36.8065159488166],[174.605345683357,-36.8064248491803],[174.605279467525,-36.8064480485393],[174.605143017511,-36.8064515654574],[174.605079367278,-36.8064234825822],[174.605036716454,-36.8063662317422],[174.60495541736,-36.8063261824702],[174.604920550568,-36.8062913824393],[174.604921366557,-36.8062149152711],[174.604882133229,-36.8061468486513],[174.604868600406,-36.8060833322736],[174.604895749978,-36.805983965446],[174.604857083496,-36.8059423491291],[174.604796667389,-36.8059098489854],[174.604708666693,-36.8057836485337],[174.604716100472,-36.8057315985401],[174.604750433569,-36.8056840817483],[174.604713066845,-36.8054496822531],[174.604620549851,-36.8054048653479],[174.604699266269,-36.8053000154328],[174.604675866303,-36.8052932662888],[174.604546049935,-36.8051549991072],[174.604431216092,-36.8051845318171],[174.604226482863,-36.8050543824953],[174.604099683856,-36.8050900154611],[174.604059283071,-36.8049881159718],[174.604108299436,-36.8049226153967],[174.604113116437,-36.8048910988352],[174.604056583341,-36.8048047159724],[174.603940217466,-36.8047488656732],[174.603921183873,-36.8047263817142],[174.603907066451,-36.8046692322678],[174.60384258328,-36.8045858652657],[174.60380008387,-36.8045597984763],[174.603801666328,-36.8045029320983],[174.603669150054,-36.804323482382],[174.603654567393,-36.8041430323604],[174.603579049993,-36.8040037324451],[174.603592117021,-36.8038509151362],[174.603580882596,-36.8038105157164],[174.603427199634,-36.8036969485256],[174.603223183738,-36.803587649072],[174.603082516684,-36.8033862988351],[174.602953500834,-36.8033037157169],[174.602878133782,-36.8032117984371],[174.602925316846,-36.8031726160808],[174.602985500131,-36.8031499491574],[174.603041183255,-36.8030721320115],[174.603128317002,-36.802998765427],[174.603234383453,-36.802946632219],[174.603139616733,-36.8027716817485],[174.60317090023,-36.8027454825073],[174.603168883432,-36.802712565438],[174.603195733106,-36.8026946654172],[174.603225133107,-36.8026376988716],[174.603262250503,-36.8025210159914],[174.603280283339,-36.8023113155074],[174.60327435012,-36.8020404654653],[174.603290317501,-36.8019142157475],[174.603347566492,-36.8017500159354],[174.603344883298,-36.8017026651576],[174.603297717439,-36.8016431155996],[174.603166750028,-36.8015623824533],[174.603076132637,-36.8014815819908],[174.603078383505,-36.8014245993153],[174.603124700805,-36.8013173325544],[174.603120399496,-36.8012736496353],[174.602946467154,-36.8011074324287],[174.602860050446,-36.8009546320936],[174.602860749754,-36.8009157491645],[174.602914050674,-36.8008151819832],[174.60302725044,-36.8006719493171],[174.603020916879,-36.8006267488339],[174.602957549925,-36.8005850988629],[174.602824566451,-36.8005480495718],[174.602575533256,-36.8005559491475],[174.60243313322,-36.8004013484959],[174.60221433343,-36.8002994663763],[174.602130232704,-36.8002121992254],[174.601749516494,-36.8001959829383],[174.60155023338,-36.8001000822856],[174.601527849757,-36.8000645992595],[174.60157526634,-36.7999936318751],[174.601672883947,-36.7999520319381],[174.601875133394,-36.7998099822336],[174.601838249723,-36.7996629153336],[174.601711517443,-36.79940099884],[174.601708750195,-36.7992689984752],[174.601738566932,-36.7991782323745],[174.60182961713,-36.7991187987796],[174.601860016826,-36.7990767989969],[174.601861932928,-36.7988167153132],[174.601886800135,-36.7987537321738],[174.601937117332,-36.798718648893],[174.601954615913,-36.7985662820884],[174.601990383854,-36.7984638485923],[174.601982433879,-36.798276282584],[174.601999233773,-36.7982517984916],[174.602116166519,-36.7981996659307],[174.602132350252,-36.7981249484795],[174.602119283228,-36.7980785992583],[174.602084183261,-36.798038115576],[174.601946232869,-36.797984716346],[174.601917300821,-36.7979508485238],[174.601904233659,-36.7979117490233],[174.601920482947,-36.797844798748],[174.601913600773,-36.7977548659034],[174.601738367428,-36.7975595652152],[174.601720033134,-36.7975095651231],[174.601877917473,-36.7973319156706],[174.60198505029,-36.7971293651781],[174.602234150287,-36.7968773489057],[174.602277183972,-36.7968004488615],[174.602264116938,-36.7968082658772],[174.602228966423,-36.7966570320553],[174.602155783263,-36.7964719656287],[174.602169233217,-36.7963756817726],[174.602274933755,-36.7962657655327],[174.602300249345,-36.7961848154844],[174.602298733332,-36.7961104329394],[174.602204750019,-36.7958512321036],[174.602198366916,-36.7957273152486],[174.602219016498,-36.795606115951],[174.602293165928,-36.7954625159319],[174.602487682875,-36.7952497322693],[174.602559716662,-36.7951060821763],[174.60210095041,-36.7952967986238],[174.601373400331,-36.7955413488348],[174.599011516595,-36.79616609877],[174.595627766619,-36.795755432534],[174.595390000551,-36.7953635485653],[174.594961150619,-36.7949340817877],[174.592043366869,-36.7935027317778],[174.591329366603,-36.7932609988599],[174.591202721996,-36.7934981219623],[174.591153709464,-36.7937009715797],[174.591163186266,-36.7935461714881],[174.591176537403,-36.7934386651875],[174.591300938556,-36.7931805908204],[174.591306770562,-36.793057491276],[174.591330972355,-36.7929780410796],[174.591520871762,-36.7926695422603],[174.591617819961,-36.7925798936981],[174.59169000397,-36.7924176597723],[174.591721086271,-36.7921578441313],[174.5916690357,-36.7918499612722],[174.591709585616,-36.7916913118576],[174.59179908497,-36.7915323290009],[174.592002267822,-36.791242962659],[174.592320166645,-36.7906139152662],[174.592452200054,-36.7904402657659],[174.592732817434,-36.7901718656025],[174.593395750458,-36.7896601155171],[174.595595800451,-36.7878163157874],[174.595903683664,-36.787603249219],[174.596777299442,-36.7871063326116],[174.597351017243,-36.7867332995228],[174.597991266866,-36.786275132583],[174.598443483402,-36.7858982320821],[174.599245967259,-36.7851214986307],[174.59939188332,-36.7849576817505],[174.599478083781,-36.7848306651816],[174.599571216437,-36.7846562817751],[174.599654183173,-36.7844068486061],[174.59991323357,-36.7830910151837],[174.599993716447,-36.7828006656666],[174.600070600419,-36.7826018153797],[174.600173416749,-36.782373332231],[174.600190683516,-36.7823539159268],[174.600235616736,-36.782342165825],[174.60045591658,-36.7819945657907],[174.600545650655,-36.7818290157531],[174.600547666567,-36.7817889323875],[174.600617117374,-36.7817052486987],[174.600816816682,-36.781349199033],[174.600936266545,-36.7810766664392],[174.601101649735,-36.7805595652003],[174.601215983622,-36.7803391817843],[174.60129836633,-36.7802610653553],[174.601604934087,-36.7800879320172],[174.601798616957,-36.7799412161268],[174.60207406631,-36.7796120651282],[174.602438234126,-36.7792744485766],[174.602645949177,-36.7790502988589],[174.60309358354,-36.7784577984285],[174.603229349605,-36.7783048986637],[174.603343332865,-36.7781475160131],[174.603363767521,-36.7780847319157],[174.603590716602,-36.7777769818569],[174.603938350084,-36.7773464823949],[174.604066483504,-36.7771280157784],[174.604241499628,-36.7768785988774],[174.604527383898,-36.7765959657475],[174.604809333881,-36.776395749154],[174.605056534103,-36.7761582151833],[174.605500800281,-36.7758437491159],[174.605901216906,-36.7755105317626],[174.606121883584,-36.7752591995625],[174.606250250158,-36.7751459991718],[174.606280949735,-36.7752304319826],[174.606311583605,-36.7751875823793],[174.606454716855,-36.7750953322208],[174.606809067257,-36.7748086492421],[174.606870766437,-36.7747685652697],[174.60693293303,-36.7747795324869],[174.607015950452,-36.7746405489867],[174.607070916903,-36.774613365334],[174.607279717505,-36.7744213991285],[174.607610949996,-36.7740481317606],[174.607849749931,-36.7736999986182],[174.607887450089,-36.7734901651366],[174.607905350073,-36.7735096155115],[174.608009533394,-36.7732416485264],[174.608116484012,-36.7727784826044],[174.60813266595,-36.7724114993095],[174.608611183263,-36.7725380652984],[174.610842850665,-36.7729560492979],[174.611585266076,-36.7731225823901],[174.613796566061,-36.773445565227],[174.615656949741,-36.7732173492786],[174.617854350461,-36.7729183992923],[174.619521066447,-36.7727756990809],[174.621706383497,-36.7729098656129],[174.623951433703,-36.7730201155582],[174.626186083922,-36.7732320824796],[174.628377633018,-36.7733835653586],[174.630736117482,-36.7734614825979],[174.630955617505,-36.7734944818072],[174.632397582876,-36.7735775824719],[174.632714850608,-36.7701668325679],[174.632801199903,-36.7695601821537],[174.632860232697,-36.7689668819122],[174.633238800337,-36.7664939155402],[174.633302450124,-36.7658151823533],[174.633287483918,-36.7653247160012],[174.633215116888,-36.764887115546],[174.633121584112,-36.7644988818182],[174.632736500356,-36.7631723654473],[174.632681332469,-36.7627310824306],[174.632708666966,-36.7624727825855],[174.632730350752,-36.7623692487472],[174.632965650072,-36.7618197318287],[174.633061466481,-36.7615149651233],[174.63311579977,-36.7612651991705],[174.633138850012,-36.7612304159508],[174.633171217363,-36.7609011321272],[174.633151816791,-36.7604567819804],[174.633165900001,-36.7602236319723],[174.633194833015,-36.7600957488178],[174.633317150306,-36.7597657157305],[174.633652283105,-36.7590626159137],[174.633838216308,-36.7581597484616],[174.63416938368,-36.7572100989622],[174.634344817158,-36.7568671151342],[174.634539066677,-36.7566183158665],[174.634998349892,-36.7560982484451],[174.635248717258,-36.7556473158667],[174.635334066356,-36.7555551154451],[174.635660700146,-36.7552971995758],[174.635711400187,-36.7552338659058],[174.635783933103,-36.7550877985528],[174.635797317512,-36.7547919653119],[174.635835533448,-36.7544689990279],[174.635836582965,-36.7542513656135],[174.6357803165,-36.7541095156451],[174.635673283107,-36.7535983491779],[174.635623449749,-36.7535031487672],[174.635437816553,-36.7532993319668],[174.635361900825,-36.7531688324985],[174.635327566694,-36.7530146987873],[174.635345616754,-36.7527713488292],[174.635417582496,-36.7526141989362],[174.635512599752,-36.7524838652879],[174.635709783689,-36.7523061485851],[174.635761767018,-36.7522731654791],[174.635884033491,-36.7522329486305],[174.636002116143,-36.7522420484552],[174.636517049784,-36.752346798597],[174.636692383686,-36.7523616658418],[174.636919899902,-36.7523257326039],[174.637038234122,-36.7522851991178],[174.637497150261,-36.7520688987661],[174.637667500679,-36.7520366317633],[174.638333083337,-36.752077098884],[174.638797717429,-36.7520862658824],[174.638839400552,-36.752066649213],[174.638651266816,-36.7516482995538],[174.637381333485,-36.75138323214],[174.637194666723,-36.7510242821041],[174.637317116889,-36.7508211322714],[174.638134133024,-36.7505936484968],[174.638961016874,-36.7502679157239],[174.639404882622,-36.7497991158334],[174.639267449871,-36.7495381659074],[174.638467633143,-36.7493593319241],[174.638165317268,-36.7492488825998],[174.63821754998,-36.7489333155889],[174.638509832503,-36.7486370987066],[174.638596900744,-36.7483254991205],[174.638220850572,-36.7476451485119],[174.638056566363,-36.7472721823276],[174.63837259995,-36.7467931317816],[174.63890794992,-36.7464926324829],[174.639538450499,-36.7462318492857],[174.639626600634,-36.7460003987493],[174.640020966683,-36.7459045992036],[174.640667466586,-36.7459300818683],[174.641977416529,-36.7460614821093],[174.642619366599,-36.7459225330548],[174.643400599969,-36.7459834989065],[174.645069033128,-36.7454948160037],[174.645259717172,-36.7453711326031],[174.645829250548,-36.7452510158899],[174.64619381734,-36.7451047319075],[174.646917349985,-36.7448517823794],[174.647351649992,-36.7447625825997],[174.647439233151,-36.7445042156851],[174.647687183437,-36.7439460487999],[174.648461633825,-36.7438030817699],[174.649319717388,-36.7433872822809],[174.649864249846,-36.7434453820342],[174.650196616454,-36.7435875658417],[174.650592550508,-36.7434846654803],[174.650810267541,-36.7433375996675],[174.651289117185,-36.7425061154925],[174.65257428249,-36.7425127318356],[174.653017950411,-36.7422145320416],[174.653309550527,-36.7419207153573],[174.654090134051,-36.7416480325166],[174.655088316729,-36.7414423157682],[174.655206133611,-36.7409790820095],[174.655453333533,-36.7406195988826],[174.656119366613,-36.7400505987723],[174.65603078298,-36.7398045820748],[174.656365332808,-36.739118832062],[174.656368650303,-36.7386017493136],[174.656496566887,-36.7383079320884],[174.656521333824,-36.7380944824712],[174.656814217049,-36.7379763994048],[174.656711133076,-36.7376794825164],[174.656796249675,-36.7374789492703],[174.65724784973,-36.7367775494685],[174.658349932751,-36.7363222157085],[174.65867621654,-36.735879807691],[174.658959890903,-36.7355123563087],[174.659128758078,-36.7353334494304],[174.659976456617,-36.7346200940804],[174.66025312854,-36.7344153660802],[174.660628825417,-36.7341601737675],[174.660986808519,-36.7339628533486],[174.661218420075,-36.7338929379971],[174.661623187039,-36.7338191935476],[174.661823758824,-36.7337657243149],[174.661917415048,-36.7337240851031],[174.662001916314,-36.7336650491732],[174.662186650007,-36.7334705659885],[174.662263508978,-36.7332796285289],[174.662266704995,-36.7331032110131],[174.662155996644,-36.7327636990695],[174.662116100085,-36.7325856805496],[174.662142033059,-36.7324246491502],[174.662239766241,-36.7322557822933],[174.662304656697,-36.7321925177506],[174.662609175601,-36.7320093906629],[174.663358997596,-36.7316639565502],[174.663528604644,-36.7315720329619],[174.663798290781,-36.7313836399848],[174.66403830831,-36.7311753443401],[174.665022148744,-36.7300022531118],[174.665174318355,-36.7298477138555],[174.665254099492,-36.7297890328534],[174.665436505254,-36.7296888169006],[174.666140258608,-36.7294050189479],[174.667160349525,-36.7290334990034],[174.667327001417,-36.7289258960148],[174.667556310572,-36.7287173125734],[174.667669066475,-36.7285794147633],[174.667924696419,-36.7280670824986],[174.66802451698,-36.7279191828439],[174.668400083384,-36.7277169491841],[174.668523450137,-36.72760903475],[174.668711420678,-36.7272673504156],[174.668794767149,-36.7270475486509],[174.66891561557,-36.7266860619838],[174.668983741945,-36.7265560539598],[174.669684209993,-36.7256686011169],[174.669940408133,-36.7254080330563],[174.669975549647,-36.7253536656206],[174.669995756513,-36.7252369722002],[174.669830716938,-36.7246668819816],[174.66952726157,-36.7240008613401],[174.669347283397,-36.7237879658186],[174.669112723941,-36.7236401288842],[174.669022786821,-36.7235082085935],[174.668980589138,-36.7233584898417],[174.668998514719,-36.7232162204736],[174.669143900088,-36.7227393873485],[174.669164900509,-36.7225878825931],[174.669072578032,-36.7223794780252],[174.668322488895,-36.7211129647737],[174.667886262352,-36.7204198538061],[174.667863550188,-36.7202931322514],[174.667914680092,-36.7197627258165],[174.667893462381,-36.7196248504153],[174.667813518701,-36.7194792683498],[174.667524052853,-36.7190820278521],[174.667436123445,-36.7188776407742],[174.667394454841,-36.7187044204141],[174.667395761543,-36.7184993859509],[174.66745294816,-36.7180232170093],[174.667440968137,-36.717867232291],[174.667394429187,-36.717680002448],[174.667225147863,-36.7172664909514],[174.667262865039,-36.716850266775],[174.667260899937,-36.7166145321459],[174.667176502774,-36.7164185628008],[174.666717333177,-36.7156502984942],[174.666860049748,-36.714812948972],[174.666504317287,-36.7140444326271],[174.666225416655,-36.713573465502],[174.66627968412,-36.7130855484853],[174.66571945049,-36.7122699318792],[174.668034400497,-36.7107291155143],[174.66820501722,-36.7108607155689],[174.671607100748,-36.712329998685],[174.672156566839,-36.7124483326112],[174.672945983213,-36.7129222155136],[174.674132782806,-36.7142336991009],[174.674979049676,-36.7133508821817],[174.675202183315,-36.712826915816],[174.675389716402,-36.7126341487358],[174.676517433557,-36.7119486158823],[174.677079283591,-36.7109034488661],[174.677284983122,-36.7108116653698],[174.678225050428,-36.7110431327408],[174.679439049537,-36.7103174993504],[174.68012641674,-36.709484049493],[174.681699317254,-36.7089760659504],[174.682178850103,-36.7091892660873],[174.682611067098,-36.709663232235],[174.683082816747,-36.7100303159559],[174.68539289979,-36.7097245995661],[174.686119984027,-36.70980654927],[174.686634533465,-36.7099155824382],[174.686718167023,-36.7098938656512],[174.687982866829,-36.7093725992232],[174.688292449433,-36.7092304157463],[174.688444266387,-36.70913154904],[174.689099516599,-36.7086341659641],[174.689368400748,-36.7085441988737],[174.68976034514,-36.7085819268065],[174.690237163018,-36.7087281156043],[174.690648746024,-36.7096131553536],[174.690786566377,-36.709758760499],[174.690970708632,-36.7098974788315],[174.691275464237,-36.7100929379022],[174.691572616202,-36.7102384996248],[174.692767593381,-36.7105588596756],[174.693476796499,-36.7107895621994],[174.694108564521,-36.7110292876187],[174.694353419612,-36.7111443694351],[174.695358675558,-36.7115110827685],[174.695695232673,-36.7115884867934],[174.695918884979,-36.7116482896671],[174.696257057116,-36.7117678298957],[174.696606498073,-36.7119511347737],[174.696759099383,-36.7120819666784],[174.696981592538,-36.7120163976689],[174.697361970561,-36.7120125009976],[174.697890873861,-36.7119099471866],[174.698205274096,-36.7118016862253],[174.698553669576,-36.7116501582991],[174.698981242345,-36.7112879326021],[174.69913518622,-36.711215180763],[174.699378258393,-36.711152907273],[174.700035460994,-36.711030868457],[174.700229770727,-36.7109320252406],[174.700393017795,-36.7109010058372],[174.700750261229,-36.7109035943185],[174.701130029123,-36.7109787122974],[174.701577745146,-36.7112288757751],[174.70175580244,-36.7112581942407],[174.702002345362,-36.711236924193],[174.702252282527,-36.7111549697698],[174.703137766661,-36.711107081726],[174.703792017543,-36.711298999754],[174.704293683112,-36.7112081990886],[174.704678350717,-36.7112135152855],[174.70494178308,-36.7110536492528],[174.705396833247,-36.7111186495923],[174.706052616311,-36.7109619997171],[174.706371316156,-36.7108181326253],[174.707013058609,-36.7100941147348],[174.70736943301,-36.7096715791405],[174.707444991912,-36.7095292177152],[174.70757093823,-36.7091681797791],[174.707734327615,-36.7089336996753],[174.707850073347,-36.708814822561],[174.708486409223,-36.708337884586],[174.708661747446,-36.7082661005849],[174.708819927386,-36.708245136863],[174.709427318977,-36.7082766911666],[174.709754239042,-36.7082531762284],[174.71001573155,-36.7081820877643],[174.710187566456,-36.7081110729659],[174.7103856136,-36.707989849789],[174.710797302054,-36.7075230053633],[174.710875102502,-36.7074638323339],[174.711027759855,-36.7073886446556],[174.711758179177,-36.7071681876711],[174.711972092514,-36.7070755352174],[174.712270796625,-36.70688386822],[174.712481121952,-36.7067257529957],[174.712793209274,-36.7063862393643],[174.71288229655,-36.7063096052892],[174.713172464267,-36.7061461321376],[174.713504432835,-36.7059069109365],[174.713691934763,-36.7058503435166],[174.713839455749,-36.7058544883398],[174.714378172776,-36.7059891327402],[174.71450231796,-36.7059991406632],[174.714685460392,-36.7059746719273],[174.714890679799,-36.7058766763282],[174.71528148781,-36.7056406666924],[174.715900427419,-36.7054447977422],[174.717819060249,-36.7046588017879],[174.717915845314,-36.7046081502959],[174.718347184387,-36.7042866212044],[174.719034352884,-36.703761285108],[174.719174210241,-36.7036369678842],[174.719349585361,-36.7034201101306],[174.719462298639,-36.7033084830014],[174.719679422257,-36.7031878865672],[174.719971860894,-36.703059423065],[174.720657822362,-36.7026741195705],[174.72079887695,-36.7025760869693],[174.7209376163,-36.7024076806891],[174.721145856967,-36.7024801620376],[174.721613730308,-36.7026264281693],[174.721779061903,-36.7026896275022],[174.721990516544,-36.7028099047175],[174.722142732551,-36.7029792881858],[174.722260473557,-36.7031650254313],[174.722507409548,-36.7037394801746],[174.722666078659,-36.7040800037873],[174.722821297387,-36.7043125487482],[174.723076049222,-36.7045742126019],[174.723401059281,-36.704817001494],[174.724363380523,-36.7053848739466],[174.724486348517,-36.7054838564333],[174.72463811458,-36.7056420353966],[174.724699901852,-36.7057298456634],[174.724915716052,-36.7062448146811],[174.724991967732,-36.7064447474657],[174.725057386753,-36.7065631127025],[174.7251409827,-36.706691239458],[174.725238965102,-36.7067913242048],[174.725398233079,-36.7069330605497],[174.726059012825,-36.7074477274538],[174.726441793413,-36.7077734854633],[174.727757033621,-36.7091198985629],[174.72790443364,-36.709336332487],[174.727948316573,-36.7096282707413],[174.727964102599,-36.7099849980991],[174.727904232969,-36.7103841651859],[174.727662235953,-36.7108060137365],[174.727253668404,-36.7113843369251],[174.727027429778,-36.7117647575173],[174.726706384136,-36.7125364322763],[174.726612250416,-36.7128419658546],[174.726412303435,-36.7133478637462],[174.726132932846,-36.713987548831],[174.725326983574,-36.7148044486176],[174.724872032767,-36.7160086489033],[174.724880833171,-36.7169807825139],[174.724813183631,-36.7171106488176],[174.724802817486,-36.717172298532],[174.724645550289,-36.7176790656426],[174.724539133133,-36.7181702320669],[174.724365666441,-36.718903282278],[174.724343433269,-36.7191827987547],[174.724199030036,-36.7199876550424],[174.724171131528,-36.7201771158248],[174.724105958549,-36.7204124707928],[174.724084077568,-36.7205354549971],[174.723744350595,-36.7214972986746],[174.723235183643,-36.7228025817819],[174.723103015265,-36.723266790166],[174.723089913805,-36.7234474445366],[174.723108383268,-36.7236833489727],[174.723411777819,-36.7244699270231],[174.723428904911,-36.724468214243],[174.723690497279,-36.7250110983148],[174.723998585995,-36.7257637088563],[174.72422247831,-36.7262232177656],[174.724334466589,-36.7263575490868],[174.724448087315,-36.7264643694441],[174.724575980853,-36.7265407563798],[174.724726049192,-36.7266060819705],[174.724878238416,-36.726649125475],[174.725390163618,-36.72665226756],[174.725935204535,-36.7266081407522],[174.726182879956,-36.7265990460633],[174.726504641815,-36.7266591681145],[174.726780532975,-36.7267475728509],[174.726934908779,-36.7268344352724],[174.727860241524,-36.7275526260657],[174.727996609781,-36.7276389382254],[174.728314750425,-36.7277288827295],[174.728815868011,-36.7278256620929],[174.729886975517,-36.7279194189211],[174.730089617477,-36.7279532989091],[174.730420749691,-36.7280740603353],[174.730668223608,-36.7282177840112],[174.730852725869,-36.7283829761371],[174.731174250777,-36.728759398913],[174.73125946712,-36.7288636495172],[174.732255662061,-36.7301353401903],[174.732611251514,-36.7304402641166],[174.733447404264,-36.7309670082822],[174.733599312248,-36.731090965508],[174.733720458504,-36.7312558951591],[174.733838485869,-36.7314222836396],[174.733889475255,-36.7315878470035],[174.733891101888,-36.7319003392327],[174.733726881647,-36.7328956913714],[174.733715095609,-36.7330456258134],[174.733734623606,-36.7333549745711],[174.733834616005,-36.7336841012102],[174.734094667889,-36.7341561490968],[174.734333655899,-36.7344950518278],[174.735215333489,-36.7356843988673],[174.735293600518,-36.7357946984742],[174.735462294984,-36.735963071759],[174.735707983938,-36.7361527817848],[174.737035165761,-36.7367459015217],[174.739403633042,-36.7376619484378],[174.739991399934,-36.7379057817478],[174.740634978023,-36.738119549321],[174.741276633333,-36.7383370320367],[174.741874300455,-36.7386887492742],[174.742245383631,-36.7391135823517],[174.742293133047,-36.7399648829365],[174.742239400387,-36.7402411154926],[174.742117416549,-36.7405367821111],[174.741689399761,-36.7411694653373],[174.741575800137,-36.741330299986],[174.740344849892,-36.7429761661921],[174.739764966468,-36.7437673495565],[174.739408959622,-36.7443258296376],[174.739339664683,-36.7444897658752],[174.739277832184,-36.7448057826519],[174.738496916609,-36.7451762321888],[174.738227083701,-36.7452959153984],[174.737897333677,-36.7454751159621],[174.737499375352,-36.7456586243283],[174.737430463122,-36.7456930388761],[174.737439300126,-36.745868765695],[174.73688805007,-36.7483695155461],[174.737430333396,-36.7488683824709],[174.735912466611,-36.7495351160949],[174.735293690552,-36.7494406457013],[174.734882715224,-36.7496898689518],[174.734357784147,-36.7500042478213],[174.734397982861,-36.7500475662231],[174.734260993459,-36.7501301767446],[174.734203373868,-36.7501649232865],[174.734189593328,-36.7501732328346],[174.733945847699,-36.7503202196842],[174.73308298297,-36.7508405490711],[174.732988066494,-36.750882382281],[174.731594099793,-36.7514412156149],[174.73209866688,-36.7519176989713],[174.732174466749,-36.7520827822027],[174.731743749485,-36.7521883986233],[174.73060141739,-36.7524012655184],[174.729570833214,-36.7525755652784],[174.729247382561,-36.7527718486589],[174.729077316667,-36.752992248637],[174.728728216509,-36.7535471492353],[174.727872166953,-36.7547860656566],[174.72759591534,-36.7550960519031],[174.726910116545,-36.7554879992792],[174.725733549853,-36.7562664156877],[174.722806983514,-36.7581118661566],[174.722753433472,-36.75833854854],[174.7234641998,-36.7604638658561],[174.723588483875,-36.7610208990255],[174.723439566916,-36.7614428492484],[174.723377600238,-36.7615068487536],[174.72323588276,-36.7616072820557],[174.722088249177,-36.7621834153856],[174.721671332628,-36.7624500156741],[174.721567733114,-36.7626836322552],[174.721488701137,-36.7633676144047],[174.721404733381,-36.7640512157281],[174.721058909195,-36.7641989823797],[174.718697454875,-36.7652360154012],[174.718293354686,-36.7649539793089],[174.718107046025,-36.7647982227631],[174.71805113295,-36.764935615698],[174.718206316945,-36.7650679655742],[174.717943733716,-36.7652616656489],[174.717765216926,-36.7651526659975],[174.717561566677,-36.765244515525],[174.717341933072,-36.7650572324951],[174.716674583478,-36.7651944656132],[174.716318433214,-36.764733898952],[174.715784317249,-36.765000765635],[174.716452633335,-36.7658609492417],[174.71609745019,-36.7660394821123],[174.715394216237,-36.7651341992297],[174.715096699497,-36.765283032194],[174.714585283302,-36.7646207988805],[174.713230249594,-36.7652998659756],[174.713295400423,-36.7653839324193],[174.712431334926,-36.7658169363428],[174.712311853245,-36.765662846783],[174.712066904053,-36.7656421351581],[174.71198775513,-36.7655822701163],[174.711870345276,-36.7655921524632],[174.711733599964,-36.7657204672904],[174.711640466887,-36.7657160676636],[174.711601116453,-36.7656317011428],[174.711480316877,-36.7656492673346],[174.711432774977,-36.7656495264045],[174.711385466039,-36.7656533172688],[174.711363426415,-36.7656586884135],[174.71134386676,-36.7656684674144],[174.711306928737,-36.7656930435602],[174.71127168428,-36.7657191800911],[174.711228021447,-36.7657437124339],[174.711204661502,-36.7657507185994],[174.711141965208,-36.765757145935],[174.711115404913,-36.7657633147875],[174.71104149924,-36.7657913884792],[174.710968767284,-36.7658213808725],[174.710476244994,-36.7651842960688],[174.709890033518,-36.7654867675385],[174.709577086474,-36.764849691351],[174.709024083415,-36.765126065407],[174.709605466368,-36.7658776656798],[174.70916860048,-36.7660986994079],[174.70952511663,-36.7670398824496],[174.708894661843,-36.7677516515757],[174.708464631894,-36.7680691494696],[174.708486716662,-36.7682245509175],[174.707127566734,-36.7688646488821],[174.707099868798,-36.7688101290376],[174.707083053758,-36.7688490310057],[174.707063516539,-36.7688871008462],[174.707048066675,-36.7689086465286],[174.707028225447,-36.7689277228961],[174.707004588659,-36.7689437571101],[174.706977866091,-36.768956267684],[174.706848316091,-36.7690004837495],[174.706789177369,-36.7690238292581],[174.706734483139,-36.7690533669976],[174.706705363865,-36.7690745492215],[174.706679582982,-36.7690983675714],[174.706665749694,-36.7691171675094],[174.706641049589,-36.7691637005951],[174.706625036652,-36.769183560795],[174.706606608059,-36.7692020155303],[174.706585952974,-36.7692188753675],[174.706563283413,-36.7692339672443],[174.70651969174,-36.7692408538193],[174.706475289189,-36.7692419684131],[174.706431248666,-36.7692372815831],[174.70638873351,-36.7692269171329],[174.706333346363,-36.7692062238004],[174.706276350209,-36.7691885836722],[174.706257336784,-36.7691877975273],[174.706239650676,-36.7691934673415],[174.706216561726,-36.7692078390258],[174.706197366878,-36.7692255342135],[174.706164717255,-36.7692419837505],[174.706100016006,-36.7692653170602],[174.706078461406,-36.7692763904684],[174.706060816903,-36.7692912842748],[174.706061222353,-36.7693030325163],[174.706069282791,-36.7693128343293],[174.706075900351,-36.7693179673165],[174.706118616353,-36.7693422511553],[174.706128756723,-36.7693536652629],[174.706136249333,-36.7693663341386],[174.706137538497,-36.7693789755212],[174.706131787616,-36.7693907854378],[174.706120077401,-36.7694016540283],[174.706104933446,-36.769409298874],[174.705885616159,-36.7691254323728]]]},"properties":{"LocalBoardName":"Upper Harbour","LocalBoardCode":7603,"AreaSqkm":82.5706,"avg_crime":800,"avg_rent":798,"suburbs":["Albany","Browns Bay"]}},{"type":"Feature","geometry":{"type":"Polygon","coordinates":[[[174.674601032985,-36.8146831654643],[174.694770100473,-36.8357127157845],[174.688486916625,-36.8361805817771],[174.683539100121,-36.8371641658103],[174.678797117487,-36.8388987651521],[174.672592916806,-36.8422404655487],[174.66864450084,-36.8457728820826],[174.664035250757,-36.8505258656489],[174.661265583229,-36.8542211824826],[174.660193017132,-36.8576990318216],[174.659428090396,-36.8602533700083],[174.658601816642,-36.8629296996909],[174.658911849727,-36.8655401988697],[174.660225166829,-36.871179265431],[174.660722050194,-36.8752558657562],[174.661617666259,-36.8787096158772],[174.66338971734,-36.8813789657311],[174.665632067048,-36.8823005822826],[174.662692366091,-36.8849745986836],[174.660291400814,-36.8870356818508],[174.66013226749,-36.887020265335],[174.658754337574,-36.8882334087957],[174.65830701666,-36.8886221819141],[174.656862983924,-36.8898574659697],[174.656571783586,-36.890117249109],[174.656146816798,-36.8905347990813],[174.655301500418,-36.8913410490781],[174.654546547187,-36.8920886043621],[174.653789350018,-36.8928346990545],[174.652932200071,-36.8936846659021],[174.652347667478,-36.8942473322468],[174.651737133985,-36.8948585986297],[174.65091945058,-36.8956628157414],[174.650706833216,-36.8962067654975],[174.650077300233,-36.8977813492436],[174.649948927562,-36.8980834263465],[174.649761489267,-36.8983310130155],[174.649412393641,-36.8981129355106],[174.648035462565,-36.8971986006835],[174.647887062589,-36.8973061313476],[174.647775037806,-36.8973340643762],[174.646187316605,-36.8974063320582],[174.646199217097,-36.8980140653394],[174.6454711833,-36.8986546494452],[174.643854566776,-36.8994912658997],[174.644042000316,-36.9005521655871],[174.643494317014,-36.9021518486739],[174.642652500398,-36.9026420659939],[174.642255133375,-36.9026699321837],[174.641899650328,-36.9026092820407],[174.641779200438,-36.9023964662355],[174.641938599658,-36.9020333825754],[174.641873616935,-36.9020144321094],[174.641987649509,-36.9015510652903],[174.642035083049,-36.9009603653777],[174.642070783994,-36.9008170487329],[174.641614516715,-36.9006725660101],[174.637887199441,-36.9046335988966],[174.637743653255,-36.9047817093028],[174.637507283494,-36.9047082169806],[174.637269679709,-36.904593454676],[174.637053339695,-36.9046095674568],[174.63664281823,-36.9045983963925],[174.636588282995,-36.9045460472445],[174.636527766448,-36.9043621809887],[174.63645669981,-36.9043239485059],[174.636439950672,-36.9043216320347],[174.636244849191,-36.9043245829984],[174.635600666571,-36.9041913990264],[174.635461216244,-36.9040642164085],[174.635431033657,-36.9039876653454],[174.635393933478,-36.9038603001267],[174.635270133214,-36.9037666151479],[174.635254250535,-36.9036078655545],[174.635212650112,-36.9035145153373],[174.635137617499,-36.9034571990867],[174.635032332881,-36.9034255326279],[174.634999917011,-36.9033907656201],[174.634990382977,-36.9033379819442],[174.635011183969,-36.9032552829885],[174.635020215024,-36.9030789844529],[174.634985595132,-36.9029835866233],[174.634945028129,-36.9029493040524],[174.634894862657,-36.902951720628],[174.634779996251,-36.9030189868837],[174.634646228898,-36.9030637196908],[174.63455787868,-36.9030687040787],[174.634502012045,-36.9030424718745],[174.634474993403,-36.9029994731898],[174.634434790274,-36.9027843268496],[174.634322971451,-36.9026432801454],[174.634233336085,-36.902485082709],[174.634107434103,-36.9023703021287],[174.633965867249,-36.9023090529242],[174.633915432209,-36.9022642372992],[174.63388601573,-36.9021948716751],[174.63387629917,-36.9020454408412],[174.633853482556,-36.9019923575314],[174.633817116382,-36.9019670231126],[174.633701336593,-36.9019471696348],[174.633637855218,-36.9019122652467],[174.633542462996,-36.9018284730371],[174.633510506409,-36.9017794162012],[174.633483331417,-36.9017285345841],[174.633305931956,-36.9015686481246],[174.633292314738,-36.9014855700068],[174.633309643932,-36.9013057575012],[174.633291995769,-36.9012331733971],[174.633229432633,-36.9011493828869],[174.63311470915,-36.9010627635552],[174.63310272908,-36.9010316242071],[174.633141691117,-36.9009711664543],[174.633242481984,-36.9008808845241],[174.633349520707,-36.900629885231],[174.633395901321,-36.9004504231444],[174.633478763845,-36.9002342915881],[174.632941672494,-36.8997500834604],[174.632651880146,-36.8994266180544],[174.632481047083,-36.8992025968828],[174.632346515502,-36.8989718906009],[174.632122266628,-36.8985014818917],[174.632060705114,-36.89829688809],[174.631997099957,-36.8980114491032],[174.631964183555,-36.8977624656114],[174.631906866488,-36.8959367170675],[174.631901832805,-36.8958537506178],[174.631780134142,-36.8959775164673],[174.631658200759,-36.8960462152818],[174.631631733654,-36.8960826826293],[174.631555916711,-36.8962474318325],[174.631364100003,-36.8965096819572],[174.631327849768,-36.8966006488655],[174.631297750604,-36.8967597819502],[174.631236066474,-36.8968148987546],[174.63115073318,-36.8968614321692],[174.631089917054,-36.8970111658142],[174.631059933794,-36.8970349487641],[174.630989450206,-36.8970466985539],[174.630672800595,-36.8969641154238],[174.630525317068,-36.8969492485021],[174.6304578829,-36.8969947659768],[174.630380683348,-36.8970961158268],[174.630296217396,-36.8971705318899],[174.630066184108,-36.8972734985606],[174.63002973367,-36.8973179488544],[174.62999446724,-36.8974155818133],[174.629929999547,-36.8975022484459],[174.629787866481,-36.897647065315],[174.629479033111,-36.8980723155434],[174.629321116357,-36.898258598923],[174.629221066951,-36.8983101325387],[174.629140299626,-36.8983145996242],[174.628926316861,-36.8982188158592],[174.628841882889,-36.8982029984328],[174.628789083033,-36.8982270657396],[174.628747333014,-36.8982716153531],[174.628722683659,-36.898377965398],[174.628715383686,-36.8984920824983],[174.628739300326,-36.8986719491205],[174.62869083362,-36.8989648818834],[174.628675482699,-36.8992582159584],[174.628623816336,-36.899329415771],[174.628520815953,-36.8994130658143],[174.62838005026,-36.8994759155174],[174.627855782696,-36.8996122484541],[174.627679399936,-36.8996748318962],[174.627525216948,-36.8997558491999],[174.627380717214,-36.8998445988751],[174.627318167161,-36.8999011487779],[174.627213583242,-36.9001461323428],[174.627025917091,-36.9002187996328],[174.626871099885,-36.9003385326105],[174.626665682486,-36.9005875989312],[174.626410634094,-36.9007984491589],[174.62622798365,-36.9010594154725],[174.625887616666,-36.9013572984843],[174.625756416467,-36.9015524819423],[174.62555555065,-36.9017788825756],[174.625473283114,-36.9019383324267],[174.625453982833,-36.9022399323845],[174.625400650428,-36.9024509989529],[174.625380650495,-36.9024982990583],[174.625261750565,-36.902753332227],[174.625208416986,-36.9029322158137],[174.625233249929,-36.9037211318531],[174.62518205061,-36.9040752484784],[174.625065916714,-36.9044769490949],[174.625063500757,-36.9047038992847],[174.625044332471,-36.9047596985454],[174.624502117332,-36.90465339862],[174.622574316564,-36.9042538652706],[174.62099893318,-36.9034763652027],[174.618792933537,-36.9024150990697],[174.618396788549,-36.9022140657463],[174.617586417128,-36.9017919490358],[174.615866583499,-36.9009323318879],[174.615505683424,-36.9003826654387],[174.615407916936,-36.9002754653194],[174.61405691665,-36.8988522658455],[174.613003133566,-36.8981943317782],[174.612882316634,-36.8979856322941],[174.612580600172,-36.8979751986606],[174.611065049834,-36.8974171820403],[174.61098386712,-36.8973294154334],[174.610373200222,-36.8964926324203],[174.610174383871,-36.8963154659229],[174.608921766515,-36.8959686651968],[174.608339100647,-36.895824548536],[174.608484400729,-36.8955968818636],[174.608561283497,-36.8954073153147],[174.608539015993,-36.8952401822271],[174.608557232995,-36.8951660160164],[174.608622050161,-36.895103265436],[174.608751050196,-36.8951199657208],[174.609203866975,-36.8941518987973],[174.608836433472,-36.8940865822059],[174.608536483059,-36.8939923491064],[174.608074017075,-36.8937127821141],[174.607913799882,-36.8935826484242],[174.607794899555,-36.8935324818478],[174.607693567287,-36.8935146660358],[174.607517266619,-36.8935337495436],[174.607291066495,-36.8936124820754],[174.607069099752,-36.8937147490863],[174.606759016941,-36.8939080487251],[174.606730817212,-36.8939456986417],[174.606732416454,-36.8939853656609],[174.606781500533,-36.894033082223],[174.606862784073,-36.8940777817279],[174.606977816982,-36.8940879992276],[174.607114399255,-36.8940493823853],[174.607265733575,-36.8940349818105],[174.607321599342,-36.8940442157005],[174.607351232774,-36.89409778182],[174.607113766852,-36.8943627817988],[174.607059000551,-36.8944437157232],[174.607017333186,-36.8944705657386],[174.606967050362,-36.8944842985307],[174.606898250375,-36.8944737657158],[174.606724334049,-36.8943475158169],[174.606676967162,-36.8943197825787],[174.606621684096,-36.8943117988037],[174.606513117359,-36.89434993256],[174.606423567021,-36.8944044157048],[174.606345999206,-36.8945166986565],[174.606248599232,-36.8946045155213],[174.606209432548,-36.8946819986467],[174.606189883462,-36.8948106156176],[174.606212699714,-36.894975215283],[174.606188434124,-36.8950305992985],[174.606088865929,-36.8951126153597],[174.606013566891,-36.8951220151305],[174.605924683053,-36.8951078990679],[174.605854700573,-36.89508026573],[174.605718783546,-36.8949914659289],[174.605591183527,-36.8948654319765],[174.605496767106,-36.894744915501],[174.605375617348,-36.8944803489423],[174.605255149971,-36.894379898842],[174.605144850019,-36.8938764152931],[174.605005200746,-36.8939551484605],[174.60474404977,-36.894068181815],[174.604361017539,-36.8943270989785],[174.604282716036,-36.8940469656403],[174.604004633253,-36.8938809992713],[174.602801666476,-36.8884718153942],[174.601401816534,-36.8820706487996],[174.601372267402,-36.8819419820247],[174.600377450145,-36.8814947160054],[174.598336217045,-36.8818203657802],[174.59832623327,-36.881722198456],[174.597860817177,-36.8797104485554],[174.597123417508,-36.876466615509],[174.597072449937,-36.874987781778],[174.596961117118,-36.8750165318218],[174.593764935448,-36.8754870430706],[174.590568017479,-36.8759544153472],[174.589908883198,-36.8748495156176],[174.588976066235,-36.8729238996768],[174.588941882564,-36.8728670318399],[174.588868732781,-36.8722869652769],[174.588774850768,-36.8716568652562],[174.588900917277,-36.8711672654648],[174.588920199984,-36.8706974489011],[174.589035500168,-36.8698677817688],[174.589228661044,-36.8683117943152],[174.589219783475,-36.8681698489103],[174.589301332293,-36.8677051014438],[174.587763216131,-36.8676368325827],[174.58458151739,-36.8673445325337],[174.584659899222,-36.8671068652436],[174.58512093384,-36.8662665822643],[174.586059033808,-36.8657130486643],[174.586416616732,-36.8654857154638],[174.586701767505,-36.8653461985934],[174.587406117268,-36.8649143321321],[174.58893005047,-36.8640159325802],[174.589522863097,-36.8637670666023],[174.590159516009,-36.8635554738048],[174.59087638611,-36.8633972002275],[174.591815509989,-36.8633938609297],[174.591805924316,-36.8632905315199],[174.591933300034,-36.8630489159669],[174.593529166549,-36.8613363159014],[174.594303066906,-36.860702848655],[174.594317533678,-36.8606314160482],[174.594302200039,-36.8600695987578],[174.594744633468,-36.8595904488899],[174.595089783227,-36.8587487156465],[174.595068249951,-36.8581987822404],[174.595185883069,-36.858028748837],[174.595366700425,-36.8578464657224],[174.595350500447,-36.8576609991615],[174.59533915074,-36.8574291318712],[174.595747500238,-36.8571094484923],[174.596251216711,-36.8567739653889],[174.596571583526,-36.856390198493],[174.596934667337,-36.8561235327336],[174.597727984112,-36.8557601156903],[174.598093233951,-36.8553408152003],[174.59814414984,-36.855013415168],[174.597652932741,-36.8550312320456],[174.596472000274,-36.854298698977],[174.595675695075,-36.8539672088545],[174.594922494149,-36.8535986376038],[174.594480897395,-36.8534737271994],[174.594532549395,-36.8527952624867],[174.594648449744,-36.8525161820379],[174.594442499739,-36.8518904322885],[174.5937231325,-36.8506296985129],[174.593589250135,-36.8505958825972],[174.593666566932,-36.8505262157616],[174.594161633335,-36.849703015198],[174.594235433294,-36.8496439655015],[174.594349550258,-36.8483494154862],[174.594803900512,-36.8477911492166],[174.595026350451,-36.8471879318786],[174.594847399587,-36.845717632487],[174.594439099723,-36.8443748486175],[174.594417533382,-36.8439559992298],[174.593867100179,-36.8436484152198],[174.593677683319,-36.8434349658165],[174.594496566492,-36.8418554151652],[174.595051767366,-36.8417738155244],[174.595783500759,-36.8415971988811],[174.596119333248,-36.8415337652519],[174.596923900135,-36.841016265826],[174.596862717283,-36.8408716818788],[174.596175749492,-36.8406027652518],[174.596277933288,-36.8399207158504],[174.596522483389,-36.8394930653682],[174.597148800813,-36.8384924321562],[174.596764033632,-36.8383302491929],[174.596696650329,-36.8379250825693],[174.596955565889,-36.836524698603],[174.596226795286,-36.836015148776],[174.596055051144,-36.8359429217478],[174.595814459518,-36.8358880047893],[174.595724674284,-36.835877721332],[174.595569281614,-36.8358785238069],[174.595429184711,-36.8358984497259],[174.59516311714,-36.8359638654043],[174.593619633259,-36.8364631987816],[174.592517366486,-36.8373312484576],[174.591920865975,-36.8373927324589],[174.591205650819,-36.8373349490066],[174.588691950208,-36.8368569984601],[174.587206584051,-36.8361822990701],[174.586789383491,-36.8362072658795],[174.586339399982,-36.8363387825139],[174.586302749981,-36.8362753158406],[174.584891484016,-36.8345743490679],[174.582304616931,-36.8339152992501],[174.581310433867,-36.8329366157295],[174.581648283005,-36.8308970485356],[174.582149200263,-36.8291924658156],[174.582422283852,-36.8290028157413],[174.58224066726,-36.8288815822494],[174.582206699805,-36.8286558325065],[174.582208766839,-36.8285660329064],[174.582293799995,-36.8284556827998],[174.582351399628,-36.8283157488437],[174.582169517053,-36.827955199208],[174.582181566834,-36.8277555986573],[174.582224199741,-36.8276565491619],[174.582279683321,-36.8276093323328],[174.582684083588,-36.8274111824293],[174.582810683044,-36.8272354320632],[174.582899283374,-36.8271557996418],[174.582955249846,-36.8271368989683],[174.583186699725,-36.8271142993121],[174.583234717414,-36.8270852152148],[174.583594583389,-36.8267559658964],[174.583874133667,-36.8265880828512],[174.583938817267,-36.8265008317502],[174.583979517151,-36.82633584863],[174.584025517035,-36.8262785989071],[174.584066100244,-36.8262430488548],[174.584188966517,-36.826200132335],[174.584263566809,-36.8261546987352],[174.584325434094,-36.8260716826467],[174.584320499741,-36.8260004652448],[174.584296300171,-36.8259516323673],[174.584222783393,-36.8258666320964],[174.584173699838,-36.8257745323683],[174.58415591626,-36.8256046661128],[174.584204367232,-36.8255217829],[174.584258032909,-36.8255041489672],[174.584593783963,-36.8254817997582],[174.584651599286,-36.8254927658384],[174.584738965917,-36.8255702323338],[174.584848534029,-36.8255894328686],[174.584983849603,-36.825562531887],[174.585121500402,-36.8255157324845],[174.585316682714,-36.8254131162448],[174.585372733496,-36.8253978485538],[174.585454850266,-36.8254014324097],[174.585499917131,-36.8253784827397],[174.585560383251,-36.82525401621],[174.585617399868,-36.8250607489043],[174.58567671691,-36.824953531864],[174.585744749938,-36.8248706996092],[174.585971983576,-36.8246762151271],[174.586208766964,-36.8243839995798],[174.586332683534,-36.8242598163292],[174.586479466408,-36.8241708661672],[174.586744565981,-36.8241331317632],[174.586916449732,-36.8240795322246],[174.587075700054,-36.8239607660921],[174.587273100076,-36.8238607995563],[174.587426483485,-36.823667532721],[174.587367516021,-36.8235492489459],[174.587402050094,-36.8235147493204],[174.587561632972,-36.8234615492765],[174.587728966867,-36.8232818984545],[174.587934617402,-36.822962382653],[174.587919066618,-36.8228768825596],[174.588131033832,-36.8225597319712],[174.588131700486,-36.8224735158898],[174.588099215934,-36.8223877156329],[174.58816493248,-36.8223215991467],[174.588256350814,-36.8222700821854],[174.588307016973,-36.822191131962],[174.588350066577,-36.8220142656306],[174.588394317344,-36.8219326663234],[174.588490366699,-36.821887282436],[174.588547417122,-36.8218134161695],[174.588572633088,-36.821634448997],[174.588619666728,-36.8215561321707],[174.588691299996,-36.8214966497469],[174.588645916077,-36.8214148492353],[174.588630049993,-36.821329465203],[174.588717467166,-36.82127483214],[174.588924932625,-36.8212073823896],[174.589113800237,-36.8212157329509],[174.589143499651,-36.8211292657751],[174.589241400297,-36.8210910657132],[174.589351150465,-36.821072766277],[174.589425449315,-36.8210123319864],[174.589430982841,-36.8208324659145],[174.58933649983,-36.8207922822299],[174.589427633204,-36.8207423987734],[174.589483916938,-36.8205689488577],[174.589469899711,-36.8204824657795],[174.589405382669,-36.8204089823253],[174.589463483313,-36.8203535157041],[174.589396466696,-36.8203216828949],[174.589571166816,-36.8199907655794],[174.589536633417,-36.8199125492826],[174.58934673342,-36.8198180825804],[174.589182799467,-36.8196965157516],[174.589114316784,-36.8196254160791],[174.589089633447,-36.8195408160597],[174.589171282787,-36.8194837656739],[174.589598732598,-36.8193760156886],[174.589699183018,-36.8193372989378],[174.58974728261,-36.8192594153921],[174.58973856669,-36.8191697652257],[174.58982400026,-36.8191330996956],[174.589935233299,-36.8191394162091],[174.590008349948,-36.8190784159862],[174.590081833821,-36.8189088153343],[174.590169632987,-36.8188554317239],[174.590273233401,-36.8188213495795],[174.590349584083,-36.8187569987558],[174.590405233236,-36.818678782302],[174.590566366606,-36.8185548819059],[174.590669450192,-36.8185206657211],[174.590780183103,-36.8185072490037],[174.59098841612,-36.818542466114],[174.591073833055,-36.8184846997065],[174.591141349945,-36.8184131159199],[174.591128266182,-36.8183282493094],[174.591068999826,-36.8182468157639],[174.591001033611,-36.8181809156779],[174.590735617452,-36.8180153492772],[174.590663583914,-36.8179468822236],[174.590626300245,-36.8178626494051],[174.590629067515,-36.8177729159609],[174.590687799727,-36.8175872326179],[174.590728866822,-36.8174865993012],[174.590697315329,-36.8175019103278],[174.590783491438,-36.8172771656348],[174.590788403969,-36.817058080032],[174.590760967379,-36.8169534913956],[174.590686481269,-36.8168192380638],[174.59065216935,-36.816693582579],[174.590501522376,-36.8165014073733],[174.590413485092,-36.8164290007132],[174.590325499633,-36.81638661259],[174.590262748882,-36.8163826440571],[174.590235599259,-36.8163944943009],[174.590197250607,-36.816474697559],[174.590150650317,-36.8164801648357],[174.590119766244,-36.8164674124743],[174.590103813959,-36.8163944082765],[174.590113694815,-36.8162851533009],[174.590096744577,-36.816227634501],[174.590057326567,-36.8161762832266],[174.589932557371,-36.816078544951],[174.589922390042,-36.8160786953446],[174.589790005229,-36.8159147069447],[174.589745020506,-36.8158124727197],[174.589740602698,-36.8156192189816],[174.589786951182,-36.8154407999148],[174.58962721711,-36.8150689987511],[174.589552433111,-36.8150202158446],[174.58950964922,-36.8150145990381],[174.589319966857,-36.8150298658724],[174.589253850559,-36.8150214989197],[174.589124349446,-36.8149547995684],[174.589072966721,-36.8149119158192],[174.589006316453,-36.8147102159641],[174.589020333813,-36.8146445321818],[174.589046883717,-36.8146234322354],[174.58909156651,-36.8146289985922],[174.589144666505,-36.8146551821885],[174.589164833335,-36.8146891819068],[174.589212067243,-36.8147196659115],[174.589309633088,-36.8147462826056],[174.58935041682,-36.8146646156793],[174.589332999805,-36.8145806819549],[174.588862816212,-36.814113632331],[174.588835232742,-36.8140080986847],[174.588922766765,-36.813766682393],[174.588901032638,-36.8136641154185],[174.588824116713,-36.8135218151528],[174.588607450714,-36.813364965539],[174.588530183681,-36.8132897652464],[174.588485883507,-36.8131315325495],[174.588418500248,-36.8129939657347],[174.588418116068,-36.8128785987465],[174.588383933293,-36.8127388991594],[174.588333633554,-36.8126570820089],[174.588274932844,-36.8126314658956],[174.588131816544,-36.8126429151288],[174.587879399633,-36.812618599124],[174.587563083157,-36.8125110819145],[174.587367717543,-36.8122693823153],[174.587391633266,-36.8121288327886],[174.587371249886,-36.8120839488471],[174.587263399174,-36.8120278991707],[174.587157632677,-36.8118066990208],[174.587067783682,-36.811689615728],[174.587003933704,-36.8116335156614],[174.586998133131,-36.8115608991404],[174.587043000063,-36.8114181825272],[174.587167732875,-36.8113174159877],[174.587212133757,-36.8112322825511],[174.587160200282,-36.8111009823496],[174.587029049335,-36.8109515159774],[174.586988000744,-36.8108607484718],[174.586963417132,-36.8107277157196],[174.586974083151,-36.8106862156385],[174.587133434118,-36.81054513193],[174.587172883426,-36.8104925320697],[174.587171766854,-36.8103772658284],[174.587109750043,-36.8102808986081],[174.587004000143,-36.8102493154309],[174.586966950199,-36.8101985488609],[174.586955999802,-36.8101260326062],[174.587026633129,-36.8100170322527],[174.587027550342,-36.8099400490266],[174.586874550728,-36.8098182992599],[174.58677408374,-36.8097160660089],[174.5867840841,-36.8096719157707],[174.58682678262,-36.8096272822612],[174.586923000379,-36.8095882990139],[174.586949049275,-36.8095574822017],[174.586940916707,-36.8095087822754],[174.586866966077,-36.8094570659875],[174.58684403361,-36.8094043658858],[174.586887450019,-36.8093341318767],[174.587057433202,-36.8092307325023],[174.587070283275,-36.8091905652277],[174.58705913338,-36.8090433322713],[174.587016199649,-36.8089502490342],[174.586917967497,-36.8088515329558],[174.586874632918,-36.8087530819237],[174.586825650564,-36.8085533819347],[174.586766316854,-36.8084682990305],[174.586708599808,-36.8084234651927],[174.586580717342,-36.8083838653964],[174.586473183084,-36.808329232153],[174.586362999764,-36.8081971160101],[174.586328000153,-36.8080413821129],[174.586352450652,-36.8079067151383],[174.586447600141,-36.8077302825233],[174.586413233307,-36.8076000490766],[174.586356583811,-36.8075188493017],[174.586229583188,-36.8074061323091],[174.586073416215,-36.8073186488206],[174.585884966666,-36.8072667817512],[174.585594483746,-36.8072722486356],[174.585533083251,-36.8072624492542],[174.585474399866,-36.807229598826],[174.585454249938,-36.8071799322977],[174.585487700126,-36.8069958817652],[174.585528283596,-36.80689584872],[174.585743432805,-36.8067193991787],[174.585930250116,-36.8066428154212],[174.586081833144,-36.8066327153248],[174.586154765979,-36.8066631318462],[174.586221316606,-36.8067359989465],[174.586289900249,-36.806736966026],[174.586353799855,-36.8066926988133],[174.58636419987,-36.8066659659171],[174.586311466101,-36.8065279155758],[174.586370117224,-36.806414815545],[174.586563766625,-36.8063154827099],[174.586854033939,-36.8062659157476],[174.587013749622,-36.8061828325485],[174.587068483947,-36.8061131153104],[174.587064249833,-36.8060344151759],[174.586971116422,-36.8059235489828],[174.58674478324,-36.8057693492974],[174.586562500111,-36.8056144991924],[174.586515782503,-36.8053907155591],[174.586416867361,-36.8052405486178],[174.58632621665,-36.8050233154457],[174.586235317426,-36.8049025659046],[174.586241183643,-36.8048374985599],[174.586220432651,-36.8047866151927],[174.58615113368,-36.8047541491574],[174.585892932753,-36.804706748573],[174.585794166152,-36.8046707985481],[174.585661617494,-36.8045486985156],[174.58564363301,-36.8045115484431],[174.585671033576,-36.8041015651478],[174.585743799426,-36.8040709656451],[174.585820166525,-36.8040914990093],[174.585891149768,-36.8040904486125],[174.585995600017,-36.8039451825535],[174.586039599784,-36.8038342656151],[174.58604691685,-36.8037258489445],[174.586010100269,-36.8036141486622],[174.585959300216,-36.8035341658628],[174.585869934118,-36.8034803496387],[174.585834133696,-36.8034139325144],[174.585835966532,-36.8033863323188],[174.585857766744,-36.8033761652016],[174.586050549749,-36.8034008991555],[174.586182366252,-36.8033831990674],[174.586261583435,-36.803313115916],[174.586249233122,-36.8032010658642],[174.58619328379,-36.8031093492563],[174.586207700169,-36.8030973155809],[174.586276200184,-36.8030943321929],[174.58645800039,-36.8031211986422],[174.586494450288,-36.8031088484154],[174.586515449753,-36.803063248917],[174.58650626667,-36.8029826488532],[174.586467266468,-36.8028827984639],[174.586427217285,-36.8028440157573],[174.586288699778,-36.802783032582],[174.586224750732,-36.8027701992353],[174.586041332705,-36.8027807655501],[174.585817799995,-36.8028569151983],[174.585746500011,-36.8028441823376],[174.585723882881,-36.8028189155745],[174.585715416403,-36.8027698152334],[174.585802599881,-36.8024042492785],[174.585782949484,-36.802185965848],[174.585805366485,-36.8020950652006],[174.586028983854,-36.8019145487915],[174.586035066748,-36.8018593323655],[174.585977850619,-36.8017209151702],[174.585975933958,-36.8016366820266],[174.586007333876,-36.8015671151421],[174.586124783256,-36.8014252990892],[174.586129700331,-36.8011340822327],[174.586201182968,-36.8009549656356],[174.586244100239,-36.8006733155956],[174.586303000243,-36.8005407993104],[174.58634743352,-36.8002570323985],[174.586413084109,-36.8001910817678],[174.586593400837,-36.8000905324067],[174.586615500281,-36.8000471662304],[174.58667536662,-36.7997040991199],[174.58679740063,-36.799487098837],[174.58698560038,-36.7993189325144],[174.587178600163,-36.7991768489119],[174.587214283042,-36.7991196653123],[174.587240133827,-36.7989746657907],[174.587509766541,-36.7988630329132],[174.587553417512,-36.7988200990321],[174.587591699964,-36.7986549652991],[174.587574232628,-36.7985651989233],[174.587515150173,-36.7985557318861],[174.587428166662,-36.7986738492555],[174.58737175066,-36.7987066318543],[174.587339999971,-36.7987032158491],[174.587347899864,-36.7984512157365],[174.587380133479,-36.7983645986601],[174.587429866857,-36.7983324659265],[174.587496299866,-36.7983322325267],[174.58772278403,-36.7984448153802],[174.587797033044,-36.7984337988589],[174.587838299937,-36.7984052655276],[174.587839884009,-36.7983803655242],[174.587695616855,-36.798144015215],[174.587590784084,-36.7980586485521],[174.587579666685,-36.7979368652742],[174.587592549532,-36.7978853491456],[174.587833817445,-36.7976420986993],[174.587915032919,-36.797584249183],[174.588127150287,-36.797545415471],[174.588148999273,-36.7975058985216],[174.588147549478,-36.7974433985104],[174.588122282797,-36.7974219993065],[174.588063417294,-36.7974229991058],[174.588063633097,-36.7973966490299],[174.588139733031,-36.7973075485024],[174.588280650035,-36.7971835489656],[174.588325966598,-36.797004465988],[174.588299017091,-36.7969346818479],[174.588200483489,-36.7969058325085],[174.588176982817,-36.796876265801],[174.588220766734,-36.7968418487982],[174.588347517019,-36.7968093486021],[174.588429983267,-36.796742549405],[174.588405284083,-36.7967061825535],[174.588367799224,-36.7966871991432],[174.588058750103,-36.7966043487062],[174.588042366611,-36.7964488495309],[174.587911449163,-36.7964003317513],[174.587863783127,-36.7963457824635],[174.587881949777,-36.7963142828868],[174.587920849193,-36.7962931156344],[174.588144617165,-36.7962121159448],[174.588221215908,-36.7961322495991],[174.588217299742,-36.7960806819469],[174.588165233235,-36.7960647659058],[174.588128750721,-36.796019782378],[174.588112917471,-36.7958579824475],[174.588209233379,-36.7954589488938],[174.588268083804,-36.7953329492111],[174.588324699966,-36.7952882320208],[174.588520717122,-36.7952621823912],[174.588565734088,-36.7952385157203],[174.58863863353,-36.7951457655943],[174.588776400458,-36.7950496825945],[174.588808800075,-36.7949751485394],[174.588912317275,-36.7948505491851],[174.589067269102,-36.7947491443586],[174.589276763825,-36.7944715117007],[174.589340132349,-36.7944419739878],[174.589517485072,-36.7944135347709],[174.589697874247,-36.794356376541],[174.589822345553,-36.794296319586],[174.589979850538,-36.7941879271431],[174.590450114361,-36.7941699529553],[174.590594585427,-36.7941775129772],[174.590949941991,-36.7942481871637],[174.591073558963,-36.7942598519442],[174.591266295155,-36.7942191637258],[174.591407815409,-36.7941383743008],[174.591522515697,-36.7940992419699],[174.591544632869,-36.7940698901286],[174.591515638366,-36.7940178145498],[174.591426631455,-36.7939572164967],[174.591365860815,-36.7938804114577],[174.591192844211,-36.7937758569744],[174.591153709464,-36.7937009715797],[174.591202721996,-36.7934981219623],[174.591329366603,-36.7932609988599],[174.592043366869,-36.7935027317778],[174.594961150619,-36.7949340817877],[174.595390000551,-36.7953635485653],[174.595627766619,-36.795755432534],[174.599011516595,-36.79616609877],[174.601373400331,-36.7955413488348],[174.60210095041,-36.7952967986238],[174.602559716662,-36.7951060821763],[174.602487682875,-36.7952497322693],[174.602293165928,-36.7954625159319],[174.602219016498,-36.795606115951],[174.602198366916,-36.7957273152486],[174.602204750019,-36.7958512321036],[174.602298733332,-36.7961104329394],[174.602300249345,-36.7961848154844],[174.602274933755,-36.7962657655327],[174.602169233217,-36.7963756817726],[174.602155783263,-36.7964719656287],[174.602228966423,-36.7966570320553],[174.602264116938,-36.7968082658772],[174.602277183972,-36.7968004488615],[174.602234150287,-36.7968773489057],[174.60198505029,-36.7971293651781],[174.601877917473,-36.7973319156706],[174.601720033134,-36.7975095651231],[174.601738367428,-36.7975595652152],[174.601913600773,-36.7977548659034],[174.601920482947,-36.797844798748],[174.601904233659,-36.7979117490233],[174.601917300821,-36.7979508485238],[174.601946232869,-36.797984716346],[174.602084183261,-36.798038115576],[174.602119283228,-36.7980785992583],[174.602132350252,-36.7981249484795],[174.602116166519,-36.7981996659307],[174.601999233773,-36.7982517984916],[174.601982433879,-36.798276282584],[174.601990383854,-36.7984638485923],[174.601954615913,-36.7985662820884],[174.601937117332,-36.798718648893],[174.601886800135,-36.7987537321738],[174.601861932928,-36.7988167153132],[174.601860016826,-36.7990767989969],[174.60182961713,-36.7991187987796],[174.601738566932,-36.7991782323745],[174.601708750195,-36.7992689984752],[174.601711517443,-36.79940099884],[174.601838249723,-36.7996629153336],[174.601875133394,-36.7998099822336],[174.601672883947,-36.7999520319381],[174.60157526634,-36.7999936318751],[174.601527849757,-36.8000645992595],[174.60155023338,-36.8001000822856],[174.601749516494,-36.8001959829383],[174.602130232704,-36.8002121992254],[174.60221433343,-36.8002994663763],[174.60243313322,-36.8004013484959],[174.602575533256,-36.8005559491475],[174.602824566451,-36.8005480495718],[174.602957549925,-36.8005850988629],[174.603020916879,-36.8006267488339],[174.60302725044,-36.8006719493171],[174.602914050674,-36.8008151819832],[174.602860749754,-36.8009157491645],[174.602860050446,-36.8009546320936],[174.602946467154,-36.8011074324287],[174.603120399496,-36.8012736496353],[174.603124700805,-36.8013173325544],[174.603078383505,-36.8014245993153],[174.603076132637,-36.8014815819908],[174.603166750028,-36.8015623824533],[174.603297717439,-36.8016431155996],[174.603344883298,-36.8017026651576],[174.603347566492,-36.8017500159354],[174.603290317501,-36.8019142157475],[174.60327435012,-36.8020404654653],[174.603280283339,-36.8023113155074],[174.603262250503,-36.8025210159914],[174.603225133107,-36.8026376988716],[174.603195733106,-36.8026946654172],[174.603168883432,-36.802712565438],[174.60317090023,-36.8027454825073],[174.603139616733,-36.8027716817485],[174.603234383453,-36.802946632219],[174.603128317002,-36.802998765427],[174.603041183255,-36.8030721320115],[174.602985500131,-36.8031499491574],[174.602925316846,-36.8031726160808],[174.602878133782,-36.8032117984371],[174.602953500834,-36.8033037157169],[174.603082516684,-36.8033862988351],[174.603223183738,-36.803587649072],[174.603427199634,-36.8036969485256],[174.603580882596,-36.8038105157164],[174.603592117021,-36.8038509151362],[174.603579049993,-36.8040037324451],[174.603654567393,-36.8041430323604],[174.603669150054,-36.804323482382],[174.603801666328,-36.8045029320983],[174.60380008387,-36.8045597984763],[174.60384258328,-36.8045858652657],[174.603907066451,-36.8046692322678],[174.603921183873,-36.8047263817142],[174.603940217466,-36.8047488656732],[174.604056583341,-36.8048047159724],[174.604113116437,-36.8048910988352],[174.604108299436,-36.8049226153967],[174.604059283071,-36.8049881159718],[174.604099683856,-36.8050900154611],[174.604226482863,-36.8050543824953],[174.604431216092,-36.8051845318171],[174.604546049935,-36.8051549991072],[174.604675866303,-36.8052932662888],[174.604699266269,-36.8053000154328],[174.604620549851,-36.8054048653479],[174.604713066845,-36.8054496822531],[174.604750433569,-36.8056840817483],[174.604716100472,-36.8057315985401],[174.604708666693,-36.8057836485337],[174.604796667389,-36.8059098489854],[174.604857083496,-36.8059423491291],[174.604895749978,-36.805983965446],[174.604868600406,-36.8060833322736],[174.604882133229,-36.8061468486513],[174.604921366557,-36.8062149152711],[174.604920550568,-36.8062913824393],[174.60495541736,-36.8063261824702],[174.605036716454,-36.8063662317422],[174.605079367278,-36.8064234825822],[174.605143017511,-36.8064515654574],[174.605279467525,-36.8064480485393],[174.605345683357,-36.8064248491803],[174.605383549778,-36.8065159488166],[174.605424966598,-36.8065327157589],[174.605626833628,-36.8065167487287],[174.605804417017,-36.8065402486835],[174.605852750425,-36.8066022159838],[174.605843400564,-36.8067391659606],[174.605896484057,-36.8067797985188],[174.60597324963,-36.8067895159234],[174.606069666902,-36.8067800985139],[174.606258249815,-36.8067090152116],[174.606306633277,-36.8066598317216],[174.606327966617,-36.8066591153561],[174.606367950389,-36.8067013821979],[174.606423667388,-36.8067298987575],[174.60644335003,-36.8067926657326],[174.606522033243,-36.8068838489643],[174.606471416706,-36.8069176826111],[174.606424816229,-36.8070598158375],[174.606451466558,-36.8071023484232],[174.606512849864,-36.8071424322929],[174.606586984126,-36.8072892654112],[174.606699933458,-36.8073038655781],[174.606876083624,-36.8073572655356],[174.606973016487,-36.8074325485923],[174.607021800213,-36.8075464985998],[174.607020000579,-36.8075638490828],[174.606975916223,-36.8075869323328],[174.606956000092,-36.8076160985739],[174.606960816433,-36.8076658991409],[174.607039966616,-36.8076910817923],[174.607095182488,-36.8077294153204],[174.607141366586,-36.807726715196],[174.607381100057,-36.8078813487179],[174.607516033546,-36.8079112824666],[174.607569783452,-36.8079601158315],[174.60754933363,-36.8080751485936],[174.607479200122,-36.8081889322634],[174.607472684032,-36.8082381486938],[174.607509116966,-36.8082868493473],[174.607640367328,-36.8083685984843],[174.60765193326,-36.8084088992366],[174.6075992167,-36.8084699651364],[174.607598850528,-36.8086513818341],[174.60751855026,-36.8088034823611],[174.607579650581,-36.808895982398],[174.6076998833,-36.8089707821215],[174.6077605662,-36.8090444319237],[174.607747149284,-36.8091290664067],[174.608473367378,-36.809387482035],[174.608866516876,-36.810020281766],[174.610162899864,-36.808877232068],[174.610141800503,-36.8088552151926],[174.61606658388,-36.8086598324866],[174.618011932923,-36.8083289992648],[174.618312467084,-36.8082977209987],[174.618343050565,-36.8083845825481],[174.618447583502,-36.8085461155849],[174.619129883487,-36.8094483656309],[174.619361450007,-36.8097646824514],[174.61948439959,-36.8099544325083],[174.619783765958,-36.8103178489604],[174.620125733271,-36.8106844653448],[174.621799299401,-36.8122644822212],[174.623154133622,-36.8135854158795],[174.625238333748,-36.8155667491129],[174.62700305039,-36.8151042817823],[174.628052165923,-36.8165698154973],[174.628823699979,-36.8176223324734],[174.629704799983,-36.8188623821691],[174.629923983971,-36.8191832987581],[174.630214733558,-36.8193951984469],[174.632334899472,-36.8201142156831],[174.633009050338,-36.8203365487448],[174.633340049908,-36.8203993659951],[174.635055116467,-36.8200999987874],[174.635309600651,-36.820169465784],[174.635720717205,-36.8204220321968],[174.635367167085,-36.8207252655364],[174.635975383487,-36.8210879659322],[174.636241267479,-36.8211405491566],[174.636114633782,-36.8214081823185],[174.635880900309,-36.8213610828872],[174.635860467179,-36.821547182405],[174.635501366196,-36.8214501491382],[174.635362683357,-36.8217771318622],[174.635325984104,-36.8223744318319],[174.635459767483,-36.8227014987948],[174.63574626702,-36.8226201990358],[174.635758699973,-36.8227794917544],[174.635774650133,-36.8229385818105],[174.635990883418,-36.8233307828444],[174.636625950396,-36.8232879318498],[174.636637850691,-36.8234989488966],[174.64133071695,-36.8256367656472],[174.641605099415,-36.8250465824975],[174.642997133207,-36.8236422991381],[174.643662117522,-36.8232182489951],[174.645453283595,-36.8221439653096],[174.647426150393,-36.8212611152121],[174.649619683058,-36.820361265547],[174.652049867009,-36.8194514993135],[174.674601032985,-36.8146831654643]]]},"properties":{"LocalBoardName":"Henderson-Massey","LocalBoardCode":7606,"AreaSqkm":64.6115,"avg_crime":881,"avg_rent":701,"suburbs":["Henderson","Massey","West Harbour","Hobsonville"]}},{"type":"Feature","geometry":{"type":"Polygon","coordinates":[[[174.770400966702,-36.9236252826935],[174.770552261262,-36.9236621476164],[174.770663900192,-36.92368934917],[174.770823398084,-36.9237282059549],[174.770858767068,-36.9237368225563],[174.770919015584,-36.9237514991409],[174.770977233122,-36.9237656832097],[174.771070642272,-36.9238502494203],[174.771313978511,-36.9238735275322],[174.771316665325,-36.9238737857966],[174.77132216682,-36.9238747826313],[174.771362532849,-36.9238786493261],[174.771382633856,-36.9238805559502],[174.771382192403,-36.9238825337519],[174.771345900624,-36.9240145652541],[174.771342617241,-36.924155948745],[174.771296982883,-36.9242315158391],[174.771251882965,-36.9243683656266],[174.771185017337,-36.9247634818656],[174.771155600363,-36.9248387655556],[174.771011450221,-36.9250103652678],[174.770929299556,-36.9251556487508],[174.770604566665,-36.9254815821476],[174.770540333048,-36.9255142487955],[174.770414299489,-36.9256192827951],[174.770130979436,-36.925715053986],[174.770111352807,-36.9257613028413],[174.770208594787,-36.9258700268785],[174.770303307404,-36.9259222857461],[174.77068095087,-36.9260607451059],[174.770710503872,-36.9261083554166],[174.770758656397,-36.9261189536238],[174.77081948217,-36.9260881376378],[174.770857036151,-36.9260001059126],[174.771060146801,-36.92587730764],[174.771170641067,-36.9258284027294],[174.771220859853,-36.9257447166002],[174.771336377664,-36.9256972165973],[174.771434588259,-36.9256844398494],[174.77164596574,-36.9257102201424],[174.772259583618,-36.9291768652607],[174.772883616811,-36.9339251822851],[174.773053983635,-36.9353620321247],[174.771853116743,-36.9352695485197],[174.770840283155,-36.9351692822249],[174.769834699348,-36.9350412823687],[174.768976316834,-36.9349016323452],[174.767543050805,-36.934579248981],[174.764551366436,-36.9337926821453],[174.762666816675,-36.9333328991567],[174.761221667592,-36.9330152641765],[174.759995379583,-36.9327931547544],[174.758913919929,-36.9326477432316],[174.757904214947,-36.9325671795127],[174.756806078909,-36.9325290110054],[174.754836642976,-36.932510467638],[174.751916897031,-36.9336594339589],[174.750304449628,-36.9343162669559],[174.748651482101,-36.9350378167427],[174.748244783129,-36.9352261987403],[174.747825150073,-36.935451265715],[174.747124150792,-36.935849581934],[174.746375033473,-36.9363047991472],[174.745640966393,-36.9367784156289],[174.744860117333,-36.9373090819287],[174.743331999711,-36.938411482206],[174.740387933469,-36.9406393825746],[174.739105200521,-36.9415850160002],[174.737794800039,-36.9424969819695],[174.736567833686,-36.9432825485168],[174.735938216504,-36.943655665564],[174.735296099744,-36.9440135491672],[174.734640184016,-36.9443545993088],[174.734036967252,-36.9446458489503],[174.730066916541,-36.9463016318857],[174.730230499511,-36.9472103491289],[174.730667166059,-36.9488345992463],[174.730719416622,-36.9491140159375],[174.730740916967,-36.9494089484977],[174.730728550747,-36.9497299825929],[174.730691549913,-36.950077565896],[174.730634650228,-36.9504358325446],[174.730522232587,-36.9509584485122],[174.730301683606,-36.9517126485269],[174.730192100685,-36.951992815903],[174.730054466487,-36.9522753154095],[174.729772516841,-36.9527213322876],[174.729397650199,-36.9531776153882],[174.727102199841,-36.9556286320476],[174.725265217517,-36.9576371491959],[174.724373616214,-36.9586647987771],[174.723855849269,-36.9593333487628],[174.723630967149,-36.9596585485295],[174.723226584132,-36.9603111155298],[174.722173599997,-36.9622748825537],[174.721094350306,-36.9642301492284],[174.720343800546,-36.965533266367],[174.719526983275,-36.9668201989738],[174.718881982809,-36.9677763819567],[174.718390449511,-36.968437316009],[174.717774133154,-36.9691860818018],[174.715948433653,-36.9700658488175],[174.714659650639,-36.9706170986601],[174.714059866147,-36.9708912657518],[174.713355784105,-36.971237648713],[174.712768500669,-36.9715533652158],[174.70924103404,-36.9736723159645],[174.707206333513,-36.9747955484904],[174.706315316692,-36.9753144651571],[174.705772250734,-36.9756736159465],[174.704468366688,-36.9766136157049],[174.703886333815,-36.9769776484803],[174.703566732887,-36.9771516159574],[174.703222133906,-36.977319015451],[174.702467600063,-36.9776383659807],[174.700445982536,-36.9784054987566],[174.699693900828,-36.9787263488001],[174.698636317332,-36.9792598825595],[174.696453483612,-36.9804590661537],[174.695972366641,-36.9806881654521],[174.695006400015,-36.9810973158078],[174.694450550101,-36.9813874818048],[174.693883583249,-36.9817761820028],[174.69294373382,-36.9825169492115],[174.692529783621,-36.982818965446],[174.692073883355,-36.9831189320213],[174.69083431686,-36.9838890819737],[174.690122883889,-36.9843701652308],[174.689734633435,-36.9846794825482],[174.688881300292,-36.9854588658652],[174.688387099881,-36.9858534819071],[174.68806916668,-36.9860838657739],[174.686814682475,-36.9869239318985],[174.683196899214,-36.9892365488016],[174.685120816407,-36.9872841492091],[174.687872933541,-36.984400898453],[174.690591316241,-36.9814853991087],[174.693564416614,-36.9782646485415],[174.695576500655,-36.9760915990429],[174.698360433946,-36.9733927652667],[174.699782950074,-36.9719888485112],[174.701158683627,-36.9705624490443],[174.70246084916,-36.9691007823079],[174.703734400776,-36.9675024152933],[174.704932034022,-36.9659479991118],[174.706029316098,-36.9643475984654],[174.706990283841,-36.9627032654778],[174.707778933478,-36.961017082428],[174.708359316708,-36.9592911319568],[174.708521466168,-36.9586395318686],[174.708797916847,-36.9568697492414],[174.708898482944,-36.955066615325],[174.708875033254,-36.9528093819462],[174.70883251671,-36.9514162151982],[174.708893367381,-36.9491928985967],[174.708916066068,-36.9473911655604],[174.708908565983,-36.9437867324235],[174.708809783462,-36.936426965636],[174.708589716951,-36.9341235986738],[174.708565333788,-36.9323152317749],[174.70888583359,-36.9305565985843],[174.708938716897,-36.9303638825199],[174.709723550217,-36.9286795651895],[174.710548499963,-36.9273412818733],[174.710860550123,-36.926237416862],[174.710955466778,-36.9262611832503],[174.711056950424,-36.9259985492556],[174.710630900116,-36.9258918321887],[174.71085023311,-36.9251919652241],[174.711880749746,-36.9248659990677],[174.711899933935,-36.9248165155814],[174.712559067295,-36.9247077985314],[174.713241183158,-36.9247760157711],[174.713335400167,-36.9247126486918],[174.713241806291,-36.9225016041376],[174.712656540663,-36.9227676171305],[174.712571173784,-36.9228189339952],[174.712563474685,-36.922651268386],[174.712755660989,-36.9221359676953],[174.71292686217,-36.922067251606],[174.713198804727,-36.9220313798495],[174.713160298562,-36.9218673115921],[174.713167778098,-36.9217649554893],[174.714466716183,-36.9183581157903],[174.715346449321,-36.9160767659385],[174.715590950974,-36.9154390638044],[174.715831316857,-36.9148003492185],[174.71635369537,-36.9134506292],[174.716870516204,-36.9120995325735],[174.716992316599,-36.9121178825506],[174.717412883172,-36.9122222991478],[174.717357299595,-36.9123665993175],[174.717841117163,-36.9124601651564],[174.717921083608,-36.9122523324895],[174.718287983395,-36.9119721325583],[174.718196870954,-36.9118712772359],[174.718611516071,-36.9116145821229],[174.71847646718,-36.9114692992599],[174.720738617394,-36.9101137823466],[174.720939733102,-36.9100605825156],[174.721108716871,-36.9099706324576],[174.721371866256,-36.9102542658856],[174.72225905013,-36.9097336818364],[174.722869266871,-36.9096633817387],[174.723385033188,-36.909359765719],[174.723786817337,-36.9090991986711],[174.724399234009,-36.9087821155674],[174.724148534084,-36.9085108865081],[174.723894967473,-36.9082413819162],[174.723324427481,-36.9076066286614],[174.722986100727,-36.907259099623],[174.72207156647,-36.90625556546],[174.721686533669,-36.905826181832],[174.721579367518,-36.9057103821687],[174.72124271659,-36.9053354488988],[174.721100700071,-36.905106149249],[174.720559845706,-36.9041135602901],[174.72002225024,-36.9031198322422],[174.719658931562,-36.9023952363223],[174.719672470544,-36.9020420642532],[174.719705383203,-36.9015009654457],[174.719841783281,-36.8997428817768],[174.719826300216,-36.8997030322057],[174.719259854566,-36.8989574005648],[174.71869608285,-36.8982104652673],[174.718786066992,-36.8981152152312],[174.719437149491,-36.8976031154227],[174.726086467499,-36.89636626554],[174.727384667454,-36.8970763492552],[174.727470733266,-36.8971089484897],[174.728018232591,-36.8963811822478],[174.728489583561,-36.8957808322369],[174.729190999567,-36.8948520161059],[174.730350517738,-36.8954253865527],[174.731512366724,-36.8959957156067],[174.733468782556,-36.8969891153382],[174.733559682756,-36.8972529988531],[174.734013298555,-36.8981996621],[174.734473316599,-36.8991443318503],[174.73469101674,-36.8996091664557],[174.73549476631,-36.9002154153943],[174.735984400125,-36.9005788163554],[174.736250366955,-36.9007701820438],[174.736845033418,-36.9012060819763],[174.73784393328,-36.901920198598],[174.737852799992,-36.9018056823638],[174.737974883396,-36.9014319991129],[174.737657166857,-36.9012021158054],[174.737785983254,-36.9009843491882],[174.737934749812,-36.9006544656199],[174.738202933684,-36.9007325985863],[174.738393916853,-36.9001828318629],[174.738671466848,-36.8992965329679],[174.738252429504,-36.8991937171529],[174.738303427749,-36.8990588214745],[174.73845866575,-36.8990988341905],[174.738504008826,-36.8989624213148],[174.738758817433,-36.8990280823156],[174.739414005541,-36.8970175058279],[174.740065215946,-36.8950060993187],[174.7445738835,-36.895946815483],[174.744506283486,-36.896155298811],[174.746274783547,-36.896506799083],[174.747136099562,-36.8966826946909],[174.747998283015,-36.8968558326086],[174.749002908817,-36.8970652720121],[174.750008550739,-36.89727154914],[174.750725916775,-36.8974163818494],[174.751171400126,-36.8975102992063],[174.752128589601,-36.8977183484187],[174.753086899866,-36.897923049141],[174.753650308643,-36.898038475977],[174.75421476685,-36.8981505490909],[174.756765600657,-36.8986742773289],[174.759317950811,-36.8991932658473],[174.76035879929,-36.8994020491529],[174.761835035547,-36.8997033367675],[174.763312400836,-36.9000010492521],[174.763050867169,-36.9008449153872],[174.76315926696,-36.9008577818305],[174.76461488306,-36.901156448789],[174.766759999588,-36.9016249823599],[174.767452851506,-36.9017551758503],[174.768769675727,-36.9020224316391],[174.770085183329,-36.9022938497704],[174.772063933046,-36.9027201821168],[174.771748967167,-36.9037132484286],[174.771922083967,-36.9037864322747],[174.77428509996,-36.9043701156371],[174.774501850282,-36.9052583987143],[174.774614233893,-36.9055625263974],[174.774720367231,-36.9058680988514],[174.775124433023,-36.9077199319119],[174.775222150705,-36.908067732507],[174.775274866856,-36.9083123493012],[174.775464216604,-36.9091520662464],[174.774886683072,-36.9092328159984],[174.774380332575,-36.909131532129],[174.774360950535,-36.9091946988372],[174.773880217144,-36.9090977990735],[174.773871867059,-36.9091244329594],[174.773796800579,-36.9091092822881],[174.773440830094,-36.9102381479398],[174.77307636726,-36.9113652658263],[174.77289318345,-36.91142176601],[174.772157383032,-36.913640565932],[174.771854750156,-36.9145731822958],[174.771814517172,-36.9146586819707],[174.771536517523,-36.9156437319538],[174.771501150398,-36.9159818985927],[174.771525484004,-36.9160781487776],[174.768613417231,-36.9154513659117],[174.768498332552,-36.9160344489841],[174.768209366133,-36.9187293662944],[174.768143061202,-36.9190449211341],[174.767967973333,-36.91955140369],[174.767602521323,-36.9205597822425],[174.767581049273,-36.9207668409501],[174.767590290035,-36.9209634749795],[174.767602203958,-36.921160016282],[174.76758659235,-36.9212637344707],[174.76753299771,-36.9214033809573],[174.767369589751,-36.921673453461],[174.770184400173,-36.9227687324009],[174.770617450038,-36.92293573264],[174.771481833698,-36.9233251985371],[174.771386494001,-36.9235776142165],[174.771382300804,-36.9235887153985],[174.77138237382,-36.9236382011319],[174.771382377391,-36.9236389861402],[174.771382377665,-36.9236404048353],[174.771382419228,-36.9236638379886],[174.771382387993,-36.9236638465665],[174.77076488941,-36.9235247830228],[174.770761159627,-36.9235240851244],[174.770749629097,-36.9235226265484],[174.770648416746,-36.9235135522609],[174.770514116781,-36.9235184813],[174.770444578655,-36.9235219029808],[174.770400966702,-36.9236252826935]]]},"properties":{"LocalBoardName":"Puket\u0101papa","LocalBoardCode":7613,"AreaSqkm":28.982,"avg_crime":601,"avg_rent":819,"suburbs":["Royal Oak","Three Kings","Mt Roskill","Hillsborough"]}},{"type":"Feature","geometry":{"type":"Polygon","coordinates":[[[174.861251666738,-36.9389316326125],[174.860803334068,-36.9392956490581],[174.860212967064,-36.9398656495816],[174.859809500151,-36.9403183485997],[174.859651583773,-36.9405372324761],[174.859530250378,-36.9407415159537],[174.859262249885,-36.9414347651814],[174.859103383691,-36.9420158987711],[174.859009050037,-36.942488965741],[174.858985034025,-36.9426699156001],[174.858995733876,-36.9428877157868],[174.859091383848,-36.9433272657574],[174.859202650048,-36.9436164825805],[174.859373700564,-36.9439268488965],[174.859616016836,-36.9442492155738],[174.859139066953,-36.9447208823836],[174.857797783874,-36.9461669823475],[174.856809733944,-36.9476650753318],[174.856630438946,-36.9479080501552],[174.856483066937,-36.9480914990732],[174.855008399624,-36.9494184157071],[174.85470265001,-36.9496282652766],[174.852822433492,-36.9506638317483],[174.851476766714,-36.9516253658374],[174.851655383922,-36.9529657825502],[174.85188898312,-36.9537512825804],[174.851392516755,-36.9543340160559],[174.849517808664,-36.9551043532528],[174.849485932057,-36.9551613977064],[174.84938404485,-36.9554161347521],[174.84937502662,-36.9556042307822],[174.849456808386,-36.9561016714543],[174.849582743747,-36.9566561264719],[174.84918274378,-36.9565470497801],[174.848843295401,-36.9563770387254],[174.84833954534,-36.9562053271872],[174.848188179148,-36.9561377974728],[174.84812244576,-36.9561276652388],[174.848053428494,-36.9561457836439],[174.847836228628,-36.9562791051751],[174.847435461395,-36.9564633073174],[174.847243428875,-36.9565041105301],[174.846769528946,-36.9565612124411],[174.84661951288,-36.956591962938],[174.846200912911,-36.9567601641467],[174.846053712087,-36.9568006467548],[174.845843162872,-36.9568361150473],[174.845664396059,-36.9568352478839],[174.845511161414,-36.9567988645314],[174.845444278811,-36.9567650476035],[174.845175860838,-36.9565501662867],[174.844986512821,-36.9564840006728],[174.844749147697,-36.9564967505401],[174.844491565328,-36.9565673993377],[174.844318015037,-36.9565495493518],[174.844283998796,-36.9564975011969],[174.844243315007,-36.9562897672279],[174.844206398806,-36.9562344003771],[174.843993566709,-36.9560439194184],[174.843959187062,-36.955987354888],[174.843972401657,-36.9558589378756],[174.84393566749,-36.9557660705236],[174.843870383574,-36.9557282043623],[174.843798300523,-36.9557097563341],[174.843526683155,-36.955669719091],[174.843493750587,-36.9556629487592],[174.843522450343,-36.9556432662106],[174.843410200491,-36.9556371660725],[174.843359749441,-36.9556094993561],[174.843128116803,-36.9554026829809],[174.842870484126,-36.955355415722],[174.842740883537,-36.9552935988432],[174.842673482764,-36.9551487494118],[174.842598933392,-36.9551297990358],[174.842410633255,-36.9551460323167],[174.84231716675,-36.9551884154163],[174.842274416751,-36.9552316662064],[174.842244200307,-36.9553338823821],[174.84220466637,-36.9553751156578],[174.842201783258,-36.955360798775],[174.841486999504,-36.9555374324962],[174.841509483551,-36.9557396156155],[174.839680417117,-36.9583639161746],[174.837272150227,-36.9602170910762],[174.837182347008,-36.9602755804734],[174.838218347823,-36.961842449575],[174.838664167481,-36.9625035989029],[174.839391683473,-36.9636098485172],[174.83915671726,-36.9637075320198],[174.838075734115,-36.9646976488543],[174.837199917139,-36.9644259817437],[174.834719567197,-36.9684678155198],[174.834690338559,-36.9685731862208],[174.834583681301,-36.9684485302899],[174.834341657791,-36.9682450630282],[174.833958372784,-36.9681617678016],[174.833249116524,-36.9679705936325],[174.832259916035,-36.9675953323194],[174.830897133254,-36.9670495654656],[174.829260649813,-36.9686651652757],[174.82814040043,-36.9681789492126],[174.828131867367,-36.9681944156904],[174.82751746723,-36.9679613155794],[174.825663300632,-36.9696191658625],[174.827549333257,-36.9703560485271],[174.829906683142,-36.9712664821875],[174.830406717197,-36.971465148799],[174.832251766217,-36.9721798318135],[174.832738366945,-36.9723667821655],[174.832490066435,-36.9727617656639],[174.832192383305,-36.9730676819667],[174.831999466506,-36.9731980819166],[174.831545100463,-36.9733769820069],[174.830814684,-36.9734742152354],[174.830421833137,-36.9740480158813],[174.83049115041,-36.9740785660071],[174.830107983396,-36.9745362985999],[174.829984700263,-36.9745584989862],[174.829719949968,-36.9747952317658],[174.829403533102,-36.9746415655373],[174.828457100732,-36.9742266153068],[174.827637617152,-36.9738810158833],[174.827126716968,-36.9746276651132],[174.827254333518,-36.9747171491971],[174.826397750517,-36.9754548993528],[174.825945233256,-36.9754550155301],[174.825847467026,-36.975435515232],[174.825619083382,-36.9756756651865],[174.826013299427,-36.9760081830629],[174.825625417503,-36.9764160490535],[174.82517639946,-36.9761411656873],[174.824903983084,-36.9764276152882],[174.825205766491,-36.9766123652815],[174.824972433287,-36.9768577321541],[174.824777999969,-36.9766565657329],[174.824360817167,-36.9764011657404],[174.824295283607,-36.9763522156408],[174.824040933334,-36.9766194822416],[174.823629966113,-36.9761918988489],[174.823337217368,-36.9759491322615],[174.823262033435,-36.976139065876],[174.823287250737,-36.9762727326024],[174.823382934131,-36.9766793655789],[174.823588667146,-36.9771512323433],[174.823789116406,-36.977667349018],[174.824635217012,-36.9782120155012],[174.825278817369,-36.9786471659813],[174.826702933526,-36.979666032163],[174.827343200738,-36.9801557818516],[174.827730399917,-36.9804633322082],[174.82946703216,-36.9819280943773],[174.829567766588,-36.9820051823611],[174.833466433278,-36.9853886487828],[174.836315749925,-36.9878059324848],[174.836259330035,-36.9879198827858],[174.836178666448,-36.9881616659536],[174.836089400279,-36.9883073657985],[174.836060750563,-36.9884048988021],[174.835999734777,-36.9884667996963],[174.835951734002,-36.9884846168443],[174.83583775172,-36.9884112501067],[174.835762901769,-36.9884441000687],[174.835524469454,-36.9885890523305],[174.835371151069,-36.9887471331708],[174.835199186323,-36.9887719181501],[174.834909886351,-36.988711251779],[174.83477378741,-36.9887184214686],[174.834399190061,-36.9888681066965],[174.834130673333,-36.9889066747219],[174.833911754615,-36.9888739540087],[174.83362832586,-36.9888058931114],[174.833271058539,-36.9888095272584],[174.833144893651,-36.9888480948937],[174.832759316807,-36.9890417197097],[174.832586884526,-36.9891636700238],[174.832479575513,-36.9892614128158],[174.832447264599,-36.9893179700079],[174.832425638553,-36.9894040119015],[174.832438140218,-36.9895048987649],[174.83247497154,-36.9895923273328],[174.832534715824,-36.9896731370145],[174.832810141076,-36.9898715156032],[174.832844381157,-36.9899369063282],[174.832853301981,-36.9900270470662],[174.832809536338,-36.9901531817013],[174.832652177879,-36.9903468937289],[174.832586029479,-36.9904656694939],[174.832566661404,-36.9905863429471],[174.832586949983,-36.9908265575243],[174.832525360674,-36.9909632648312],[174.832413229154,-36.9910804504167],[174.832267475737,-36.9911667847286],[174.831622803435,-36.9913219235183],[174.831446793488,-36.9913764621263],[174.83119433746,-36.9914916850391],[174.831008941383,-36.9916155781021],[174.830916903041,-36.9917130126822],[174.830893189881,-36.9917724165527],[174.830889382877,-36.9921117721123],[174.830859290224,-36.9922344620623],[174.830445628003,-36.9927729129006],[174.829985500988,-36.9932881119816],[174.82975712666,-36.9935055681452],[174.829495620223,-36.9936806266358],[174.829239746594,-36.9937752517146],[174.828995840276,-36.9938225935253],[174.828535116816,-36.9938824658136],[174.827991067511,-36.9939895158655],[174.827332482821,-36.9939675489369],[174.827219133233,-36.9938068654367],[174.827180416537,-36.9937046817859],[174.827175383543,-36.9932785655323],[174.827106432506,-36.9930116658188],[174.827033166684,-36.9928874495884],[174.826905117086,-36.9927924817163],[174.826805466513,-36.9927568320022],[174.826690849937,-36.9927443655081],[174.826161950015,-36.9927952156769],[174.825866966137,-36.9927689991692],[174.82536663287,-36.9926872660148],[174.824895882987,-36.9925668158019],[174.824521300419,-36.9924335817475],[174.824109166807,-36.9922363488618],[174.823555017465,-36.9917883486001],[174.823391300463,-36.9917025153854],[174.823223933498,-36.991657682152],[174.823053849985,-36.991646881788],[174.822879483104,-36.9916594658555],[174.822665500371,-36.991700699025],[174.822496233352,-36.9917551325779],[174.822244233368,-36.9918785153592],[174.821772333363,-36.9921723490623],[174.821307783048,-36.9924292159529],[174.820908217199,-36.9926036318577],[174.820671633332,-36.992675399698],[174.820443315968,-36.9926916660196],[174.820192466874,-36.9926565319738],[174.819679550432,-36.9925050489371],[174.819448849799,-36.9924050654975],[174.818355316978,-36.9935719486775],[174.81665323041,-36.9943573456741],[174.814540397857,-36.9949341628632],[174.812322450793,-36.9954670324791],[174.81032734934,-36.9963637657668],[174.808902316475,-36.9974299488289],[174.807633166846,-36.9989621484405],[174.807321733519,-36.9998748659244],[174.807415234044,-37.0011910661355],[174.807388866625,-37.0014530654086],[174.80746398397,-37.0017132493396],[174.807557900386,-37.0019228496884],[174.808836650686,-37.0033828155819],[174.809437916947,-37.0039431986909],[174.810401733144,-37.00507354925],[174.813616417054,-37.0098953825687],[174.816104067345,-37.0121024159268],[174.820960733603,-37.0155437821336],[174.825881050799,-37.0213827484566],[174.828216183233,-37.0248665322251],[174.829338866481,-37.0284458321058],[174.82978579934,-37.0312119486003],[174.829487233889,-37.0340657157419],[174.828711516958,-37.0365527324985],[174.827084849359,-37.0386793319565],[174.826172117175,-37.0395194324328],[174.822497882965,-37.0386688490732],[174.820344766191,-37.0381231324818],[174.818178333377,-37.0376077320535],[174.815999700133,-37.0371220991401],[174.813809966718,-37.0366657484975],[174.811610250624,-37.0362381153803],[174.809401667508,-37.0358386991437],[174.807185333768,-37.035466982087],[174.804962349346,-37.035122415295],[174.802733816896,-37.0348045156877],[174.800500866728,-37.0345127322478],[174.79826461692,-37.0342465656024],[174.796026150665,-37.0340054656147],[174.7940716833,-37.0338813993185],[174.791813733758,-37.0337818819125],[174.789546549845,-37.0337224818653],[174.787272016985,-37.0336968322248],[174.784991966235,-37.0336985651885],[174.782708267337,-37.0337213485557],[174.779034667402,-37.033786632366],[174.773573850001,-37.0338957319673],[174.769032867413,-37.0339438820074],[174.766775417025,-37.033935965732],[174.764529150602,-37.0338982326473],[174.76229591691,-37.0338243160106],[174.76007756657,-37.0337078987506],[174.757875966653,-37.0335426159071],[174.755693000173,-37.033322082578],[174.753530483792,-37.0330399825622],[174.751390316419,-37.0326899318601],[174.74859153314,-37.0320779157468],[174.746456817499,-37.0315459325663],[174.744337466858,-37.0309623155528],[174.742234449683,-37.0303287817892],[174.740148767164,-37.0296470659702],[174.738081400624,-37.0289188824171],[174.736033333798,-37.0281459653081],[174.734005550131,-37.0273300488882],[174.731998867332,-37.0264722155205],[174.730014333579,-37.0255745492315],[174.728053317043,-37.024639132153],[174.726116616197,-37.0236690156004],[174.724205433147,-37.0226657317397],[174.72232004926,-37.0216280320562],[174.72046185082,-37.0205593993009],[174.718631816618,-37.0194615655168],[174.716830933466,-37.0183362825047],[174.715060149229,-37.0171852323677],[174.713320517175,-37.0160101984764],[174.712228083512,-37.0152967984936],[174.710539433465,-37.014145048631],[174.708884749402,-37.0129588992558],[174.707261734097,-37.0117406823101],[174.705668099983,-37.0104926654529],[174.704101599804,-37.0092172156686],[174.702559916869,-37.0079166151756],[174.701040816872,-37.0065931656069],[174.699541984054,-37.005249198479],[174.698061150617,-37.0038870318774],[174.696596050175,-37.0025089485954],[174.693703867524,-36.9997143490001],[174.690847200174,-36.9968838820632],[174.68374131697,-36.9897721154823],[174.683196899214,-36.9892365488016],[174.686814682475,-36.9869239318985],[174.68806916668,-36.9860838657739],[174.688387099881,-36.9858534819071],[174.688881300292,-36.9854588658652],[174.689734633435,-36.9846794825482],[174.690122883889,-36.9843701652308],[174.69083431686,-36.9838890819737],[174.692073883355,-36.9831189320213],[174.692529783621,-36.982818965446],[174.69294373382,-36.9825169492115],[174.693883583249,-36.9817761820028],[174.694450550101,-36.9813874818048],[174.695006400015,-36.9810973158078],[174.695972366641,-36.9806881654521],[174.696453483612,-36.9804590661537],[174.698636317332,-36.9792598825595],[174.699693900828,-36.9787263488001],[174.700445982536,-36.9784054987566],[174.702467600063,-36.9776383659807],[174.703222133906,-36.977319015451],[174.703566732887,-36.9771516159574],[174.703886333815,-36.9769776484803],[174.704468366688,-36.9766136157049],[174.705772250734,-36.9756736159465],[174.706315316692,-36.9753144651571],[174.707206333513,-36.9747955484904],[174.70924103404,-36.9736723159645],[174.712768500669,-36.9715533652158],[174.713355784105,-36.971237648713],[174.714059866147,-36.9708912657518],[174.714659650639,-36.9706170986601],[174.715948433653,-36.9700658488175],[174.717774133154,-36.9691860818018],[174.718390449511,-36.968437316009],[174.718881982809,-36.9677763819567],[174.719526983275,-36.9668201989738],[174.720343800546,-36.965533266367],[174.721094350306,-36.9642301492284],[174.722173599997,-36.9622748825537],[174.723226584132,-36.9603111155298],[174.723630967149,-36.9596585485295],[174.723855849269,-36.9593333487628],[174.724373616214,-36.9586647987771],[174.725265217517,-36.9576371491959],[174.727102199841,-36.9556286320476],[174.729397650199,-36.9531776153882],[174.729772516841,-36.9527213322876],[174.730054466487,-36.9522753154095],[174.730192100685,-36.951992815903],[174.730301683606,-36.9517126485269],[174.730522232587,-36.9509584485122],[174.730634650228,-36.9504358325446],[174.730691549913,-36.950077565896],[174.730728550747,-36.9497299825929],[174.730740916967,-36.9494089484977],[174.730719416622,-36.9491140159375],[174.730667166059,-36.9488345992463],[174.730230499511,-36.9472103491289],[174.730066916541,-36.9463016318857],[174.734036967252,-36.9446458489503],[174.734640184016,-36.9443545993088],[174.735296099744,-36.9440135491672],[174.735938216504,-36.943655665564],[174.736567833686,-36.9432825485168],[174.737794800039,-36.9424969819695],[174.739105200521,-36.9415850160002],[174.740387933469,-36.9406393825746],[174.743331999711,-36.938411482206],[174.744860117333,-36.9373090819287],[174.745640966393,-36.9367784156289],[174.746375033473,-36.9363047991472],[174.747124150792,-36.935849581934],[174.747825150073,-36.935451265715],[174.748244783129,-36.9352261987403],[174.748651482101,-36.9350378167427],[174.750304449628,-36.9343162669559],[174.751916897031,-36.9336594339589],[174.754836642976,-36.932510467638],[174.756806078909,-36.9325290110054],[174.757904214947,-36.9325671795127],[174.758913919929,-36.9326477432316],[174.759995379583,-36.9327931547544],[174.761221667592,-36.9330152641765],[174.762666816675,-36.9333328991567],[174.764551366436,-36.9337926821453],[174.767543050805,-36.934579248981],[174.768976316834,-36.9349016323452],[174.769834699348,-36.9350412823687],[174.770840283155,-36.9351692822249],[174.771853116743,-36.9352695485197],[174.773053983635,-36.9353620321247],[174.77614854981,-36.9355522155918],[174.776894066739,-36.9355290826096],[174.779124616896,-36.9353931659791],[174.781335516537,-36.9351605155151],[174.782519766953,-36.9348898153128],[174.784682566463,-36.9343450821253],[174.786882816158,-36.933860164203],[174.78905756668,-36.9335970322908],[174.789459681927,-36.9335737556669],[174.791653599498,-36.9336590118783],[174.791816400107,-36.933671248731],[174.79392166716,-36.9339231161573],[174.796517667523,-36.934323315975],[174.807367933955,-36.9352702155482],[174.809361216126,-36.9353628156899],[174.813276916981,-36.9355888154232],[174.818225933668,-36.9357160320931],[174.821187000021,-36.9357715322226],[174.829860884011,-36.9383717659257],[174.831266816826,-36.9378341658682],[174.831724833709,-36.9376560151471],[174.832050033249,-36.9374999323306],[174.835195900621,-36.936280682476],[174.835926250196,-36.9360152158552],[174.835525100339,-36.9350893651586],[174.835422150239,-36.9345961157545],[174.838926099834,-36.9344727159959],[174.839037066861,-36.9354557825024],[174.839049316309,-36.9355805485355],[174.839873312796,-36.9355203182658],[174.840697650309,-36.9354631823652],[174.841990933778,-36.9357418656087],[174.842116967088,-36.9357742326574],[174.843492016513,-36.9360763324203],[174.844023182851,-36.9361754658564],[174.84424421865,-36.9361485326237],[174.844468835604,-36.9361643858763],[174.844740284457,-36.9361346000331],[174.844941249748,-36.9360280832794],[174.845028416913,-36.9359690487166],[174.845211133279,-36.9357630658135],[174.845308383227,-36.9356048488426],[174.845416717404,-36.9353210991851],[174.845476116838,-36.9352646653567],[174.84554375044,-36.9352294486131],[174.845725633335,-36.9352096657177],[174.845990082825,-36.9352182992432],[174.846128517131,-36.9352369484943],[174.846503317115,-36.9353289984775],[174.846689966711,-36.9353382661802],[174.846893983604,-36.9352211992066],[174.847215616535,-36.9351426317598],[174.847450732936,-36.9351298153641],[174.848074666526,-36.9351371991704],[174.848310317073,-36.9351126654958],[174.848436950587,-36.9350849488105],[174.848582134076,-36.9350371817168],[174.852549352732,-36.9334238383605],[174.852666032471,-36.9333232898432],[174.853111418964,-36.9315052043281],[174.853204103369,-36.9313263877069],[174.853359270248,-36.9311395546384],[174.853473954205,-36.9310546888417],[174.853670600857,-36.9309539248921],[174.865955166586,-36.9277858818671],[174.866042799748,-36.9279276487442],[174.866781332524,-36.9291659984758],[174.867484633728,-36.9302855156622],[174.867991966532,-36.9312610990407],[174.868224933921,-36.9317835489776],[174.868360184033,-36.9321552663168],[174.868407683997,-36.9326409985197],[174.868406416778,-36.9332648491246],[174.868379867186,-36.9334107992314],[174.868317600803,-36.9335918489762],[174.868172883215,-36.9338671661217],[174.867973850272,-36.9341287488683],[174.866776083903,-36.9353953658815],[174.866571867296,-36.9355773656721],[174.866317233233,-36.9357672825468],[174.865586467229,-36.9362651491933],[174.864976699951,-36.9367170652458],[174.864546700105,-36.9370064659506],[174.862555783212,-36.9381278318044],[174.861251666738,-36.9389316326125]]]},"properties":{"LocalBoardName":"M\u0101ngere-\u014ct\u0101huhu","LocalBoardCode":7617,"AreaSqkm":116.0636,"avg_crime":1136,"avg_rent":665,"suburbs":["Otahuhu","Mangere","Mangere Bridge"]}},{"type":"Feature","geometry":{"type":"Polygon","coordinates":[[[174.71869608285,-36.8982104652673],[174.719259854566,-36.8989574005648],[174.719826300216,-36.8997030322057],[174.719841783281,-36.8997428817768],[174.719705383203,-36.9015009654457],[174.719672470544,-36.9020420642532],[174.719658931562,-36.9023952363223],[174.72002225024,-36.9031198322422],[174.720559845706,-36.9041135602901],[174.721100700071,-36.905106149249],[174.72124271659,-36.9053354488988],[174.721579367518,-36.9057103821687],[174.721686533669,-36.905826181832],[174.72207156647,-36.90625556546],[174.722986100727,-36.907259099623],[174.723324427481,-36.9076066286614],[174.723894967473,-36.9082413819162],[174.724148534084,-36.9085108865081],[174.724399234009,-36.9087821155674],[174.723786817337,-36.9090991986711],[174.723385033188,-36.909359765719],[174.722869266871,-36.9096633817387],[174.72225905013,-36.9097336818364],[174.721371866256,-36.9102542658856],[174.721108716871,-36.9099706324576],[174.720939733102,-36.9100605825156],[174.720738617394,-36.9101137823466],[174.71847646718,-36.9114692992599],[174.718611516071,-36.9116145821229],[174.718196870954,-36.9118712772359],[174.718287983395,-36.9119721325583],[174.717921083608,-36.9122523324895],[174.717841117163,-36.9124601651564],[174.717357299595,-36.9123665993175],[174.717412883172,-36.9122222991478],[174.716992316599,-36.9121178825506],[174.716870516204,-36.9120995325735],[174.71635369537,-36.9134506292],[174.715831316857,-36.9148003492185],[174.715590950974,-36.9154390638044],[174.715346449321,-36.9160767659385],[174.714466716183,-36.9183581157903],[174.713167778098,-36.9217649554893],[174.713160298562,-36.9218673115921],[174.713198804727,-36.9220313798495],[174.71292686217,-36.922067251606],[174.712755660989,-36.9221359676953],[174.712563474685,-36.922651268386],[174.712571173784,-36.9228189339952],[174.712656540663,-36.9227676171305],[174.713241806291,-36.9225016041376],[174.713335400167,-36.9247126486918],[174.713241183158,-36.9247760157711],[174.712559067295,-36.9247077985314],[174.711899933935,-36.9248165155814],[174.711880749746,-36.9248659990677],[174.71085023311,-36.9251919652241],[174.710630900116,-36.9258918321887],[174.711056950424,-36.9259985492556],[174.710955466778,-36.9262611832503],[174.710860550123,-36.926237416862],[174.710548499963,-36.9273412818733],[174.709723550217,-36.9286795651895],[174.708938716897,-36.9303638825199],[174.70888583359,-36.9305565985843],[174.708565333788,-36.9323152317749],[174.708589716951,-36.9341235986738],[174.708809783462,-36.936426965636],[174.708908565983,-36.9437867324235],[174.708916066068,-36.9473911655604],[174.708893367381,-36.9491928985967],[174.70883251671,-36.9514162151982],[174.708875033254,-36.9528093819462],[174.708898482944,-36.955066615325],[174.708797916847,-36.9568697492414],[174.708521466168,-36.9586395318686],[174.708359316708,-36.9592911319568],[174.707778933478,-36.961017082428],[174.706990283841,-36.9627032654778],[174.706029316098,-36.9643475984654],[174.704932034022,-36.9659479991118],[174.703734400776,-36.9675024152933],[174.70246084916,-36.9691007823079],[174.701158683627,-36.9705624490443],[174.699782950074,-36.9719888485112],[174.698360433946,-36.9733927652667],[174.695576500655,-36.9760915990429],[174.693564416614,-36.9782646485415],[174.69337460055,-36.9689855657234],[174.673820510323,-36.9394125977501],[174.673634966779,-36.9391201157299],[174.672815950208,-36.9382451820481],[174.67088094983,-36.9360878325132],[174.670474083927,-36.936527198809],[174.670079166817,-36.9367341820986],[174.669866449842,-36.9367894157453],[174.669373767039,-36.9368959159488],[174.668939165967,-36.9370299486867],[174.668762434078,-36.9368744492866],[174.667897134092,-36.9363688488787],[174.66752970072,-36.9365790151389],[174.667641733846,-36.9367731491099],[174.666909416722,-36.9371921488321],[174.66675760028,-36.9370209485212],[174.66555186612,-36.9377108986145],[174.665883149272,-36.9380840655882],[174.664823000432,-36.939023515126],[174.665198316725,-36.9393585317816],[174.664946849947,-36.939540348799],[174.66455901643,-36.9396721154129],[174.66369360007,-36.9397506321561],[174.663685083068,-36.9389539663965],[174.663603650471,-36.9388253820661],[174.664310817386,-36.9384213820501],[174.662746216096,-36.9366297992806],[174.662998016921,-36.936575798512],[174.663270367204,-36.9364279820828],[174.66336391658,-36.9364155156836],[174.663331150019,-36.9362572990015],[174.66302553383,-36.935946332052],[174.665325750692,-36.9348681325652],[174.66666784996,-36.9356513659989],[174.66613754981,-36.9326484320197],[174.665957416916,-36.9326344322803],[174.665242050838,-36.9323074990211],[174.664498600051,-36.9322527489004],[174.664251332751,-36.9322815154755],[174.664473850134,-36.9309345319855],[174.66389523305,-36.9312302824332],[174.663454316546,-36.9308972820562],[174.663239050156,-36.93085391588],[174.663329334098,-36.9302993152742],[174.662398316235,-36.9305675492068],[174.660599233164,-36.9288501322629],[174.66040528305,-36.9286678490214],[174.660464449812,-36.9285886495409],[174.660925592235,-36.928117025885],[174.661236436773,-36.9278147310383],[174.661624783488,-36.9275483323593],[174.662050870511,-36.9272911450825],[174.662270259677,-36.927081032058],[174.662327970549,-36.9270020386214],[174.662363359623,-36.9269092794851],[174.662512819023,-36.9262681731566],[174.662690157204,-36.9255994961295],[174.662717150007,-36.9253641945202],[174.662707625465,-36.9249547518275],[174.662664014254,-36.9247423577079],[174.662511211851,-36.9243687511648],[174.662239211172,-36.9238440037458],[174.661793540413,-36.9229416478181],[174.661277902588,-36.9219833413873],[174.661233018991,-36.921860566531],[174.660991994156,-36.9218516145977],[174.660806935053,-36.9217929254777],[174.660496751911,-36.9216164938555],[174.659842686922,-36.9213235890316],[174.659661594392,-36.921212205694],[174.659415842387,-36.9210193468013],[174.659177644182,-36.9207264979706],[174.658927217359,-36.9205892408483],[174.658497675166,-36.9204738393585],[174.658367534981,-36.9204221301021],[174.658061975933,-36.9202440986976],[174.657975275181,-36.9201686989664],[174.657890406658,-36.9200745318388],[174.657756665425,-36.9198710290845],[174.657746917719,-36.9197889954549],[174.657763896151,-36.9196799664517],[174.657787379297,-36.9195717183664],[174.657869126284,-36.9193783618044],[174.65800751687,-36.918988732484],[174.657732383183,-36.9172050495169],[174.657772600686,-36.9168714484917],[174.657935278935,-36.9158924265201],[174.658091549869,-36.9149127319669],[174.658319850139,-36.9132527317231],[174.658311466876,-36.9131061657739],[174.658541399949,-36.9131230155462],[174.65895310078,-36.9131376154203],[174.659368300165,-36.9131172818417],[174.659645049884,-36.9128875159097],[174.660646180056,-36.9118293182529],[174.660850649504,-36.9115945499556],[174.661640380159,-36.9107430612063],[174.662434030349,-36.9098939311804],[174.662824231909,-36.9095420801723],[174.663979465547,-36.9081743819907],[174.663642930101,-36.9079417193919],[174.663010073056,-36.9072686095796],[174.662553449861,-36.9068409820023],[174.661552316505,-36.9061865152292],[174.660754477042,-36.9056458205743],[174.659952216798,-36.9051093661676],[174.659826449437,-36.9050296992895],[174.659117967443,-36.9045514321808],[174.658601383713,-36.9042211655502],[174.657922550522,-36.9037655156128],[174.65549748309,-36.9021513442348],[174.655352831469,-36.9020516029728],[174.653084086876,-36.9005608280828],[174.649761489267,-36.8983310130155],[174.649948927562,-36.8980834263465],[174.650077300233,-36.8977813492436],[174.650706833216,-36.8962067654975],[174.65091945058,-36.8956628157414],[174.651737133985,-36.8948585986297],[174.652347667478,-36.8942473322468],[174.652932200071,-36.8936846659021],[174.653789350018,-36.8928346990545],[174.654546547187,-36.8920886043621],[174.655301500418,-36.8913410490781],[174.656146816798,-36.8905347990813],[174.656571783586,-36.890117249109],[174.656862983924,-36.8898574659697],[174.65830701666,-36.8886221819141],[174.658754337574,-36.8882334087957],[174.66013226749,-36.887020265335],[174.660291400814,-36.8870356818508],[174.662692366091,-36.8849745986836],[174.665632067048,-36.8823005822826],[174.66338971734,-36.8813789657311],[174.661617666259,-36.8787096158772],[174.660722050194,-36.8752558657562],[174.660225166829,-36.871179265431],[174.658911849727,-36.8655401988697],[174.658601816642,-36.8629296996909],[174.659428090396,-36.8602533700083],[174.660193017132,-36.8576990318216],[174.661265583229,-36.8542211824826],[174.664035250757,-36.8505258656489],[174.66864450084,-36.8457728820826],[174.672592916806,-36.8422404655487],[174.678797117487,-36.8388987651521],[174.683539100121,-36.8371641658103],[174.688486916625,-36.8361805817771],[174.694770100473,-36.8357127157845],[174.690716066446,-36.8716656655481],[174.690713449567,-36.8721352654986],[174.693674816929,-36.8823272153149],[174.694655383185,-36.8850398323117],[174.694561450125,-36.88526876559],[174.694490050523,-36.88552868215],[174.694430799645,-36.8856678492027],[174.694356483813,-36.8857794659271],[174.694299867161,-36.8859076160094],[174.694289250058,-36.8859746322137],[174.69425388329,-36.8860278493027],[174.699615600183,-36.8870486485371],[174.700307766729,-36.8863078486414],[174.700418267212,-36.8861314820913],[174.700420967419,-36.886185982227],[174.701283720878,-36.8861456852031],[174.702146149205,-36.8861011321562],[174.702150650018,-36.8861116485942],[174.702167166807,-36.8861715652089],[174.702168033654,-36.8863352655432],[174.702105966592,-36.8865126991777],[174.702124900313,-36.8865731156644],[174.70223546745,-36.8867201817402],[174.702242700608,-36.8868103318762],[174.702202933029,-36.8868822154467],[174.702125166623,-36.8869635992471],[174.702042217426,-36.8871583990579],[174.701945266652,-36.88725254848],[174.701862916862,-36.8874091323392],[174.701869317414,-36.8874775151496],[174.701914966934,-36.887532398629],[174.70205121596,-36.8875870485633],[174.702127000237,-36.8875915159541],[174.702234617018,-36.887678065404],[174.70227323344,-36.8876822657745],[174.702376749879,-36.887610098716],[174.702452799986,-36.8875812653975],[174.702688866546,-36.8873684323458],[174.702769933061,-36.8873288324358],[174.702868250636,-36.8873109988107],[174.70302153318,-36.8874135651843],[174.703211549924,-36.8875139822704],[174.703405800703,-36.8876696819864],[174.703448400804,-36.8876800991341],[174.703510466781,-36.8876567160121],[174.703582199295,-36.8875798984486],[174.703639583516,-36.8874986987485],[174.703638233427,-36.8874363890132],[174.7036247498,-36.8873822987099],[174.703560966531,-36.887293865484],[174.703555133078,-36.8872543484219],[174.703597333146,-36.8871457987583],[174.703673866635,-36.8870393985604],[174.703714233124,-36.8870131492747],[174.703810466098,-36.8869928822889],[174.703869432894,-36.8869976492589],[174.704027966852,-36.8870557151866],[174.70413931729,-36.8871218325781],[174.704185699711,-36.8872360151387],[174.704243350388,-36.8873094158921],[174.704652283152,-36.8874877318939],[174.704727766566,-36.8875336152566],[174.704817216632,-36.8876332158491],[174.704823016872,-36.8876589490079],[174.704803049762,-36.8876958158375],[174.704605284136,-36.8877849487369],[174.704440064308,-36.8878938360957],[174.704419480054,-36.8879166858473],[174.704412696539,-36.8879692533181],[174.704453080612,-36.8880294698001],[174.704516780069,-36.8880348364341],[174.704644098481,-36.8879446180294],[174.704722980851,-36.8879109177094],[174.704783382153,-36.8879152670381],[174.704845081641,-36.8879426172197],[174.704877423489,-36.8879820348584],[174.70490709865,-36.8880227835771],[174.704909299475,-36.8880584669844],[174.704764161025,-36.8883340051562],[174.704741111799,-36.8884071720032],[174.704625844875,-36.8885517058404],[174.704611811319,-36.8885973053766],[174.704648499402,-36.8888408169416],[174.704632666694,-36.8889046657371],[174.70462546672,-36.8889213484355],[174.704456699834,-36.8889290158351],[174.704452798291,-36.8890290844209],[174.70446539618,-36.8891147047294],[174.70454054507,-36.8891596555813],[174.704732676991,-36.8891675570408],[174.704903009074,-36.8891502746421],[174.705261490059,-36.8890490772457],[174.705396139398,-36.889051927779],[174.705560622855,-36.8890975946689],[174.70565040506,-36.8891715455785],[174.705673238651,-36.8892363626036],[174.705636288618,-36.8893336626687],[174.70540355625,-36.889621695389],[174.705475599346,-36.8899585500356],[174.705477807974,-36.8900209625321],[174.705483677885,-36.8900832219599],[174.70551432671,-36.8901104902534],[174.705546892468,-36.8901244082053],[174.705752274141,-36.890132727967],[174.705858656169,-36.8901566967935],[174.70594752169,-36.8902102144564],[174.705975388628,-36.8902469975373],[174.705967754433,-36.8903171643681],[174.705799937849,-36.890568481204],[174.705739439298,-36.89062424645],[174.705702272185,-36.8907054119217],[174.705696126433,-36.8908488756297],[174.705766849206,-36.8910755656128],[174.705772096878,-36.8911937190367],[174.70565280876,-36.8915496936503],[174.705510225695,-36.8917127925751],[174.70543924191,-36.8918789077795],[174.705306778208,-36.8920094063871],[174.70522849467,-36.8920482055536],[174.705106846631,-36.8920786704364],[174.704845117471,-36.8921938820965],[174.704507666523,-36.8923957824438],[174.704315149908,-36.8924477987655],[174.704112517267,-36.8925469822665],[174.703931433878,-36.8925616984609],[174.703860066418,-36.8925995484628],[174.703737364761,-36.8927216498908],[174.703583697842,-36.8928893176034],[174.703550466552,-36.8929013323129],[174.703328116255,-36.8928928825854],[174.70327843125,-36.8929129171789],[174.703205414558,-36.8930024177945],[174.703150199523,-36.8931894989465],[174.703239050228,-36.8934110659349],[174.703298841886,-36.8935173123311],[174.703362033055,-36.8936222817816],[174.703455649625,-36.8938619658156],[174.703455880434,-36.8939369194119],[174.703428655452,-36.894010661425],[174.703130225346,-36.8942359877152],[174.70308192305,-36.8943080804267],[174.703077729402,-36.8944187682573],[174.70309956172,-36.8945029826495],[174.703038400101,-36.8945812987324],[174.702891617242,-36.8946820491237],[174.70286166707,-36.8947433824747],[174.702858133541,-36.8947821820282],[174.702900049872,-36.8948621985012],[174.703059884021,-36.8950026984351],[174.703046633854,-36.8950645991068],[174.702997333052,-36.8951386484991],[174.70285530071,-36.8952337991788],[174.702782299847,-36.8952374658567],[174.702677833912,-36.8952189488861],[174.702620949907,-36.8951849154626],[174.702520133289,-36.8951692159335],[174.70222291728,-36.8952257652182],[174.702174349777,-36.8952567824843],[174.702069949726,-36.8954874819273],[174.702141834064,-36.8955669151282],[174.702320916757,-36.8956766990374],[174.702612950208,-36.895987865971],[174.702711333795,-36.8960620490081],[174.703756066468,-36.8954903658735],[174.703833900795,-36.8955568991469],[174.70393476709,-36.8956718495153],[174.704058076542,-36.8955658885963],[174.704110891945,-36.8955526229393],[174.704226957542,-36.8955807076643],[174.704281173696,-36.8956211907603],[174.704388509746,-36.8958241563303],[174.704418461943,-36.8960077039948],[174.704536447438,-36.8962927347178],[174.704546681791,-36.8964219166421],[174.704635266583,-36.8965127657478],[174.704689782653,-36.896550749411],[174.704780549189,-36.8965439828346],[174.70488604729,-36.896474467545],[174.705050913757,-36.8962155185312],[174.705242646796,-36.895960619137],[174.705376647203,-36.8957348857208],[174.705418213855,-36.895716351266],[174.705464246806,-36.8957205513273],[174.705641748337,-36.8958047510266],[174.705694464068,-36.8958158008155],[174.705795015452,-36.8957967833825],[174.705877381724,-36.8957538997814],[174.705890099139,-36.8957254329024],[174.70587838244,-36.8956921828489],[174.705639364433,-36.8954425341658],[174.705593264171,-36.8953550849836],[174.705620780142,-36.8952716515595],[174.70587103337,-36.8950897825291],[174.705969832414,-36.8950336834946],[174.706067531422,-36.895029850325],[174.706150565477,-36.8950561668287],[174.706199198672,-36.8951101331537],[174.706208932937,-36.8953183494513],[174.706234914851,-36.8953798500746],[174.706289950769,-36.8954454662274],[174.706373033384,-36.8955217155513],[174.706600966415,-36.8956831323684],[174.706658318498,-36.895806665315],[174.70689263508,-36.8959175487019],[174.707088468016,-36.8961696983145],[174.70715655207,-36.8962369643714],[174.707336268988,-36.8963439490337],[174.707369019497,-36.8964085825227],[174.70737729981,-36.8964635014947],[174.707349542954,-36.8966421262991],[174.707309275744,-36.8966703772877],[174.707151223733,-36.8967121791902],[174.707099489393,-36.8967423967002],[174.70705658692,-36.8968006164722],[174.707006081949,-36.8969348379103],[174.706866893928,-36.8971089275042],[174.706842675047,-36.8971777120051],[174.706877204486,-36.8972925827156],[174.706936617865,-36.8973931529149],[174.706992851501,-36.8974162196782],[174.707047650569,-36.8974190700125],[174.707189986577,-36.8974002197418],[174.707320653228,-36.8973614189875],[174.707607157933,-36.8971981473229],[174.70779091093,-36.8971203784541],[174.707991653241,-36.8970029870232],[174.708162092897,-36.8969297300674],[174.708315487612,-36.8969328357538],[174.708397179645,-36.896960539151],[174.708480324305,-36.8969852984133],[174.708692771564,-36.8971064651873],[174.708878270482,-36.8971734157387],[174.708941069918,-36.8972920487364],[174.708919352382,-36.8974744158771],[174.708860802187,-36.897581847734],[174.708768702931,-36.8976624982811],[174.708663935825,-36.8977121642502],[174.708506036797,-36.8977319476936],[174.708450602945,-36.8977548477954],[174.708224035809,-36.8980522811274],[174.708200335595,-36.898133515023],[174.7081988852,-36.8982277814821],[174.70830556888,-36.8986656144661],[174.70829170284,-36.8987457316854],[174.708231335755,-36.8987838812968],[174.708090268852,-36.8987423145207],[174.707962286347,-36.8987925147155],[174.707905568798,-36.8988614818722],[174.707978168098,-36.8989789144615],[174.708092669152,-36.899075365043],[174.708198719428,-36.8990969982719],[174.708430068473,-36.8990936142747],[174.70847040124,-36.8990831644383],[174.708684216831,-36.8988968985617],[174.708790566744,-36.8987744153327],[174.708909950275,-36.8986894153322],[174.709110268017,-36.8985785475507],[174.709203934367,-36.898543514721],[174.709510418392,-36.8984970646139],[174.71012420118,-36.8983448814418],[174.71052263296,-36.8982906819481],[174.710582166836,-36.898290432136],[174.711360200129,-36.8983470821785],[174.711551000486,-36.8983776657463],[174.711606999279,-36.8984195159105],[174.711646066979,-36.8984920322227],[174.711662066439,-36.8985867484681],[174.711657740853,-36.8987482444135],[174.711637317542,-36.8990829656772],[174.711571416699,-36.8995290490291],[174.711444667122,-36.8998214491318],[174.711315966108,-36.9003080990207],[174.711319716453,-36.9003694824615],[174.711357016342,-36.9004065825252],[174.711462717032,-36.9004274156418],[174.711776083592,-36.9003932818943],[174.71203599996,-36.9004106985954],[174.712133966659,-36.900398265786],[174.712762116945,-36.9000233991031],[174.713103066799,-36.8998062489866],[174.713343949862,-36.8998395819854],[174.713520883159,-36.8998803988232],[174.714448949737,-36.9000258817315],[174.714738783477,-36.9001161156749],[174.714922466449,-36.9002286818388],[174.715209533311,-36.9007191325422],[174.715483582991,-36.9012227660555],[174.715581988529,-36.9013574144234],[174.715722315951,-36.9015245824685],[174.715812565915,-36.9015591324832],[174.716511949766,-36.9015800825184],[174.71659180074,-36.9015788158811],[174.71664130054,-36.9015619988959],[174.716826566973,-36.9013826487818],[174.716841982692,-36.901197982126],[174.716905716941,-36.9009484152176],[174.716926833134,-36.9007589656349],[174.716970933447,-36.9007178821605],[174.71699663318,-36.9006475321141],[174.716993279515,-36.900526130778],[174.716914616464,-36.9001327819314],[174.716907516754,-36.9000541990052],[174.716924133945,-36.9000175156642],[174.717772550784,-36.8990911492317],[174.718186683293,-36.8985330321276],[174.718289134044,-36.8984258990792],[174.71846198361,-36.8983219486599],[174.71869608285,-36.8982104652673]]]},"properties":{"LocalBoardName":"Whau","LocalBoardCode":7611,"AreaSqkm":49.3161,"avg_crime":387,"avg_rent":676,"suburbs":["Avondale","New Lynn","Blockhouse Bay"]}},{"type":"Feature","geometry":{"type":"Polygon","coordinates":[[[174.706104933446,-36.769409298874],[174.706120077401,-36.7694016540283],[174.706131787616,-36.7693907854378],[174.706137538497,-36.7693789755212],[174.706136249333,-36.7693663341386],[174.706128756723,-36.7693536652629],[174.706118616353,-36.7693422511553],[174.706075900351,-36.7693179673165],[174.706069282791,-36.7693128343293],[174.706061222353,-36.7693030325163],[174.706060816903,-36.7692912842748],[174.706078461406,-36.7692763904684],[174.706100016006,-36.7692653170602],[174.706164717255,-36.7692419837505],[174.706197366878,-36.7692255342135],[174.706216561726,-36.7692078390258],[174.706239650676,-36.7691934673415],[174.706257336784,-36.7691877975273],[174.706276350209,-36.7691885836722],[174.706333346363,-36.7692062238004],[174.70638873351,-36.7692269171329],[174.706431248666,-36.7692372815831],[174.706475289189,-36.7692419684131],[174.70651969174,-36.7692408538193],[174.706563283413,-36.7692339672443],[174.706585952974,-36.7692188753675],[174.706606608059,-36.7692020155303],[174.706625036652,-36.769183560795],[174.706641049589,-36.7691637005951],[174.706665749694,-36.7691171675094],[174.706679582982,-36.7690983675714],[174.706705363865,-36.7690745492215],[174.706734483139,-36.7690533669976],[174.706789177369,-36.7690238292581],[174.706848316091,-36.7690004837495],[174.706977866091,-36.768956267684],[174.707004588659,-36.7689437571102],[174.707028225447,-36.7689277228961],[174.707048066675,-36.7689086465286],[174.707063516539,-36.7688871008462],[174.707083053758,-36.7688490310057],[174.707099868798,-36.7688101290376],[174.707127566734,-36.7688646488821],[174.708486716662,-36.7682245509175],[174.708464631894,-36.7680691494696],[174.708894661843,-36.7677516515757],[174.70952511663,-36.7670398824496],[174.70916860048,-36.7660986994079],[174.709605466368,-36.7658776656798],[174.709024083415,-36.765126065407],[174.709577086474,-36.764849691351],[174.709890033518,-36.7654867675385],[174.710476244994,-36.7651842960688],[174.710968767284,-36.7658213808725],[174.71104149924,-36.7657913884792],[174.711115404913,-36.7657633147875],[174.711141965208,-36.765757145935],[174.711204661502,-36.7657507185994],[174.711228021447,-36.7657437124339],[174.71127168428,-36.7657191800911],[174.711306928737,-36.7656930435602],[174.71134386676,-36.7656684674144],[174.711363426415,-36.7656586884134],[174.711385466039,-36.7656533172688],[174.711432774977,-36.7656495264045],[174.711480316877,-36.7656492673346],[174.711601116453,-36.7656317011428],[174.711640466887,-36.7657160676636],[174.711733599964,-36.7657204672904],[174.711870345276,-36.7655921524632],[174.71198775513,-36.7655822701163],[174.712066904053,-36.7656421351581],[174.712311853245,-36.765662846783],[174.712431334926,-36.7658169363428],[174.713295400423,-36.7653839324193],[174.713230249594,-36.7652998659756],[174.714585283302,-36.7646207988805],[174.715096699497,-36.765283032194],[174.715394216237,-36.7651341992297],[174.71609745019,-36.7660394821123],[174.716452633335,-36.7658609492417],[174.715784317249,-36.765000765635],[174.716318433214,-36.764733898952],[174.716674583478,-36.7651944656132],[174.717341933072,-36.7650572324951],[174.717561566677,-36.765244515525],[174.717765216926,-36.7651526659975],[174.717943733716,-36.7652616656489],[174.718206316945,-36.7650679655742],[174.71805113295,-36.764935615698],[174.718107046025,-36.7647982227631],[174.718293354686,-36.7649539793089],[174.718697454875,-36.7652360154012],[174.721058909195,-36.7641989823797],[174.721404733381,-36.7640512157281],[174.721488701137,-36.7633676144047],[174.721567733114,-36.7626836322552],[174.721671332628,-36.7624500156741],[174.722088249177,-36.7621834153856],[174.72323588276,-36.7616072820557],[174.723377600238,-36.7615068487536],[174.723439566916,-36.7614428492484],[174.723588483875,-36.7610208990255],[174.7234641998,-36.7604638658561],[174.722753433472,-36.75833854854],[174.722806983514,-36.7581118661566],[174.725733549853,-36.7562664156877],[174.726910116545,-36.7554879992792],[174.72759591534,-36.7550960519031],[174.727872166953,-36.7547860656566],[174.728728216509,-36.7535471492353],[174.728823800758,-36.7536351825446],[174.729349150785,-36.7541062989261],[174.731104333361,-36.7556113489341],[174.733958917131,-36.7579844823634],[174.73573146643,-36.7594813651649],[174.737262699224,-36.7611270823084],[174.737906633131,-36.7620162321636],[174.738226317106,-36.7624875323715],[174.738645133718,-36.7631246156152],[174.739189750763,-36.7641728159711],[174.739510816876,-36.7648983153073],[174.740533333099,-36.767507849086],[174.741370516634,-36.7692062656064],[174.742199709158,-36.7707852119184],[174.743025600546,-36.7723652824603],[174.743717733875,-36.7736009320275],[174.745160167201,-36.7759687156695],[174.745341316559,-36.7762624318287],[174.74714651698,-36.7791359151997],[174.74742514977,-36.7795937821311],[174.747586082619,-36.7798957992076],[174.750178399399,-36.7840073987091],[174.750748267077,-36.784886698791],[174.751628866625,-36.7863390491902],[174.752048650204,-36.7869607490846],[174.752821516277,-36.788225798885],[174.753258484064,-36.7889119986171],[174.754717733505,-36.7912388152716],[174.75587004957,-36.7926959318483],[174.75618131719,-36.7931341990262],[174.756290549455,-36.7932381657641],[174.757069033445,-36.7941207489735],[174.757798416931,-36.7949096322661],[174.758654600381,-36.7957497990575],[174.759858983621,-36.7969711828143],[174.760548983222,-36.7977654488596],[174.760760299453,-36.7980935154139],[174.760949449455,-36.7984380323298],[174.761106883255,-36.7987785659953],[174.761318550687,-36.7993641488586],[174.763049033453,-36.7991104662602],[174.763065316627,-36.8156501819248],[174.763041533182,-36.8328050157044],[174.761438100576,-36.8327229323832],[174.752838583256,-36.8322720654847],[174.744418799736,-36.8325656653605],[174.740744800218,-36.8327010159718],[174.735580016645,-36.8324831657444],[174.714598633492,-36.8337272322835],[174.710685482528,-36.8339869992835],[174.708604900756,-36.8341250988132],[174.694770100473,-36.8357127157845],[174.674601032985,-36.8146831654643],[174.674641467166,-36.8145372152897],[174.675375050117,-36.8059798662814],[174.675627616983,-36.802368832548],[174.675925767331,-36.7988071824454],[174.676032916474,-36.7970060155411],[174.676016500377,-36.7952110155016],[174.676101267365,-36.7917233819751],[174.676648399537,-36.7900106825309],[174.677580732933,-36.7888973159015],[174.679233999476,-36.7876110153829],[174.680116433808,-36.7869495317742],[174.681922034014,-36.785882648959],[174.683450700182,-36.7852561986776],[174.685567916363,-36.7846539493192],[174.687519024608,-36.7841943243054],[174.688318140898,-36.7839126242088],[174.690251821823,-36.7829381915576],[174.690754089167,-36.7826503409306],[174.692599788007,-36.7816635243212],[174.693352106091,-36.7813653245911],[174.693567289761,-36.781331757389],[174.694655388922,-36.7807055238464],[174.696001872139,-36.7793070896961],[174.696623003783,-36.778522655454],[174.697244202082,-36.7778778698592],[174.69797636982,-36.7772576201255],[174.698657304237,-36.7765007208691],[174.698948403083,-36.7758796379171],[174.69923532201,-36.7753390219317],[174.699655486739,-36.7744665199224],[174.699782452474,-36.7739354200008],[174.700166070265,-36.7734520534495],[174.700604538007,-36.7730905211685],[174.70191743572,-36.7722847199626],[174.702229618395,-36.7718466197103],[174.70233588518,-36.7717572869872],[174.702511868461,-36.7716459715846],[174.702819649914,-36.7714233326472],[174.70302691696,-36.7713891985651],[174.703237666722,-36.7713766154342],[174.703691900064,-36.7711464317748],[174.703650481979,-36.7710582938941],[174.703021700311,-36.7702471820156],[174.703242021387,-36.7701996890416],[174.703584314336,-36.7706425014704],[174.703649903364,-36.7705706517006],[174.703709135087,-36.7705259338771],[174.703800055707,-36.7705031699887],[174.704013161617,-36.7705317999717],[174.703682618054,-36.7701047106404],[174.70405185028,-36.7700251154208],[174.704635999887,-36.7695825154274],[174.705605126303,-36.769228031712],[174.705885616159,-36.7691254323728],[174.706104933446,-36.769409298874]]]},"properties":{"LocalBoardName":"Kaip\u0101tiki","LocalBoardCode":7604,"AreaSqkm":49.367,"avg_crime":335,"avg_rent":756,"suburbs":["Northcote","Glenfield","Birkenhead","Beachhaven"]}},{"type":"Feature","geometry":{"type":"Polygon","coordinates":[[[174.734397982861,-36.7500475662231],[174.734357784147,-36.7500042478213],[174.734882715224,-36.7496898689518],[174.735293690552,-36.7494406457013],[174.735912466611,-36.7495351160949],[174.737430333396,-36.7488683824709],[174.73688805007,-36.7483695155461],[174.737439300126,-36.745868765695],[174.737430463122,-36.7456930388761],[174.737499375352,-36.7456586243283],[174.737897333677,-36.7454751159621],[174.738227083701,-36.7452959153984],[174.738496916609,-36.7451762321888],[174.739277832184,-36.7448057826519],[174.739300768787,-36.744966778617],[174.739362114932,-36.7452580854526],[174.739412325691,-36.7453828660724],[174.739743400431,-36.7458642487475],[174.739785883598,-36.7459220492803],[174.74011566621,-36.7463250320994],[174.740568917399,-36.7467017986579],[174.740786494757,-36.7468616066293],[174.741001202086,-36.7469942909381],[174.741143910749,-36.7470548993176],[174.741328864084,-36.7471098361447],[174.741501515696,-36.7471514233194],[174.741653862231,-36.7471660638442],[174.742116511198,-36.747159502446],[174.742885361223,-36.7470959268005],[174.744258434731,-36.7470136944286],[174.744442933239,-36.7470227303111],[174.744908804336,-36.7471061234803],[174.745165947927,-36.7471933620346],[174.745414757381,-36.7473136580495],[174.745687463392,-36.7474854365649],[174.745882691629,-36.7476680339274],[174.74595878408,-36.7477500867035],[174.746056720934,-36.7478713173689],[174.746398659959,-36.7485332342545],[174.746943048298,-36.7501677156853],[174.747130568049,-36.7506127632662],[174.747340071281,-36.7510095757655],[174.74752264988,-36.7511573155935],[174.749069611166,-36.7522071372458],[174.749187779596,-36.7522719489629],[174.750349575031,-36.7528227312608],[174.750540297371,-36.7529391864509],[174.750698913119,-36.7530653185325],[174.750992136271,-36.7533507566469],[174.751367696317,-36.7538488528425],[174.751484024127,-36.7540682355432],[174.751523352263,-36.7543400834279],[174.751515467375,-36.7544994319202],[174.751373235702,-36.7548628532106],[174.751049416096,-36.7554191830465],[174.750992414136,-36.7555671546515],[174.750954589051,-36.7557936552275],[174.75095574144,-36.7558926336814],[174.751059852598,-36.7564497177922],[174.751497149962,-36.756658848816],[174.753636650065,-36.7577274986492],[174.754692116704,-36.7582873152265],[174.755936983833,-36.7572126817708],[174.757859800425,-36.755576850179],[174.759785499846,-36.7539432485381],[174.760055900144,-36.7537075664336],[174.762726217415,-36.7525807156175],[174.762806050361,-36.752781948853],[174.764174366357,-36.752763399226],[174.822190316635,-36.7517936991185],[174.822164400717,-36.7519419986366],[174.821816050085,-36.7540872985536],[174.821515233857,-36.7562368652736],[174.821156649724,-36.7591550656025],[174.820898033737,-36.7618509985902],[174.820777934006,-36.7634706491726],[174.820543766526,-36.7672622488121],[174.820480417104,-36.7688841154818],[174.820465549772,-36.770235432016],[174.82049645027,-36.7716324319651],[174.820574633341,-36.7729817322827],[174.82071208406,-36.7746002325246],[174.82097969989,-36.7772938324049],[174.82034808389,-36.7838719487144],[174.820018517094,-36.7875391988915],[174.819749916711,-36.7909921822405],[174.819574950226,-36.7938906484181],[174.819435667031,-36.7973480992083],[174.819340032717,-36.8012398318218],[174.819287966996,-36.8051330821541],[174.819225816573,-36.8129928157438],[174.820380467504,-36.8345415657403],[174.804634383518,-36.8389846323978],[174.799129816502,-36.8379607323586],[174.796939983813,-36.8375748152153],[174.795933350029,-36.8374205319775],[174.793732333184,-36.83710878217],[174.792559183172,-36.8369531659129],[174.789301933041,-36.8365261992454],[174.787096433037,-36.8362179157104],[174.784918350493,-36.8358896822789],[174.780183299937,-36.8350382823611],[174.777975866785,-36.8346800986237],[174.775657050711,-36.8343244822381],[174.773244583794,-36.8339809822834],[174.77076445024,-36.8336569485051],[174.768243516892,-36.833358632533],[174.763041533182,-36.8328050157044],[174.763065316627,-36.8156501819248],[174.763049033453,-36.7991104662602],[174.761318550687,-36.7993641488586],[174.761106883255,-36.7987785659953],[174.760949449455,-36.7984380323298],[174.760760299453,-36.7980935154139],[174.760548983222,-36.7977654488596],[174.759858983621,-36.7969711828143],[174.758654600381,-36.7957497990575],[174.757798416931,-36.7949096322661],[174.757069033445,-36.7941207489735],[174.756290549455,-36.7932381657641],[174.75618131719,-36.7931341990262],[174.75587004957,-36.7926959318483],[174.754717733505,-36.7912388152716],[174.753258484064,-36.7889119986171],[174.752821516277,-36.788225798885],[174.752048650204,-36.7869607490846],[174.751628866625,-36.7863390491902],[174.750748267077,-36.784886698791],[174.750178399399,-36.7840073987091],[174.747586082619,-36.7798957992076],[174.74742514977,-36.7795937821311],[174.74714651698,-36.7791359151997],[174.745341316559,-36.7762624318287],[174.745160167201,-36.7759687156695],[174.743717733875,-36.7736009320275],[174.743025600546,-36.7723652824603],[174.742199709158,-36.7707852119184],[174.741370516634,-36.7692062656064],[174.740533333099,-36.767507849086],[174.739510816876,-36.7648983153073],[174.739189750763,-36.7641728159711],[174.738645133718,-36.7631246156152],[174.738226317106,-36.7624875323715],[174.737906633131,-36.7620162321636],[174.737262699224,-36.7611270823084],[174.73573146643,-36.7594813651649],[174.733958917131,-36.7579844823634],[174.731104333361,-36.7556113489341],[174.729349150785,-36.7541062989261],[174.728823800758,-36.7536351825446],[174.728728216509,-36.7535471492353],[174.729077316667,-36.752992248637],[174.729247382561,-36.7527718486589],[174.729570833214,-36.7525755652784],[174.73060141739,-36.7524012655184],[174.731743749485,-36.7521883986233],[174.732174466749,-36.7520827822027],[174.73209866688,-36.7519176989713],[174.731594099793,-36.7514412156149],[174.732988066494,-36.750882382281],[174.73308298297,-36.7508405490711],[174.733945847699,-36.7503202196842],[174.734189593328,-36.7501732328346],[174.734203373868,-36.7501649232865],[174.734260993459,-36.7501301767446],[174.734397982861,-36.7500475662231]]]},"properties":{"LocalBoardName":"Devonport-Takapuna","LocalBoardCode":7605,"AreaSqkm":55.8197,"avg_crime":323,"avg_rent":940,"suburbs":["Takapuna","Milford","Devonport"]}},{"type":"Feature","geometry":{"type":"Polygon","coordinates":[[[174.881885167017,-36.8334828485448],[174.89002789982,-36.8461061986336],[174.889086033545,-36.8483991154522],[174.889091783172,-36.8499295658682],[174.889132834151,-36.8512706159434],[174.889077149783,-36.8552156657703],[174.889093433486,-36.8559315656015],[174.889158600008,-36.8566314152236],[174.889260249987,-36.8572995492528],[174.889611466828,-36.8592162654326],[174.889874482476,-36.8603911993019],[174.890137699938,-36.8611739488974],[174.890418132542,-36.8618404485397],[174.890787033471,-36.8625617318229],[174.891195983848,-36.8632446658108],[174.89161599963,-36.8638550826385],[174.892000600736,-36.864363648766],[174.892496417148,-36.8649702656555],[174.893560900206,-36.8662216817701],[174.893884233456,-36.8666330319905],[174.89427298314,-36.8671998658494],[174.895070900809,-36.8684955158791],[174.895292000484,-36.8689460155151],[174.895406433416,-36.8692614657985],[174.895492067099,-36.8695787319018],[174.895570634127,-36.8701164986499],[174.895575333991,-36.8707853659932],[174.895534300198,-36.871161748984],[174.895477133499,-36.8714834158288],[174.895203100332,-36.8726240990792],[174.894485533147,-36.8743362319908],[174.893900433305,-36.8756037489251],[174.89352754993,-36.8763093986128],[174.89328573352,-36.8766448158713],[174.893057599778,-36.8768974651682],[174.892810216619,-36.8771390153912],[174.892217616,-36.8776399487213],[174.891719500653,-36.8780054651142],[174.889733399532,-36.8793987489186],[174.889233782601,-36.8797176985858],[174.888907033927,-36.8798355489354],[174.887041584024,-36.8808420321419],[174.881532384151,-36.8729765159804],[174.881710516395,-36.8726222492307],[174.881837383731,-36.872098082358],[174.881829683994,-36.8720772151589],[174.881729833566,-36.8719622652514],[174.880674733666,-36.8710647330402],[174.879733934123,-36.8702892653997],[174.879416716809,-36.8700378818496],[174.878789878637,-36.8695074857424],[174.878159749548,-36.8689796159835],[174.877995033917,-36.868837548723],[174.877540016528,-36.8684761823776],[174.877408466447,-36.8684192990751],[174.877271800651,-36.8683975490323],[174.877126532789,-36.8684182817486],[174.876115617201,-36.8687671484736],[174.875223867117,-36.8690596984357],[174.874858583334,-36.8691766823876],[174.874172933055,-36.8694772152389],[174.873860585486,-36.8694308411055],[174.872864317265,-36.86927731578],[174.872100883312,-36.8691404817172],[174.871610800534,-36.8690287986765],[174.871300633509,-36.8689540492948],[174.870017550228,-36.868624815473],[174.869768800264,-36.8685900489818],[174.869525517297,-36.8686605484924],[174.867914885714,-36.8693707213819],[174.866104052293,-36.8699787062215],[174.865871287365,-36.8700134622235],[174.865426807354,-36.8700282968112],[174.864885100952,-36.8700229230466],[174.863502377008,-36.8700273707249],[174.862643917407,-36.8700262153581],[174.862157233234,-36.8700135490687],[174.860929716087,-36.8698866323989],[174.859588216149,-36.8695259824872],[174.859412533327,-36.8694808823241],[174.859120367286,-36.869473465802],[174.85802355084,-36.8695572323671],[174.857853767393,-36.8695554825852],[174.857609400534,-36.8695150824789],[174.857464100455,-36.8694736658195],[174.857338250187,-36.8694187990477],[174.857026549954,-36.8692136652445],[174.856938249543,-36.8691144488991],[174.856139517391,-36.8681701659729],[174.855411599559,-36.8673241818249],[174.854780799271,-36.8671187490385],[174.854589850413,-36.8670651992239],[174.854221000185,-36.8669492990624],[174.853376482875,-36.8666940486585],[174.851476450087,-36.8661319158629],[174.851325216621,-36.8662663326016],[174.850114266142,-36.8670563658552],[174.849608199941,-36.8673893656068],[174.848948149966,-36.8678101822669],[174.847973683969,-36.8679406984521],[174.847618750649,-36.8679948821021],[174.846538246477,-36.8681305059303],[174.845458516092,-36.8682700631837],[174.845650067439,-36.8689771156316],[174.845750500084,-36.8696557653961],[174.845754266845,-36.8698566657529],[174.845698850271,-36.8702052825169],[174.847756531174,-36.8709720077091],[174.849254509577,-36.871569505149],[174.850589827197,-36.8721960062612],[174.851877345096,-36.8732517894322],[174.852145046782,-36.8736564863869],[174.852761147278,-36.8744975868875],[174.853126132688,-36.8752039658924],[174.853232350257,-36.8755123156934],[174.853783767243,-36.8775302158487],[174.853925850215,-36.8779978485727],[174.854655850687,-36.8802246324264],[174.854777066958,-36.8806790985035],[174.85479904991,-36.8809832319365],[174.85481396674,-36.8810811320038],[174.855069132861,-36.8819007657092],[174.855438000132,-36.8832719991816],[174.855563333021,-36.8839496486922],[174.855587833298,-36.8843357992903],[174.855545983329,-36.8857446324297],[174.85532820072,-36.886994381752],[174.855285699835,-36.8871722491121],[174.855170499371,-36.8875046820039],[174.854832817522,-36.8885027152866],[174.854018466305,-36.888350265399],[174.853993900143,-36.8884421992924],[174.853374300758,-36.8883329658424],[174.853329033138,-36.8876140985498],[174.853317416806,-36.8873936484231],[174.852793933871,-36.8874111818902],[174.852102350159,-36.8876116986824],[174.852290567228,-36.8880386817469],[174.849235750413,-36.8874872654559],[174.849150399187,-36.8875801897268],[174.849068617157,-36.887659115742],[174.84872922359,-36.8879307450316],[174.848050740741,-36.8884737499571],[174.846933349758,-36.8893679986189],[174.847020033281,-36.8897877322216],[174.845317316611,-36.8903588154656],[174.844289667059,-36.8907943324942],[174.843838650486,-36.8913592155865],[174.843428683897,-36.8918956152287],[174.84268431636,-36.8916451819532],[174.84255828407,-36.8916008492708],[174.84242518376,-36.8918765822359],[174.842333316704,-36.89184926555],[174.842044916714,-36.8917522819906],[174.841969482637,-36.891896915242],[174.841781999814,-36.8919364153417],[174.841608066605,-36.8918745318918],[174.841461816627,-36.8920506158377],[174.841333150756,-36.8921706825865],[174.841187466959,-36.8922710828098],[174.841022400752,-36.8923604986322],[174.8409379668,-36.8922600319394],[174.840769817309,-36.8921558322012],[174.840642499996,-36.8922283322492],[174.839214133936,-36.8912626819155],[174.839050400243,-36.891291198642],[174.838470333204,-36.8921816492806],[174.838389500241,-36.8921214991103],[174.838192034143,-36.8923519990023],[174.837699550445,-36.8928387987663],[174.836148783726,-36.8918204988022],[174.835029783578,-36.8912067492646],[174.833789683256,-36.8903678486992],[174.833634233271,-36.8902250991434],[174.831407499955,-36.8880563817466],[174.830926617476,-36.8878927986936],[174.830146304545,-36.8876673324299],[174.830052749839,-36.8878879989166],[174.829908383318,-36.8878413987164],[174.829515449552,-36.8879062159141],[174.829138583852,-36.888217148672],[174.828531983284,-36.8890476320677],[174.827097132722,-36.8901859484438],[174.826751012602,-36.8904098520676],[174.826402433646,-36.8906312820633],[174.825929517398,-36.8909625996122],[174.825818667301,-36.8911910494001],[174.825417592164,-36.892048010865],[174.825045633844,-36.8919757485335],[174.824875682421,-36.8919402449908],[174.824722334364,-36.8922377954941],[174.824718914023,-36.8923747979997],[174.824801211395,-36.892553384358],[174.824807294622,-36.8927443387174],[174.824580166802,-36.8930482988098],[174.823969200146,-36.8939257325286],[174.823934116712,-36.8941301323499],[174.823790182665,-36.8948858329291],[174.823833816934,-36.8950156323269],[174.824587932869,-36.8954711328975],[174.824607133503,-36.8956880990751],[174.823777950568,-36.8964861657768],[174.823413396636,-36.8968310016522],[174.823050650071,-36.897177066009],[174.822965783196,-36.8975739154282],[174.822295966771,-36.8983971157191],[174.822318983368,-36.8984963154026],[174.820632583097,-36.9004753154689],[174.819515966612,-36.9017751655279],[174.819675233249,-36.901863398509],[174.819118466991,-36.9025175154622],[174.818892750633,-36.9025000659147],[174.817948816982,-36.9035907992002],[174.818125983304,-36.903761732162],[174.818330583509,-36.9043480319045],[174.818377383623,-36.9046489156751],[174.818509083397,-36.9054547322395],[174.81863236742,-36.9058057493435],[174.818712467396,-36.9059535486367],[174.818701000606,-36.9062368489462],[174.818498167208,-36.9068154319545],[174.818375583597,-36.9070065492152],[174.817841550776,-36.9067099485913],[174.817348383102,-36.9064892322833],[174.816365683811,-36.9061028486988],[174.814100799948,-36.9052460486428],[174.8136450507,-36.9050218996234],[174.812971482742,-36.9046446488615],[174.812167216776,-36.904103632754],[174.811716350816,-36.9037085489736],[174.811477933425,-36.9034734986195],[174.811204316514,-36.9037691653938],[174.811148549904,-36.9038804152919],[174.811069466316,-36.9039324986199],[174.810995633651,-36.9039564154612],[174.810832433175,-36.9039652824729],[174.810529800287,-36.9039010821642],[174.810123133768,-36.9023649993566],[174.809810783591,-36.9017008153897],[174.808234483382,-36.8986100009914],[174.80777626603,-36.8976580151701],[174.807165266541,-36.8965457325619],[174.807062499213,-36.8963314151943],[174.806445997211,-36.8955807366572],[174.805927630793,-36.8950847368376],[174.805506066693,-36.8947474166327],[174.80528343349,-36.8945557988429],[174.804998050589,-36.8943249157681],[174.803886473544,-36.8935494431351],[174.803306310511,-36.8932039188626],[174.802724544358,-36.8928601405712],[174.802407356596,-36.8926949091448],[174.800918716029,-36.8917884494696],[174.80084189996,-36.8917435991357],[174.80068851482,-36.8916338335795],[174.799368966468,-36.8907603490364],[174.799265449596,-36.8906974157344],[174.797954018612,-36.8899348814539],[174.796638783978,-36.8891765991245],[174.794421653783,-36.8878756480957],[174.793977309884,-36.8876545278189],[174.792684219079,-36.8869846692307],[174.792063385127,-36.8866723000821],[174.791761011105,-36.886526686852],[174.791077095135,-36.8860967210506],[174.79021218987,-36.8855398657182],[174.78930145125,-36.8849168682446],[174.789015384123,-36.8846807820388],[174.788802399853,-36.8845419656618],[174.788090999894,-36.8839199993105],[174.787239967276,-36.8831449487644],[174.786112121889,-36.8820519781609],[174.783656383624,-36.879617866012],[174.782525283341,-36.878390765817],[174.782112899728,-36.8779342323268],[174.780806552401,-36.8765071017539],[174.780658602706,-36.8763182724052],[174.78035981042,-36.8759369168079],[174.779925367329,-36.8752965658295],[174.779608116581,-36.8747383823818],[174.779513767016,-36.874551449022],[174.779837740605,-36.8743892817993],[174.780386017301,-36.8739610817155],[174.781412616606,-36.8729893988345],[174.780762684042,-36.872604282268],[174.781353733383,-36.8721584491798],[174.781060483524,-36.8719099990828],[174.78100485032,-36.8718610655828],[174.78112631721,-36.8717707485189],[174.781346166924,-36.8719583652359],[174.781544099362,-36.8717928319178],[174.78168408336,-36.8719111986428],[174.78294918369,-36.8709668491254],[174.782945533232,-36.8709364485516],[174.782824067244,-36.8708524321868],[174.78279926697,-36.8708080987877],[174.782805550248,-36.8707286992638],[174.782936050143,-36.8705576155265],[174.78295663338,-36.8704403317302],[174.782943416093,-36.8703570489201],[174.782785433284,-36.8699729486147],[174.782712799882,-36.86985966567],[174.782676466716,-36.8696912988887],[174.782566483998,-36.8695846494448],[174.782540682727,-36.8694586993752],[174.782553866644,-36.8693728824351],[174.782517034029,-36.8692862989158],[174.782525499839,-36.8692231817911],[174.782466016219,-36.8691514992121],[174.782454883768,-36.8691116485436],[174.782401916993,-36.8690866485929],[174.782326999877,-36.8688682655783],[174.782353849917,-36.8687973158509],[174.782351315988,-36.8687887821219],[174.782250166444,-36.8685839989798],[174.782150071194,-36.8685348450758],[174.782067559089,-36.8685256090928],[174.782044171914,-36.8685008575503],[174.781993209398,-36.868344620218],[174.78200666897,-36.8681977352161],[174.781939368215,-36.8680882186739],[174.781910717162,-36.8680058350582],[174.781769770401,-36.8679716193597],[174.781726404849,-36.8679260363291],[174.781741887879,-36.8678593357437],[174.781794386529,-36.8677763850415],[174.781713357295,-36.8675712203328],[174.781767592681,-36.8674655379435],[174.781811802065,-36.8673244903833],[174.781818614783,-36.8671672990848],[174.781894299938,-36.8670197152555],[174.781882599965,-36.8669127159841],[174.781853233799,-36.8668402821345],[174.781974650305,-36.8667723164237],[174.782088800356,-36.8666827489993],[174.782141900644,-36.8666082157465],[174.782196416604,-36.8664611159842],[174.782398917221,-36.866263049208],[174.782532267238,-36.8661893985384],[174.782695117248,-36.8661487989188],[174.782653283167,-36.866119615646],[174.782803283203,-36.8661475653908],[174.782952116172,-36.8660794487163],[174.783048866503,-36.8659987654966],[174.783075816398,-36.8659121992825],[174.783250283562,-36.8657353655058],[174.783328300364,-36.8657206321403],[174.783404617216,-36.8657260493573],[174.783427516724,-36.8657416656756],[174.783458949453,-36.8656224657781],[174.783521999822,-36.8655848321505],[174.783576582899,-36.865505315938],[174.783620417065,-36.8654867825731],[174.783753750429,-36.8655023995099],[174.783801499641,-36.8654926990235],[174.783922899471,-36.8653370159042],[174.783975033084,-36.8652998487896],[174.784025766457,-36.865141215573],[174.784109250317,-36.8650677485255],[174.78414180069,-36.8649946820773],[174.784310983468,-36.8649668824573],[174.78437810013,-36.86500321617],[174.78444133394,-36.8649475651276],[174.784495033771,-36.8649248488848],[174.784524432751,-36.8649503992949],[174.784776000039,-36.8648882825108],[174.784832799541,-36.8649470160038],[174.784922383241,-36.8649327820546],[174.784942216954,-36.864830182038],[174.785076800531,-36.8647229819814],[174.785142233079,-36.864704099246],[174.785270999668,-36.8646891988399],[174.785310200012,-36.8647058488786],[174.785403999825,-36.8647047161911],[174.78554101626,-36.8647482488725],[174.786055967513,-36.8645919822342],[174.786243682856,-36.8646242324773],[174.7864244167,-36.8645895322199],[174.786477916443,-36.8645190984699],[174.786392417306,-36.8644017991609],[174.786388299718,-36.8643662157839],[174.78642088348,-36.86434314915],[174.786832300651,-36.8642997818199],[174.787022783937,-36.8643205656341],[174.787175666541,-36.864274965891],[174.787252100786,-36.8642076651126],[174.787498900698,-36.8643497821519],[174.787594200411,-36.8642975994414],[174.787944633369,-36.8638629160976],[174.788545250166,-36.862626548971],[174.788667983017,-36.8626415160068],[174.789173583993,-36.8630909489777],[174.789524733208,-36.8628751820368],[174.789733949463,-36.8627160658881],[174.789712083156,-36.8626950821663],[174.790150900193,-36.8622610323957],[174.790171899939,-36.862280981737],[174.790750917062,-36.8617398826396],[174.790579967197,-36.8615371318854],[174.790440950001,-36.8613398152056],[174.790193400827,-36.8609027160014],[174.790075616548,-36.8606373829371],[174.790024032892,-36.8605814152751],[174.790012250523,-36.8604853990856],[174.790088333743,-36.8599069655309],[174.790484584039,-36.8591505985234],[174.790627284097,-36.8589187985606],[174.790612033957,-36.8587881159568],[174.790594733285,-36.8587330325856],[174.790603583915,-36.8586687490523],[174.790715899878,-36.8586569651228],[174.790886633216,-36.8585726991395],[174.790907617482,-36.8585311817308],[174.790895083113,-36.8586085658959],[174.79107600014,-36.8586398827069],[174.791282266119,-36.8585766992127],[174.791350716871,-36.8585338830152],[174.791423467251,-36.858435015235],[174.791457150584,-36.8582947655024],[174.79143033279,-36.8582141997406],[174.791467033618,-36.8581753818606],[174.791471450156,-36.8581211654811],[174.791413366642,-36.858091116168],[174.791451349763,-36.8580092156455],[174.791558583708,-36.8579012156037],[174.791678933382,-36.8578088488452],[174.791807283647,-36.8577744157276],[174.791866949787,-36.857686932405],[174.791869349267,-36.8576131657184],[174.791820466663,-36.8575242159016],[174.791879867506,-36.8573439652596],[174.791898916562,-36.8572187486896],[174.791987216628,-36.8570129157169],[174.792020700072,-36.8567997657468],[174.792140416677,-36.8565280486321],[174.792209317012,-36.8564372486476],[174.792283732738,-36.8563590986674],[174.792333367532,-36.8563503659622],[174.792388883266,-36.8563677654127],[174.792461616829,-36.856352782266],[174.792665549842,-36.8562567822886],[174.79281888396,-36.8562037325858],[174.792911133963,-36.8561332656724],[174.793075500054,-36.8559681325158],[174.793212166541,-36.8558901990486],[174.793258599835,-36.8557680986679],[174.793278416834,-36.8556375992529],[174.793376983266,-36.8553742652808],[174.793350449603,-36.8551876818316],[174.79337086695,-36.8551906320461],[174.793342166491,-36.8549973320552],[174.793267950323,-36.8548958651356],[174.793159400142,-36.854557681744],[174.793157850695,-36.8545074986767],[174.793183516783,-36.8545186485328],[174.793156417432,-36.8544379990379],[174.793179716742,-36.8542704822064],[174.793159133085,-36.8539770487465],[174.793222216781,-36.8539462489364],[174.793195017078,-36.8537275652063],[174.793147449407,-36.8535893819504],[174.793085549648,-36.8535516484742],[174.793052217448,-36.8535108159534],[174.793017132727,-36.8533457159384],[174.79271506654,-36.8530918986192],[174.792520833139,-36.8528742156414],[174.792477533355,-36.852805982026],[174.792449516828,-36.8527002158932],[174.792272650267,-36.8525665656914],[174.792223300501,-36.8525090653488],[174.7921459165,-36.852382333072],[174.792155816053,-36.8523141992634],[174.792178050378,-36.852300999112],[174.792209167426,-36.8523083489562],[174.792197866647,-36.8522704152147],[174.792173999657,-36.8522307484255],[174.791964683504,-36.8520355820827],[174.79188181683,-36.8518873659105],[174.791841916858,-36.8514804155232],[174.791863216723,-36.8513932817244],[174.791955499909,-36.8512898989972],[174.791970133651,-36.8512331985183],[174.791981832814,-36.8510722824001],[174.791954150101,-36.8509061987554],[174.792022966614,-36.8507130492685],[174.792098067184,-36.8505960484945],[174.792150450347,-36.8505524817991],[174.792200566463,-36.8504776321838],[174.792219049793,-36.8503379655814],[174.792240583285,-36.8500563990468],[174.792362900784,-36.849659531714],[174.792363783262,-36.8495838319061],[174.792426799297,-36.8494494163062],[174.792479833715,-36.8492581486242],[174.792448033943,-36.8490822818047],[174.792454017263,-36.8490367991253],[174.792596633137,-36.8487972158237],[174.792715941213,-36.8485694679417],[174.792731299824,-36.8485401490784],[174.793654050146,-36.8453360702451],[174.795933350029,-36.8374205319775],[174.796939983813,-36.8375748152153],[174.798449541375,-36.8378408518086],[174.799129816502,-36.8379607323586],[174.804634386902,-36.8389846332478],[174.820380467504,-36.8345415657403],[174.881885167017,-36.8334828485448]]]},"properties":{"LocalBoardName":"\u014cr\u0101kei","LocalBoardCode":7614,"AreaSqkm":50.368,"avg_crime":160,"avg_rent":944,"suburbs":["Remuera","Greenlane","Meadowbank","St Heliers","Mission Bay","Kohimarama","Glendowie"]}}]}