area,dwell,nBedrms,nLodged,nClosed,nCurr,mean,lq,med,uq,sd,brr,lmean,lsd,slq,suq
Aka Aka,House,1,6,0,3,578,475,610,678,133,4.39,6.3365,0.2425,480,665
Aka Aka,House,3,9,6,42,577,460,600,650,111,3.66,6.3416,0.1942,498,647
Akoranga,House,1,6,0,6,780,758,775,798,54,4.46,6.6575,0.0682,744,815
Akoranga,House,2,6,6,9,533,460,530,603,84,4,6.2682,0.1583,474,587
Akoranga,House,4,6,0,12,880,880,880,880,,4.5,6.7799,0,880,880
Albany Central,Apartment,1,33,36,84,519,430,580,600,133,3.81,6.199,0.3833,380,637
Albany Central,Apartment,2,36,45,96,693,650,690,750,70,3.91,6.5359,0.1021,644,739
Albany Central,Apartment,3,12,15,21,832,753,865,890,84,3.6,6.7191,0.1039,772,888
Albany Central,House,1,60,3,63,615,573,635,680,130,4.01,6.3955,0.241,509,705
Albany Central,House,NA,27,30,69,650,598,630,680,72,3.96,6.4714,0.1068,601,695
Albany Heights,Apartment,2,6,9,12,586,564,593,611,44,3.89,6.3702,0.0755,555,615
Albany Heights,Apartment,NA,6,6,6,435,435,450,450,30,2.23,6.0735,0.0716,414,456
Albany Heights,House,1,39,3,42,777,650,750,850,268,4.21,6.5895,0.3912,559,947
Albany Heights,House,2,6,9,18,581,530,560,624,90,3.66,6.3538,0.1529,518,637
Albany Heights,House,3,36,36,96,717,685,715,763,99,3.78,6.5651,0.1435,644,782
Albany Heights,House,4,24,18,66,900,799,850,888,217,4.13,6.7828,0.1825,780,998
Albany Heights,House,5+,9,6,36,1118,988,1100,1200,169,4.22,7.0089,0.15,1000,1224
Albany Heights,House,NA,21,27,60,780,685,730,845,200,4.08,6.6321,0.2311,650,887
Albany Heights,Room,1,15,3,12,393,250,485,485,118,3.67,5.9259,0.3335,299,469
Albany Heights,Room,NA,33,33,33,257,245,245,250,48,2.89,5.5387,0.1452,231,281
Albany South,Apartment,2,9,15,24,584,530,560,625,66,4,6.3638,0.1106,539,625
Albany South,House,1,33,6,39,719,530,795,850,204,4.26,6.5327,0.3193,554,852
Albany South,House,2,6,9,15,655,573,610,693,135,3.76,6.4699,0.194,566,736
Albany South,House,3,12,15,96,733,699,755,805,183,4.03,6.5486,0.3788,541,902
Albany South,House,4,24,30,96,847,843,893,944,214,4.24,6.6878,0.3929,616,1046
Albany South,House,NA,6,6,18,866,616,858,1148,308,3.9,6.7069,0.3756,635,1054
Albany West,House,1,12,0,12,866,798,873,938,167,4.26,6.7461,0.198,744,972
Albany West,House,2,6,6,21,560,543,550,565,32,4,6.3266,0.056,539,581
Albany West,House,3,12,15,39,753,728,770,780,48,4.1,6.6215,0.0659,718,785
Albany West,House,4,21,21,69,921,845,950,975,130,3.86,6.8163,0.1363,832,1000
Albany West,House,5,6,15,12,761,729,745,774,49,3.92,6.6332,0.0622,729,792
Albany West,House,5+,9,6,21,1164,980,1000,1180,346,3.77,7.0282,0.2545,950,1339
Alfriston,House,1,45,0,45,558,380,520,693,256,4.06,6.2293,0.4523,374,688
Alfriston,House,2,9,6,24,420,237,500,570,196,3.61,5.9161,0.5506,256,538
Alfriston,House,3,18,12,66,697,650,735,765,96,3.82,6.5356,0.1652,617,770
Alfriston,House,4,15,12,69,796,780,795,810,36,4.07,6.6791,0.0447,772,820
Alfriston,House,NA,30,27,45,596,380,550,750,283,3.75,6.304,0.4047,416,718
Algies Bay-Scotts Landing,House,1,6,0,9,638,601,665,688,64,4,6.4544,0.105,592,682
Anselmi Ridge,House,1,15,3,12,710,670,705,750,93,4.56,6.5581,0.1294,646,769
Anselmi Ridge,House,3,27,9,45,633,620,635,670,85,3.88,6.4406,0.145,568,691
Anselmi Ridge,House,4,12,15,39,775,720,740,809,82,4,6.6479,0.1008,720,825
Anselmi Ridge,House,NA,33,9,57,712,650,660,810,88,4.05,6.5603,0.1208,651,766
Anzac Avenue,Apartment,1,240,171,450,465,400,450,525,79,3.9,6.1276,0.1702,409,514
Anzac Avenue,Apartment,2,129,150,303,627,550,600,720,150,3.89,6.4063,0.2838,500,733
Anzac Avenue,Apartment,3,6,6,15,913,760,850,873,293,4,6.782,0.2761,732,1062
Anzac Avenue,Apartment,5,18,15,15,321,310,310,310,37,1.4,5.7654,0.1007,298,341
Anzac Avenue,Apartment,NA,12,18,15,547,440,515,618,243,3.97,6.1507,0.7097,291,757
Anzac Avenue,Flat,1,9,15,30,432,270,400,475,197,3.56,5.9863,0.4127,301,526
Anzac Avenue,Flat,2,6,3,18,605,583,620,643,54,4,6.4021,0.0928,567,642
Anzac Avenue,House,1,204,21,219,528,420,500,563,156,4.03,6.2318,0.2793,421,614
Anzac Avenue,House,2,12,12,18,584,514,550,779,295,4,6.1594,0.8096,274,817
Anzac Avenue,House,NA,63,60,99,526,419,550,560,124,3.94,6.2385,0.2285,439,597
Anzac Avenue,Room,1,12,6,21,387,370,370,370,87,3.87,5.9365,0.2112,328,437
Aorere Central,House,1,9,0,12,652,570,680,750,214,4,6.4116,0.4336,454,816
Aorere Central,House,3,12,12,54,682,646,670,699,58,3.89,6.5219,0.0821,643,719
Aorere Central,House,4,6,3,24,770,725,745,773,89,3.84,6.6413,0.1083,712,824
Aorere Central,House,NA,6,6,15,466,378,485,573,235,4,6.0109,0.6481,263,631
Aorere North,House,1,9,3,12,644,628,650,650,51,3.91,6.4643,0.0787,609,677
Aorere North,House,3,6,3,39,649,580,665,713,89,3.34,6.4664,0.1426,584,708
Aorere North,House,4,6,3,15,793,736,773,829,100,4,6.6694,0.1235,725,856
Aorere South,House,1,39,3,45,516,450,550,695,235,3.86,6.0543,0.7467,257,705
Aorere South,House,2,15,15,54,584,560,580,600,42,3.34,6.3676,0.0688,556,610
Aorere South,House,3,45,39,180,681,650,700,750,102,3.97,6.5068,0.2141,580,774
Aorere South,House,4,12,9,39,758,743,750,780,76,4.06,6.6258,0.1083,701,811
Aorere South,House,NA,12,9,27,681,640,650,710,66,3.62,6.519,0.0927,637,722
Ararimu,House,NA,6,0,6,869,669,800,1000,317,4,6.7195,0.352,653,1050
Ardmore,House,4,6,3,24,684,668,760,776,177,3.72,6.4963,0.3049,540,814
Army Bay,House,1,6,0,9,711,608,780,784,175,4.29,6.538,0.2697,576,829
Army Bay,House,2,9,6,24,566,520,590,600,52,3.46,6.3344,0.0938,529,600
Army Bay,House,3,6,6,33,683,650,655,716,53,3.33,6.5246,0.0755,648,717
Army Bay,House,4,6,6,24,737,735,775,800,109,3.91,6.5914,0.1712,649,818
Army Bay,House,NA,6,3,12,756,675,773,854,238,4,6.5862,0.3466,574,916
Auckland-University,Apartment,1,726,36,738,476,442,466,496,47,4,6.1606,0.1116,439,511
Auckland-University,House,1,9,3,12,442,385,425,450,79,3.96,6.079,0.1636,391,488
Avondale Central (Auckland),Apartment,1,57,6,60,498,490,505,510,18,4,6.209,0.0369,485,510
Avondale Central (Auckland),Apartment,2,24,15,42,601,576,618,644,61,3.75,6.3927,0.1085,555,643
Avondale Central (Auckland),Flat,1,6,6,21,719,394,490,815,542,2.41,6.402,0.6456,390,932
Avondale Central (Auckland),House,1,66,9,72,582,523,600,640,150,3.99,6.3122,0.3939,423,719
Avondale Central (Auckland),House,2,15,18,78,561,575,620,650,171,3.59,6.2297,0.5762,344,749
Avondale Central (Auckland),House,3,36,33,105,681,630,670,785,106,4.04,6.5103,0.1735,598,755
Avondale Central (Auckland),House,4,9,6,27,816,790,820,840,30,4,6.7035,0.0368,795,836
Avondale Central (Auckland),House,NA,33,33,96,612,568,595,643,106,3.85,6.4038,0.1637,541,675
Avondale Central (Auckland),Room,1,6,3,24,438,418,425,455,34,2.26,6.0786,0.0752,415,459
Avondale North (Auckland),Apartment,2,9,0,21,549,520,540,570,97,3.8,6.2944,0.1732,482,609
Avondale North (Auckland),Flat,1,6,3,36,564,504,525,585,129,4,6.3168,0.2133,480,639
Avondale North (Auckland),Flat,2,6,12,30,473,443,450,469,93,3.81,6.1454,0.1811,413,527
Avondale North (Auckland),House,1,39,3,42,621,515,600,720,153,4.23,6.3968,0.2817,496,725
Avondale North (Auckland),House,2,21,24,87,589,580,600,650,127,4,6.3243,0.428,418,745
Avondale North (Auckland),House,3,48,51,198,700,650,690,760,117,3.83,6.5318,0.2261,590,800
Avondale North (Auckland),House,4,15,18,57,745,690,780,820,201,4,6.5612,0.3762,549,911
Avondale North (Auckland),House,5+,6,3,12,808,568,910,1035,278,3.38,6.6359,0.393,585,993
Avondale North (Auckland),House,NA,15,15,51,690,605,693,770,207,3.88,6.4673,0.455,474,875
Avondale North (Auckland),Room,NA,6,3,6,369,314,375,430,130,2.03,5.859,0.3875,270,455
Avondale Rosebank,House,1,24,6,33,612,538,655,753,196,4.19,6.325,0.527,391,797
Avondale Rosebank,House,2,12,15,45,563,528,560,600,57,3.98,6.3291,0.0998,524,600
Avondale Rosebank,House,3,27,30,153,701,668,690,730,74,3.98,6.548,0.1024,651,748
Avondale Rosebank,House,4,15,9,39,677,620,750,810,195,3.87,6.4692,0.3439,511,813
Avondale Rosebank,House,NA,18,12,36,678,650,670,700,105,4.05,6.5093,0.1445,609,740
Avondale South (Auckland),Apartment,2,6,6,9,491,481,493,503,18,4,6.1965,0.0357,479,503
Avondale South (Auckland),Flat,2,9,3,33,557,500,550,575,72,3.89,6.3161,0.1227,509,601
Avondale South (Auckland),House,1,42,6,54,690,640,750,750,155,4.18,6.5035,0.2848,551,809
Avondale South (Auckland),House,2,24,21,60,617,556,615,660,85,3.69,6.4152,0.1373,557,670
Avondale South (Auckland),House,3,42,42,159,646,595,650,698,80,3.81,6.4637,0.1281,588,699
Avondale South (Auckland),House,4,18,9,66,826,785,848,869,61,3.83,6.7137,0.0768,782,867
Avondale South (Auckland),House,NA,18,12,60,573,539,600,658,175,3.87,6.2754,0.4625,389,726
Avondale South (Auckland),Room,NA,18,6,15,355,300,360,435,94,2.32,5.8326,0.3102,277,421
Avondale West (Auckland),House,1,21,0,24,624,583,660,755,208,4.03,6.3312,0.5729,382,827
Avondale West (Auckland),House,2,15,12,42,585,533,600,625,54,3.87,6.3682,0.093,548,621
Avondale West (Auckland),House,3,27,27,156,691,645,675,750,126,3.8,6.5206,0.2004,593,777
Avondale West (Auckland),House,4,9,15,51,800,778,800,850,49,4.18,6.6835,0.0619,766,833
Avondale West (Auckland),House,NA,15,3,33,772,675,795,850,135,4,6.6344,0.1744,676,856
Awaruku,Flat,1,9,9,15,407,390,410,430,53,3.89,6.0013,0.1373,368,443
Awaruku,House,1,18,6,18,709,578,715,820,190,4.72,6.5297,0.2748,569,825
Awaruku,House,2,15,12,30,589,580,590,620,57,3.87,6.3743,0.1002,548,628
Awaruku,House,3,30,30,111,828,679,750,815,373,3.61,6.6655,0.2869,647,952
Awaruku,House,4,24,33,87,841,796,850,899,154,4.05,6.7054,0.2868,673,991
Awaruku,House,5+,12,6,21,947,868,945,995,105,3.42,6.8477,0.1115,873,1015
Awaruku,House,NA,6,6,24,680,550,745,820,184,4,6.4868,0.302,535,805
Awhitu,House,2,12,3,24,489,458,478,528,48,3.49,6.1874,0.0993,455,520
Awhitu,House,3,9,9,45,547,490,550,600,93,3.71,6.2907,0.1729,480,606
Balmoral,Apartment,1,6,3,9,518,490,490,498,65,3.37,6.2449,0.114,477,557
Balmoral,Apartment,2,15,3,30,632,530,595,770,148,3.75,6.4243,0.2235,530,717
Balmoral,Flat,1,15,18,75,514,460,530,580,69,3.95,6.2325,0.1385,464,559
Balmoral,Flat,2,9,12,45,674,530,580,615,324,3.86,6.443,0.3685,490,806
Balmoral,House,1,33,0,39,645,433,600,793,298,4.08,6.3551,0.5247,404,820
Balmoral,House,2,12,9,33,730,600,650,718,280,3.89,6.5464,0.2919,572,848
Balmoral,House,3,21,21,66,823,730,800,920,174,3.76,6.6922,0.2061,701,926
Balmoral,House,4,9,12,39,1003,930,960,1050,194,3.63,6.8953,0.1784,876,1114
Balmoral,House,NA,6,6,18,898,823,910,985,111,3.72,6.7938,0.1254,820,971
Baverstock,Flat,1,6,3,3,695,433,450,713,538,3.93,6.368,0.6352,380,895
Baverstock,House,1,12,3,9,827,775,835,905,114,4,6.7079,0.1473,741,904
Baverstock,House,3,9,9,18,784,745,750,765,87,4,6.6601,0.1019,729,836
Baverstock,House,4,18,24,105,948,800,823,841,578,3.46,6.7789,0.3203,708,1091
Baverstock,House,5+,18,12,51,894,895,935,954,179,3.82,6.7625,0.31,702,1066
Baverstock,House,NA,6,6,24,938,933,945,950,19,4,6.8431,0.0204,925,950
Bayswater,Flat,2,6,3,12,569,558,613,624,114,3.65,6.3259,0.2247,480,650
Bayswater,House,1,9,3,15,783,565,650,828,326,4.45,6.5984,0.3568,577,934
Bayswater,House,2,6,9,18,642,635,650,710,110,2.99,6.4499,0.1912,556,720
Bayswater,House,3,9,9,54,933,760,850,880,279,3.71,6.8072,0.2517,763,1072
Bayswater,House,4,12,9,36,993,858,1050,1238,449,3.95,6.7573,0.6382,559,1323
Bayswater,House,NA,6,9,18,768,658,765,875,130,4,6.6322,0.1708,677,852
Bayview East,Flat,2,9,9,18,571,545,550,588,57,3.6,6.3428,0.0965,533,607
Bayview East,House,1,27,6,33,652,583,650,720,145,4.02,6.4549,0.2351,543,745
Bayview East,House,2,12,12,30,612,580,600,626,110,3.59,6.4029,0.1736,537,679
Bayview East,House,3,27,36,159,691,690,700,720,137,3.94,6.4832,0.4534,482,888
Bayview East,House,4,6,15,39,833,681,875,938,314,4.02,6.6542,0.4319,580,1038
Bayview East,House,NA,15,3,30,697,635,665,730,101,4.06,6.5375,0.1338,631,756
Bayview South,House,1,21,3,18,653,605,650,690,124,4.26,6.4646,0.1888,565,729
Bayview South,House,2,18,12,36,624,614,620,646,24,4.24,6.435,0.0391,607,640
Bayview South,House,3,27,30,108,697,650,700,710,59,3.82,6.5432,0.0799,658,733
Bayview West,House,1,9,3,12,690,655,680,710,53,4.35,6.5348,0.0746,655,724
Bayview West,House,2,9,9,18,546,520,560,610,108,4.37,6.2796,0.2383,454,627
Bayview West,House,3,12,12,69,666,650,675,711,84,4,6.4931,0.1411,601,727
Bayview West,House,4,6,6,21,830,810,840,860,59,4.23,6.7195,0.0723,789,870
Bayview West,House,NA,6,3,12,835,673,753,1031,208,4,6.7011,0.2431,690,958
Beach Haven East,House,1,18,0,21,661,580,640,713,116,4.23,6.4785,0.1748,579,732
Beach Haven East,House,2,6,9,42,611,590,610,626,72,4.25,6.4084,0.1176,561,657
Beach Haven East,House,3,33,33,126,689,660,690,745,54,4.13,6.5322,0.0811,650,726
Beach Haven East,House,4,15,9,45,733,723,775,798,160,3.92,6.5548,0.357,552,894
Beach Haven East,House,NA,24,9,36,690,640,695,720,60,3.93,6.5327,0.0874,648,729
Beach Haven South,Flat,2,6,0,18,536,480,498,508,146,3.43,6.2581,0.2375,445,613
Beach Haven South,House,1,15,0,21,748,675,690,750,233,4.21,6.577,0.2883,591,873
Beach Haven South,House,2,12,3,48,601,580,635,650,65,3.81,6.3931,0.1162,553,646
Beach Haven South,House,3,15,9,60,691,650,695,750,90,3.88,6.5299,0.1414,623,754
Beach Haven South,House,4,15,9,30,811,745,750,820,186,3.41,6.6798,0.1851,703,902
Beach Haven West,House,1,18,6,18,631,591,605,699,108,4.25,6.4317,0.1813,550,702
Beach Haven West,House,2,15,18,54,609,585,610,620,34,4.37,6.4096,0.0551,585,631
Beach Haven West,House,3,24,36,108,688,650,700,724,68,3.69,6.529,0.1078,637,736
Beach Haven West,House,4,6,9,36,689,713,725,789,217,3.24,6.4504,0.5218,445,900
Beach Haven West,House,NA,6,9,21,682,620,668,723,77,4,6.5193,0.1112,629,731
Belmont (Auckland),House,1,27,0,33,789,600,760,940,252,4.13,6.619,0.3366,597,940
Belmont (Auckland),House,2,9,15,42,662,593,650,720,148,3.91,6.4721,0.2264,555,754
Belmont (Auckland),House,3,21,18,87,874,795,850,885,141,3.98,6.7616,0.1531,779,958
Belmont (Auckland),House,4,12,9,54,1068,950,1038,1094,161,3.86,6.9643,0.1389,964,1162
Belmont (Auckland),House,NA,6,3,21,787,728,770,873,108,4,6.6599,0.1378,711,856
Birkdale North,Apartment,2,9,3,15,568,533,560,600,48,4,6.3385,0.0837,535,599
Birkdale North,Flat,1,6,6,12,428,418,425,435,17,3.47,6.0574,0.0397,416,439
Birkdale North,Flat,3,6,0,15,673,603,733,745,97,4,6.502,0.1535,601,739
Birkdale North,House,1,30,3,39,649,619,650,658,87,4.3,6.4674,0.1298,590,703
Birkdale North,House,2,21,24,63,578,555,580,625,60,3.96,6.3549,0.1087,535,619
Birkdale North,House,3,60,54,189,701,670,700,750,96,4.09,6.5414,0.1611,622,773
Birkdale North,House,4,9,12,45,812,715,775,865,128,4.27,6.6895,0.1479,728,888
Birkdale North,House,NA,9,18,36,694,660,690,710,52,3.74,6.5395,0.0736,658,727
Birkdale South,Apartment,2,9,9,27,594,580,610,620,41,3.58,6.384,0.0722,564,622
Birkdale South,Flat,3,6,0,15,662,650,650,680,34,3.57,6.4942,0.0514,639,685
Birkdale South,House,1,42,3,48,666,615,670,720,129,4.17,6.4826,0.2022,570,749
Birkdale South,House,2,9,12,51,623,595,600,633,98,4.13,6.424,0.1534,556,684
Birkdale South,House,3,39,57,204,673,625,680,725,79,3.86,6.5044,0.1211,616,725
Birkdale South,House,4,9,6,39,814,780,800,850,44,4.39,6.7012,0.0537,784,843
Birkdale South,House,NA,9,6,21,769,725,775,790,104,3.98,6.6378,0.1332,698,835
Birkenhead North,Boarding House,NA,9,0,6,238,198,250,250,59,2.9,5.4471,0.2362,198,272
Birkenhead North,Flat,2,6,9,30,535,513,555,568,61,3.48,6.2765,0.1201,491,577
Birkenhead North,House,1,18,3,24,739,599,735,798,197,4.04,6.5726,0.2623,599,854
Birkenhead North,House,2,12,15,42,623,566,650,675,75,3.93,6.4279,0.1232,570,672
Birkenhead North,House,3,24,21,99,861,758,825,888,210,4.27,6.7347,0.2091,730,968
Birkenhead North,House,4,9,12,39,806,818,850,880,139,3.85,6.6763,0.2076,690,913
Birkenhead North,House,NA,12,12,24,664,550,598,800,164,3.69,6.4709,0.2414,549,760
Birkenhead South,Apartment,1,6,9,18,540,481,515,609,84,4,6.2818,0.1523,483,593
Birkenhead South,Apartment,2,21,24,45,648,598,650,680,125,3.65,6.4522,0.2343,541,743
Birkenhead South,Flat,1,6,6,27,496,469,488,515,58,3.32,6.202,0.1156,457,534
Birkenhead South,Flat,2,6,6,15,636,574,650,713,113,3.51,6.4432,0.1844,555,712
Birkenhead South,House,1,36,0,39,727,595,650,853,204,3.9,6.5553,0.2549,592,835
Birkenhead South,House,2,6,12,27,681,599,650,734,112,3.89,6.5127,0.1579,606,749
Birkenhead South,House,3,9,12,36,868,825,850,990,187,3.47,6.7423,0.2395,721,996
Birkenhead South,House,4,9,9,27,1320,1250,1250,1290,271,4,7.1695,0.1817,1149,1469
Birkenhead South,House,NA,12,6,15,978,605,775,1035,554,3.82,6.7653,0.4954,621,1211
Birkenhead West,Apartment,2,9,9,18,601,560,580,620,65,3.34,6.3945,0.1041,558,642
Birkenhead West,House,1,36,0,42,691,558,693,791,163,4.13,6.5102,0.2441,570,792
Birkenhead West,House,2,15,18,60,602,550,610,628,65,3.9,6.3948,0.1079,557,644
Birkenhead West,House,3,30,39,117,728,665,705,750,92,3.78,6.5825,0.1191,667,783
Birkenhead West,House,4,12,15,57,689,535,785,878,265,3.58,6.4406,0.4912,450,873
Birkenhead West,House,NA,18,12,27,772,638,773,815,230,4.1,6.6083,0.2964,607,905
Blockhouse Bay East,House,1,42,3,45,415,92,460,723,319,4.02,5.6093,0.9964,139,535
Blockhouse Bay East,House,2,6,6,15,556,539,565,583,38,4,6.3194,0.0699,530,582
Blockhouse Bay East,House,3,15,18,60,721,699,730,750,51,3.82,6.5775,0.0725,684,755
Blockhouse Bay East,House,4,12,12,45,822,784,810,850,77,3.96,6.708,0.0915,770,871
Blockhouse Bay East,House,NA,9,15,24,834,726,850,958,247,4,6.6821,0.3351,637,1000
Blockhouse Bay North,House,1,15,0,18,709,650,725,790,150,4.13,6.5432,0.2142,601,802
Blockhouse Bay North,House,2,9,6,39,578,560,580,599,36,4,6.3577,0.0645,552,603
Blockhouse Bay North,House,3,30,36,150,706,660,710,750,57,3.9,6.556,0.0822,666,744
Blockhouse Bay North,House,4,18,12,51,755,718,820,853,184,4.06,6.5788,0.3722,560,925
Blockhouse Bay North,House,5+,6,3,15,1606,1071,1170,1235,1177,2.75,7.2356,0.525,974,1978
Blockhouse Bay North,House,NA,12,12,33,671,650,655,693,94,4,6.4993,0.1393,605,730
Blockhouse Bay North East,House,1,27,0,33,674,630,680,700,86,4.04,6.5052,0.1349,610,732
Blockhouse Bay North East,House,2,6,3,15,775,675,800,869,107,3.38,6.6446,0.1418,699,846
Blockhouse Bay North East,House,3,24,30,111,690,664,693,724,45,3.69,6.5344,0.0657,659,720
Blockhouse Bay North East,House,4,6,3,30,800,783,793,825,37,4,6.6837,0.0458,775,824
Blockhouse Bay South,House,1,36,3,45,721,636,720,835,194,4.09,6.542,0.2914,570,844
Blockhouse Bay South,House,2,15,15,45,574,565,580,613,55,3.57,6.3475,0.1013,533,611
Blockhouse Bay South,House,3,33,27,150,701,660,700,750,64,3.85,6.5491,0.0904,657,743
Blockhouse Bay South,House,4,18,18,57,754,700,790,853,152,3.67,6.5957,0.2797,606,884
Blockhouse Bay South,House,NA,15,15,51,803,670,800,850,154,3.92,6.6717,0.1849,697,895
Bombay Hills,House,1,9,3,6,811,725,900,925,242,4.55,6.6495,0.363,605,987
Bombay Hills,House,NA,6,6,12,624,450,575,749,216,4,6.3916,0.3411,474,751
Botany Downs East,Flat,2,6,3,9,613,520,550,675,164,3.81,6.3963,0.2563,504,713
Botany Downs East,House,1,24,0,24,766,688,750,813,111,4.23,6.6317,0.1428,689,835
Botany Downs East,House,3,27,33,93,705,670,720,750,56,3.86,6.5556,0.0807,666,743
Botany Downs East,House,4,12,21,39,790,773,798,845,79,4.08,6.6661,0.113,728,848
Botany Downs East,House,NA,6,12,21,687,515,840,850,260,4,6.452,0.4694,462,870
Botany Downs West,House,1,15,0,18,725,695,700,750,53,4.07,6.5837,0.0713,689,759
Botany Downs West,House,3,27,33,108,709,686,720,735,48,3.89,6.5621,0.0692,675,742
Botany Downs West,House,4,6,9,39,831,799,825,860,39,4.48,6.7212,0.0462,804,856
Botany Downs West,House,NA,6,9,21,808,600,790,998,241,4,6.6595,0.3045,635,958
Botany East,House,1,9,0,9,923,795,920,975,172,4.39,6.8137,0.1762,808,1025
Botany East,House,2,6,3,9,626,558,605,674,91,4,6.4321,0.1422,565,684
Botany East,House,3,12,24,48,758,753,760,798,64,3.97,6.6271,0.0957,708,806
Botany East,House,4,9,12,33,856,830,860,885,39,3.66,6.7518,0.0454,830,882
Botany North,House,1,6,3,6,1158,1025,1150,1283,194,4.27,7.0434,0.1682,1022,1283
Botany North,House,4,15,9,42,898,860,890,950,44,3.94,6.7992,0.0487,868,927
Botany North,House,5+,15,9,36,1088,900,950,1200,242,4,6.9709,0.2084,926,1226
Botany South,House,1,24,6,30,738,605,765,866,160,4.51,6.5803,0.2291,618,841
Botany South,House,2,12,6,33,648,600,605,643,105,3.99,6.4641,0.1464,581,708
Botany South,House,3,18,15,84,751,730,755,783,44,3.83,6.6197,0.0596,720,780
Botany South,House,4,27,24,84,848,808,830,870,101,3.79,6.7372,0.1056,785,905
Browns Bay Central,Apartment,2,21,21,60,646,573,660,720,79,3.57,6.463,0.124,590,697
Browns Bay Central,Apartment,3,6,3,9,894,816,848,925,180,4,6.7813,0.1909,775,1002
Browns Bay Central,House,1,24,9,33,682,553,595,920,200,4.12,6.4846,0.2879,539,795
Browns Bay Central,House,2,18,18,57,610,560,600,653,60,3.83,6.4083,0.0994,568,649
Browns Bay Central,House,3,15,21,45,733,721,755,780,101,3.97,6.5875,0.1477,657,802
Browns Bay Central,House,4,15,12,33,864,785,875,895,151,3.62,6.748,0.1691,760,955
Browns Bay Central,House,NA,6,12,24,704,651,730,745,108,4,6.5468,0.1588,626,776
Browns Bay South East,House,1,18,3,24,791,670,815,850,186,4.13,6.6451,0.2499,650,910
Browns Bay South East,House,2,9,9,36,565,530,590,605,148,3.7,6.2915,0.3561,425,687
Browns Bay South East,House,3,21,21,78,753,690,750,800,154,3.39,6.6049,0.2008,645,846
Browns Bay South East,House,4,12,15,66,910,893,925,980,114,3.59,6.8055,0.1341,825,988
Browns Bay South East,House,5+,12,6,33,860,813,850,945,223,3.3,6.7235,0.2809,688,1005
Browns Bay South West,House,1,27,0,33,771,715,790,850,132,4.31,6.6313,0.1884,668,861
Browns Bay South West,House,2,9,9,30,665,603,660,745,110,3.88,6.4875,0.1719,585,738
Browns Bay South West,House,3,54,54,153,790,730,800,850,123,3.75,6.6534,0.2222,667,901
Browns Bay South West,House,4,21,21,75,815,775,865,910,188,4.03,6.672,0.2702,658,948
Browns Bay South West,House,5+,9,9,27,1046,975,1100,1225,293,3.98,6.8838,0.4659,713,1337
Browns Bay South West,House,NA,6,12,27,918,813,900,976,158,4,6.8098,0.1671,810,1015
Buckland,House,2,6,3,6,518,480,495,533,57,3.81,6.2447,0.1054,480,553
Buckland,House,3,6,3,18,577,550,550,625,59,3.36,6.353,0.1004,537,614
Bucklands Beach Central,House,1,12,0,15,870,743,890,1011,279,4.66,6.7135,0.3657,643,1054
Bucklands Beach Central,House,2,15,9,30,595,550,600,650,66,3.93,6.3832,0.1152,548,640
Bucklands Beach Central,House,3,9,12,66,753,700,720,860,108,3.82,6.6148,0.145,677,823
Bucklands Beach Central,House,4,9,15,33,907,870,870,930,93,4,6.806,0.0985,845,965
Bucklands Beach Central,House,5+,6,3,12,1083,1050,1150,1150,115,3.32,6.9838,0.1103,1002,1162
Bucklands Beach North,House,1,21,3,21,764,575,790,960,290,4.65,6.5544,0.4523,518,953
Bucklands Beach North,House,2,6,6,24,669,640,680,709,113,4,6.4941,0.1763,587,745
Bucklands Beach North,House,3,9,15,45,784,730,790,800,183,3.64,6.6392,0.2419,649,900
Bucklands Beach North,House,4,24,15,63,1014,891,975,1100,187,4.01,6.907,0.1743,888,1124
Bucklands Beach North,House,5+,6,6,24,1052,875,918,1245,237,4.17,6.9374,0.2154,891,1191
Bucklands Beach North,House,NA,9,9,24,814,675,795,950,263,3.84,6.6518,0.3445,614,977
Bucklands Beach South,Flat,1,6,0,9,483,450,475,508,39,3.48,6.1765,0.0812,456,508
Bucklands Beach South,House,1,24,6,30,696,650,670,736,144,4.27,6.5261,0.1965,598,779
Bucklands Beach South,House,2,24,15,81,620,590,610,650,59,3.72,6.4251,0.0941,579,658
Bucklands Beach South,House,3,60,48,198,717,680,720,750,87,3.86,6.5662,0.1469,644,785
Bucklands Beach South,House,4,39,27,99,849,800,850,930,117,4.03,6.7338,0.1446,762,926
Bucklands Beach South,House,5+,15,15,24,1004,955,990,1025,107,3.8,6.9071,0.1022,933,1071
Bucklands Beach South,House,NA,18,12,60,723,668,730,755,93,4.11,6.5757,0.1338,656,785
Burbank,House,1,33,0,33,659,570,690,750,123,3.89,6.471,0.2043,563,742
Burbank,House,2,6,6,18,578,564,578,633,74,4,6.3514,0.1348,523,628
Burbank,House,3,48,45,171,703,646,680,758,89,3.89,6.5485,0.1238,642,759
Burbank,House,5+,6,9,21,1013,925,950,1038,197,3.53,6.9071,0.183,883,1131
Burswood,House,1,9,3,9,667,650,670,750,104,4.88,6.4897,0.1755,585,741
Burswood,House,3,24,30,84,713,678,720,750,64,3.97,6.5658,0.0924,667,756
Burswood,House,4,9,3,24,809,800,810,820,17,4.42,6.6951,0.0208,797,820
Campbells Bay,House,1,15,3,15,846,670,790,980,188,4.76,6.7178,0.2199,713,959
Campbells Bay,House,3,6,6,45,836,773,838,950,129,4,6.717,0.1637,740,923
Campbells Bay,House,4,15,12,45,1125,1020,1100,1183,254,4.03,7.001,0.2356,936,1287
Campbells Bay,House,5+,9,3,15,1139,1050,1150,1250,157,4.04,7.0293,0.1393,1028,1240
Cape Hill,House,1,12,0,15,718,691,740,758,107,4.47,6.565,0.1617,636,792
Cape Hill,House,3,6,9,33,667,658,668,676,38,3.97,6.5011,0.0582,640,693
Cape Hill,House,4,18,27,48,732,713,730,758,29,3.95,6.5953,0.04,712,752
Cape Hill,House,NA,6,3,6,656,630,645,713,113,4,6.4728,0.1802,573,731
Cape Rodney,House,1,12,3,18,598,534,580,638,137,4.1,6.3695,0.227,501,680
Cape Rodney,House,2,6,6,24,556,480,595,633,97,4.09,6.3068,0.1849,484,621
Cape Rodney,House,3,15,24,60,562,470,600,650,115,3.77,6.3099,0.2245,473,640
Cape Rodney,House,4,6,6,24,2172,700,700,1000,3463,3.97,7.0306,1.0489,557,2294
Castor Bay,House,1,21,3,30,833,510,920,1060,320,4.22,6.6497,0.4044,588,1015
Castor Bay,House,2,12,15,48,732,580,643,743,280,4.14,6.547,0.2991,570,853
Castor Bay,House,3,24,24,81,867,680,875,935,255,3.88,6.7256,0.2893,686,1013
Castor Bay,House,4,24,27,105,1125,905,1095,1260,318,4.16,6.9902,0.2693,906,1302
Castor Bay,House,5+,6,9,24,1223,975,1100,1400,330,3.7,7.0799,0.2555,1000,1411
Chapel Downs,House,1,24,0,27,714,655,745,758,111,4.04,6.5588,0.161,633,786
Chapel Downs,House,3,30,36,141,719,689,700,750,51,3.86,6.5754,0.0702,684,752
Chapel Downs,House,4,12,9,33,778,753,780,815,55,4.02,6.6544,0.072,739,815
Chapel Downs,House,NA,6,6,15,687,623,690,773,115,4.03,6.5197,0.1731,604,762
Chatswood,House,1,12,6,12,825,823,850,968,244,4.73,6.6633,0.3669,611,1003
Chatswood,House,2,6,6,12,613,605,635,643,56,3.36,6.415,0.0958,573,652
Chatswood,House,4,15,24,48,863,825,900,980,181,3.92,6.7329,0.2586,705,1000
Cheltenham,Flat,2,6,6,33,649,579,695,710,103,3.29,6.4644,0.1678,573,719
Cheltenham,House,1,9,3,12,694,620,680,715,109,4.71,6.5326,0.1435,624,757
Cheltenham,House,2,6,9,18,703,650,665,696,93,4,6.5487,0.1208,644,758
Clarks Beach,House,1,15,0,15,577,450,580,625,160,4.11,6.3238,0.2745,463,671
Clarks Beach,House,3,12,9,27,618,583,613,650,61,4.1,6.4215,0.0944,577,655
Clarks Beach,House,4,9,12,21,751,730,750,765,39,3.82,6.6201,0.051,725,776
Clendon Park East,House,1,15,3,18,608,550,595,660,92,3.98,6.4002,0.1441,546,663
Clendon Park East,House,3,15,27,114,614,565,610,654,59,4,6.4151,0.0978,572,653
Clendon Park North,House,1,27,3,27,620,565,620,695,87,4.11,6.4195,0.145,557,677
Clendon Park North,House,3,45,45,180,668,640,670,695,59,4.01,6.5007,0.0857,628,705
Clendon Park North,House,NA,12,6,18,741,653,772,813,110,4,6.5976,0.1551,660,814
Clendon Park West,House,1,24,3,24,653,615,650,655,80,3.93,6.4756,0.1096,603,699
Clendon Park West,House,2,6,3,9,578,560,580,598,61,3.31,6.3544,0.1076,535,618
Clendon Park West,House,3,24,42,111,676,625,660,700,85,3.91,6.5081,0.1243,617,729
Clevedon,House,2,6,6,15,546,513,553,586,49,4.27,6.3,0.091,512,579
Clevedon,House,3,9,0,30,697,600,650,765,111,3.64,6.5354,0.1549,621,765
Clover Park North,House,1,15,3,18,581,595,670,690,222,3.99,6.2218,0.6657,321,789
Clover Park North,House,3,30,33,147,724,625,680,730,463,3.37,6.4854,0.4173,495,869
Clover Park North,House,NA,9,3,30,611,635,675,735,236,4,6.2525,0.7766,308,877
Clover Park South,House,1,15,0,18,627,575,630,680,83,4.01,6.4321,0.1401,565,683
Clover Park South,House,2,6,6,21,538,500,525,573,44,4,6.2842,0.0804,508,566
Clover Park South,House,3,33,36,144,695,650,680,750,52,3.65,6.5408,0.0742,659,728
Clover Park South,House,4,6,3,27,833,773,815,875,89,3.97,6.7203,0.1048,772,890
Cloverlea (Auckland),House,1,15,0,18,704,640,680,793,108,4.13,6.5462,0.1533,628,772
Cloverlea (Auckland),House,2,6,0,15,540,515,530,545,72,4,6.2844,0.1294,491,585
Cloverlea (Auckland),House,3,15,21,57,644,600,630,650,73,3.64,6.4612,0.1087,595,689
Cloverlea (Auckland),House,4,12,12,48,731,680,730,760,65,3.83,6.5907,0.0875,687,773
Coatesville,House,1,12,0,15,909,650,803,1150,296,4.81,6.7647,0.3219,698,1077
Coatesville,House,2,12,9,33,660,594,625,658,103,3.5,6.4822,0.1373,596,717
Coatesville,House,3,6,3,21,731,630,673,774,151,4,6.58,0.1937,632,821
Coatesville,House,4,9,3,24,865,725,825,990,169,3.77,6.7468,0.1911,748,968
Coatesville,House,5+,6,3,18,1860,1560,2025,2325,647,4.88,7.4722,0.4078,1336,2315
Cockle Bay,Flat,2,6,3,27,571,550,570,591,25,2.48,6.3471,0.0431,554,588
Cockle Bay,House,1,18,6,24,676,520,610,723,224,4.27,6.4715,0.2982,529,790
Cockle Bay,House,2,21,9,45,567,495,570,595,71,3.63,6.3338,0.1231,518,612
Cockle Bay,House,3,12,15,51,730,703,730,755,74,3.35,6.5884,0.1003,679,777
Cockle Bay,House,4,6,3,42,875,853,875,913,77,3.84,6.7709,0.09,821,927
Cockle Bay,House,5+,6,3,12,919,856,950,1013,258,4,6.7893,0.3102,721,1095
Conifer Grove East,House,1,27,3,27,634,570,650,698,111,3.93,6.436,0.1917,548,710
Conifer Grove East,House,2,9,9,27,589,540,595,600,59,4,6.374,0.0971,549,626
Conifer Grove East,House,3,9,12,39,662,623,650,715,64,4,6.4913,0.0986,617,705
Conifer Grove East,House,NA,15,9,21,699,650,720,750,59,4,6.5468,0.0864,658,739
Conifer Grove West,House,1,24,3,24,651,555,625,714,111,3.95,6.4658,0.1652,575,719
Conifer Grove West,House,2,6,9,12,606,599,605,613,10,4.25,6.4072,0.0169,599,613
Conifer Grove West,House,3,21,12,42,724,695,750,750,43,4.12,6.5835,0.0607,694,753
Conifer Grove West,House,4,15,9,30,742,750,780,820,161,3.78,6.5695,0.3457,565,900
Conifer Grove West,House,NA,12,9,33,718,640,720,780,144,4.01,6.5582,0.199,616,806
Dairy Flat North,House,1,27,3,30,805,490,800,1000,373,4.49,6.5627,0.5551,487,1030
Dairy Flat North,House,2,15,3,48,605,580,600,650,105,3.92,6.3872,0.2057,517,683
Dairy Flat North,House,3,27,9,63,769,720,775,820,83,3.96,6.6395,0.1086,711,823
Dairy Flat North,House,4,69,21,144,910,850,880,920,169,4,6.7997,0.1622,805,1001
Dairy Flat North,House,5+,12,15,45,1234,1000,1125,1368,327,3.74,7.0894,0.2387,1021,1409
Dairy Flat North,House,NA,18,12,63,779,678,765,874,182,4.09,6.6316,0.2344,648,889
Dairy Flat South,House,1,6,3,9,617,494,633,715,172,4,6.3903,0.2896,490,725
Dairy Flat West,House,1,9,0,9,687,550,690,710,182,4.29,6.5053,0.2404,569,786
Dairy Flat West,House,4,9,12,30,1003,730,870,1075,424,3.75,6.8478,0.3644,737,1204
Dannemora North,House,1,6,0,6,908,855,875,933,79,4,6.8086,0.0832,856,958
Dannemora North,House,3,9,6,24,765,750,780,795,47,3.69,6.6381,0.0651,731,798
Dannemora North,House,4,21,18,84,835,796,845,860,53,3.54,6.7252,0.063,798,869
Dannemora South,House,1,18,0,18,817,805,865,961,217,4.18,6.661,0.3329,624,978
Dannemora South,House,4,27,27,102,827,800,840,860,96,3.96,6.7105,0.1284,753,895
Dannemora South,House,5+,9,12,30,992,890,950,995,206,3.24,6.8834,0.1813,864,1103
Dannemora South,House,NA,6,3,12,873,828,910,955,123,4,6.7633,0.1492,783,957
Devonport,Apartment,2,15,12,33,720,650,690,800,102,3.9,6.5696,0.1424,648,785
Devonport,Flat,1,9,9,30,598,415,460,630,373,3.67,6.2803,0.451,394,724
Devonport,Flat,2,9,9,48,641,608,650,693,91,4,6.4543,0.1509,574,704
Devonport,House,1,33,0,36,834,650,800,950,290,4.79,6.6636,0.3729,609,1007
Devonport,House,2,9,9,30,786,693,795,875,141,4,6.6535,0.1803,687,876
Devonport,House,3,12,18,51,869,774,885,936,244,3.88,6.7228,0.3381,662,1044
Devonport,House,4,9,12,30,1152,1100,1200,1250,151,3.6,7.0413,0.1413,1039,1257
Dingwall,House,1,27,0,33,654,640,670,700,132,3.97,6.4384,0.3887,481,813
Dingwall,House,2,15,12,48,456,380,510,585,170,3.48,6.0108,0.5747,277,601
Dingwall,House,3,27,33,111,688,665,700,720,61,3.88,6.5297,0.0946,643,730
Dingwall,House,4,24,12,51,776,750,788,820,80,3.95,6.649,0.1115,716,832
Dingwall,House,NA,6,12,33,720,713,775,868,296,4,6.4437,0.6774,398,993
Dome Valley-Matakana,House,1,9,3,9,848,658,745,938,256,3.58,6.7085,0.2733,681,985
Dome Valley-Matakana,House,3,9,9,21,813,650,700,850,241,4.44,6.6657,0.2763,652,946
Dome Valley-Matakana,House,4,6,3,18,816,780,820,856,112,3.42,6.6974,0.1403,737,891
Donegal Park,House,1,27,0,30,749,570,630,895,272,4.09,6.5586,0.3555,555,896
Donegal Park,House,2,21,18,66,569,520,565,590,111,3.58,6.327,0.1832,494,633
Donegal Park,House,3,18,12,72,699,680,700,746,58,3.89,6.5463,0.0867,657,739
Donegal Park,House,4,9,15,60,802,780,810,825,33,3.88,6.6859,0.0412,779,824
Donegal Park,House,5+,9,3,30,1196,1220,1300,1300,298,4.25,7.046,0.3329,917,1437
Donegal Park,House,NA,15,12,33,1027,780,1100,1225,278,4,6.8972,0.2885,815,1202
Drury,House,1,45,0,48,676,615,650,745,124,4.4,6.4999,0.179,589,750
Drury,House,2,12,6,21,612,599,615,643,39,3.9,6.4141,0.0646,584,638
Drury,House,3,36,27,90,725,620,655,696,387,3.72,6.5327,0.2634,575,821
Drury,House,4,36,21,66,801,720,745,795,165,4,6.6697,0.172,702,885
Drury,House,NA,33,18,57,692,596,660,738,138,4.01,6.5212,0.1927,597,774
Drury Rural,House,1,24,0,27,721,650,680,850,135,4.75,6.5636,0.1876,625,804
Drury Rural,House,3,27,30,81,761,625,680,850,245,3.8,6.5963,0.2681,611,878
Drury Rural,House,4,18,18,60,896,775,878,999,173,4.02,6.7817,0.1832,779,998
Drury Rural,House,NA,27,12,45,780,650,680,830,240,4.04,6.6236,0.2563,633,895
East Tamaki,Apartment,2,6,9,21,555,500,545,600,66,3.98,6.3138,0.1176,510,598
East Tamaki,House,1,6,0,6,680,613,715,783,136,4,6.5057,0.2136,579,773
East Tamaki Heights,House,1,12,0,15,931,780,795,1033,228,3.93,6.8127,0.2203,784,1055
East Tamaki Heights,House,3,6,12,48,753,750,760,785,67,3.74,6.6196,0.0957,703,800
East Tamaki Heights,House,4,6,15,51,2208,835,865,895,3327,1.62,7.1377,0.9649,656,2413
East Tamaki Heights,House,5+,9,9,27,1069,850,1100,1215,355,3.23,6.9239,0.3488,803,1286
East Tamaki Heights,House,NA,9,9,18,811,600,860,890,254,4,6.6578,0.2982,637,952
Eastern Beach,House,1,9,3,9,829,650,750,995,246,4.26,6.6819,0.2846,658,967
Eastern Beach,House,2,9,9,30,766,655,695,835,177,3.99,6.621,0.2151,649,868
Eastern Beach,House,3,18,15,60,703,680,745,800,180,3.65,6.509,0.3537,529,852
Eastern Beach,House,4,12,15,36,922,770,960,1030,211,3.96,6.8015,0.2354,767,1054
Eastern Beach,House,NA,6,15,21,744,665,723,801,170,4,6.5924,0.226,626,850
Eden Park,Apartment,2,9,6,27,647,590,650,730,87,3,6.4644,0.1371,585,704
Eden Park,House,1,33,3,33,749,580,695,790,326,3.95,6.5582,0.3278,565,879
Eden Park,House,2,9,9,24,652,585,665,688,82,4.13,6.4736,0.1239,596,704
Eden Park,House,3,12,15,48,915,760,918,986,283,3.63,6.7821,0.2745,733,1061
Eden Terrace,Apartment,1,99,147,360,521,470,515,580,105,3.77,6.2347,0.2077,443,587
Eden Terrace,Apartment,2,156,153,411,672,595,650,750,118,3.83,6.4952,0.1774,587,746
Eden Terrace,Apartment,3,15,24,39,867,750,830,970,193,4,6.7458,0.199,744,973
Eden Terrace,Apartment,NA,18,18,48,645,584,658,695,116,3.96,6.4531,0.1899,558,721
Eden Terrace,Boarding House,1,24,18,18,325,308,350,355,64,2.35,5.7606,0.2329,271,372
Eden Terrace,Boarding House,NA,15,21,9,344,330,340,350,22,2.24,5.8375,0.0608,329,357
Eden Terrace,Flat,1,12,12,39,445,366,458,505,94,3.67,6.0773,0.2145,377,504
Eden Terrace,Flat,2,9,12,33,616,593,600,650,45,4,6.4217,0.0732,585,646
Eden Terrace,Flat,3,15,9,18,368,250,250,260,296,3.82,5.7318,0.5369,215,443
Eden Terrace,House,1,162,18,186,584,460,563,700,184,4.04,6.3195,0.3239,446,691
Eden Terrace,House,2,30,45,99,681,645,700,725,80,3.61,6.5172,0.1219,623,735
Eden Terrace,House,4,6,3,12,516,280,324,560,425,2.02,6.0435,0.6827,266,668
Eden Terrace,House,5,15,9,15,288,230,300,350,68,2.89,5.6324,0.2558,235,332
Eden Terrace,House,NA,51,54,96,653,560,650,720,191,4,6.4455,0.2645,527,753
Eden Terrace,Room,1,9,6,18,321,238,260,305,171,3.46,5.6838,0.4127,223,388
Eden Valley,Apartment,1,30,24,66,482,453,500,525,53,3.44,6.1725,0.1142,444,518
Eden Valley,Apartment,2,12,9,24,539,505,560,610,159,3.6,6.2082,0.5158,351,704
Eden Valley,Flat,1,18,21,96,485,431,475,494,88,3.74,6.17,0.1694,427,536
Eden Valley,Flat,2,6,3,33,486,454,568,600,218,4,6.0642,0.6422,279,663
Eden Valley,House,1,30,9,42,582,348,513,588,387,4.04,6.2102,0.5445,345,719
Eden Valley,House,2,15,9,33,674,620,680,775,122,3.99,6.4968,0.1957,581,757
Eden Valley,House,3,9,6,42,905,780,780,980,207,3.6,6.7872,0.2097,770,1021
Eden Valley,House,4,12,9,36,1059,925,990,1278,209,3.79,6.9475,0.1931,913,1185
Eden Valley,House,5+,6,3,18,1186,1112,1175,1249,164,3.58,7.071,0.1378,1073,1292
Ellerslie Central,Apartment,1,9,6,9,576,550,550,620,42,3.85,6.3546,0.0722,548,604
Ellerslie Central,Apartment,2,6,6,18,624,560,650,655,58,3.61,6.4319,0.0945,583,662
Ellerslie Central,Flat,1,6,9,21,471,416,473,480,73,3.11,6.1449,0.1499,421,516
Ellerslie Central,Flat,2,6,12,42,472,423,533,575,189,3.99,6.0233,0.6588,265,644
Ellerslie Central,House,1,39,6,42,693,520,650,700,238,4.13,6.491,0.3147,533,815
Ellerslie Central,House,2,15,15,42,645,640,700,748,175,4.15,6.409,0.4167,458,804
Ellerslie Central,House,3,45,30,120,814,735,800,940,125,3.95,6.6885,0.1784,712,906
Ellerslie Central,House,4,9,12,48,851,750,865,990,219,3.87,6.7142,0.2728,686,990
Ellerslie Central,House,5+,6,6,12,915,240,915,1590,779,2.93,6.4261,1.0917,296,1290
Ellerslie Central,House,NA,9,12,27,823,695,740,830,230,4,6.6856,0.2393,681,941
Ellerslie East,Apartment,2,12,6,18,565,531,570,598,51,3.62,6.3337,0.0897,530,598
Ellerslie East,Flat,1,6,6,12,463,465,465,476,34,2,6.1343,0.0756,438,486
Ellerslie East,Flat,2,21,27,99,563,545,565,583,49,3.94,6.3303,0.0891,529,596
Ellerslie East,House,1,45,3,42,637,550,595,720,121,4.13,6.439,0.1858,552,709
Ellerslie East,House,2,15,18,57,615,550,620,645,79,3.8,6.4135,0.1331,558,667
Ellerslie East,House,3,24,39,123,744,723,750,779,71,3.88,6.6066,0.1046,690,794
Ellerslie East,House,4,6,6,27,1002,931,975,1000,129,4.14,6.903,0.1211,917,1080
Ellerslie South,Apartment,2,9,12,39,543,525,550,560,52,3.73,6.2924,0.0967,506,577
Ellerslie South,Flat,2,18,15,66,570,544,575,600,49,3.87,6.3422,0.0862,536,602
Ellerslie South,House,1,36,0,48,709,585,698,836,157,4.04,6.5403,0.2237,596,805
Ellerslie South,House,2,18,21,75,675,600,670,720,94,3.76,6.5058,0.1403,609,735
Ellerslie South,House,3,33,39,108,773,720,750,820,111,4,6.6406,0.1349,699,838
Ellerslie South,House,4,9,12,27,902,848,850,935,142,3.91,6.7943,0.1505,807,988
Ellerslie South,House,NA,6,12,21,711,543,688,890,185,3.91,6.5369,0.2635,578,824
Ellerslie West,Apartment,1,27,21,30,546,490,550,580,85,4.01,6.2909,0.1535,487,599
Ellerslie West,Apartment,NA,12,9,18,524,441,520,570,91,4,6.2486,0.1675,462,579
Ellerslie West,House,1,39,18,51,561,440,540,680,125,4.04,6.3058,0.2242,471,637
Ellerslie West,House,2,18,18,36,723,705,750,750,49,3.7,6.5804,0.0718,687,757
Ellerslie West,House,NA,30,27,45,543,440,550,596,104,4.02,6.2802,0.1917,469,608
Epsom Central-North,Apartment,2,12,12,36,607,588,603,628,42,4.18,6.4065,0.0696,578,635
Epsom Central-North,Apartment,3,6,0,9,748,478,830,1100,429,3.96,6.443,0.7417,381,1036
Epsom Central-North,Boarding House,1,6,6,9,223,215,230,230,10,4,5.4078,0.047,216,230
Epsom Central-North,Flat,1,9,9,27,440,395,450,458,72,3.78,6.0758,0.1584,391,484
Epsom Central-North,Flat,2,9,12,66,684,615,620,760,99,3.61,6.5187,0.14,617,745
Epsom Central-North,House,1,33,6,36,988,670,910,1350,384,4.07,6.8213,0.3956,702,1198
Epsom Central-North,House,2,15,15,51,660,595,665,750,157,3.75,6.4551,0.3159,514,787
Epsom Central-North,House,3,9,18,75,897,760,785,1050,242,3.9,6.7704,0.2485,737,1031
Epsom Central-North,House,4,24,30,69,1093,959,1030,1238,193,3.49,6.9819,0.1771,956,1214
Epsom Central-North,House,5+,9,9,33,1300,980,1200,1595,521,3.85,7.1051,0.3759,945,1570
Epsom Central-North,House,NA,9,12,36,1140,990,1100,1325,208,4,7.0238,0.1815,994,1269
Epsom Central-South,Apartment,1,6,0,6,510,498,500,513,27,3.46,6.2334,0.0519,492,528
Epsom Central-South,Flat,1,6,9,21,513,490,520,550,43,3.82,6.238,0.0847,483,542
Epsom Central-South,Flat,2,9,15,60,579,550,560,600,42,4,6.3598,0.0706,551,606
Epsom Central-South,House,1,27,0,36,866,560,800,1050,392,4.42,6.682,0.3991,610,1044
Epsom Central-South,House,2,12,15,39,629,600,650,650,68,3.74,6.4375,0.1161,578,676
Epsom Central-South,House,3,24,24,84,894,844,900,960,123,3.79,6.787,0.1387,807,973
Epsom Central-South,House,4,21,21,66,1127,978,1100,1290,199,4.31,7.0122,0.1777,985,1251
Epsom Central-South,House,5+,12,12,30,1262,1174,1200,1438,178,3.95,7.1312,0.1398,1138,1374
Epsom Central-South,House,NA,6,12,15,924,709,935,1150,262,4,6.7972,0.2902,736,1089
Epsom East,Apartment,1,15,6,15,613,450,695,720,146,4.02,6.3879,0.2711,495,714
Epsom East,Apartment,2,15,12,30,784,578,850,925,199,3.89,6.6322,0.2674,634,909
Epsom East,Apartment,3,6,0,6,665,570,668,763,131,4,6.4849,0.2,572,750
Epsom East,Flat,2,15,12,60,605,580,600,630,43,3.93,6.4036,0.0706,576,633
Epsom East,House,1,30,0,33,944,669,783,988,490,4.06,6.7632,0.3878,666,1124
Epsom East,House,2,12,15,36,677,620,668,750,65,4,6.5137,0.0947,633,719
Epsom East,House,3,21,18,42,882,803,895,900,162,3.82,6.7653,0.1896,763,986
Epsom East,House,4,15,9,39,1169,1050,1170,1200,218,3.93,7.0482,0.1795,1020,1299
Epsom East,House,NA,12,18,45,805,684,715,813,299,3.85,6.637,0.3354,608,956
Epsom North,Apartment,1,9,6,18,511,475,520,550,46,3.7,6.2322,0.0919,478,541
Epsom North,Apartment,2,15,12,60,692,655,700,723,64,3.79,6.5357,0.0913,648,733
Epsom North,Apartment,3,6,3,15,891,795,835,931,144,4,6.7835,0.1532,796,979
Epsom North,Boarding House,1,75,69,51,279,245,285,285,33,2.57,5.6244,0.1124,257,299
Epsom North,Flat,1,6,9,30,449,420,453,481,49,3.73,6.102,0.1101,415,481
Epsom North,Flat,2,12,18,66,694,595,628,710,167,3.68,6.52,0.2106,589,782
Epsom North,Flat,3,12,9,21,694,650,680,738,68,3.27,6.5375,0.0969,647,737
Epsom North,House,1,27,3,30,876,615,750,1000,431,4.05,6.6912,0.3936,618,1050
Epsom North,House,2,9,9,33,759,633,700,800,191,4,6.6079,0.2263,636,863
Epsom North,House,3,9,15,48,1158,795,900,1030,842,2.86,6.9209,0.4743,736,1395
Epsom North,House,5,6,9,6,970,350,805,1425,782,4,6.5902,0.9008,396,1336
Epsom North,House,NA,6,6,24,810,735,825,900,107,4,6.6904,0.1337,735,881
Epsom South,Flat,2,6,6,45,641,614,650,653,63,4,6.4583,0.0973,597,681
Epsom South,House,1,18,3,21,934,686,883,1128,317,4.5,6.7832,0.3525,696,1120
Epsom South,House,2,6,6,24,838,663,705,913,285,4.28,6.6903,0.3016,656,986
Epsom South,House,3,15,24,51,845,750,895,910,253,4,6.6921,0.3374,642,1012
Epsom South,House,4,15,6,39,1035,995,1060,1098,84,3.8,6.9393,0.0834,976,1092
Epsom South,House,NA,6,12,15,1004,958,1015,1061,89,3.78,6.9085,0.0906,941,1064
Fairview Heights,House,1,21,0,21,826,600,820,1100,304,4.59,6.6352,0.4464,563,1029
Fairview Heights,House,2,6,3,30,628,500,525,603,289,4,6.3751,0.3787,455,758
Fairview Heights,House,3,12,15,42,840,793,843,895,96,4,6.7268,0.116,772,902
Fairview Heights,House,4,21,21,63,896,850,900,950,120,4,6.7878,0.1583,797,987
Fairview Heights,House,5+,12,24,54,1159,1013,1140,1288,169,4.15,7.0459,0.1431,1043,1264
Fairview Heights,House,NA,15,9,42,741,333,770,1140,394,4.03,6.43,0.6693,395,974
Farm Cove,House,1,24,6,24,871,721,873,905,216,4.16,6.7428,0.2306,726,991
Farm Cove,House,2,6,3,18,639,628,650,661,57,3.93,6.4564,0.0913,599,677
Farm Cove,House,3,21,15,51,740,693,730,770,75,4.08,6.6015,0.0995,688,787
Farm Cove,House,4,12,12,33,826,750,825,948,122,3.75,6.7066,0.1511,739,906
Farm Cove,House,5+,6,3,12,1188,983,1195,1400,246,4.21,7.0633,0.2093,1014,1345
Farm Cove,House,NA,9,9,18,848,850,875,890,78,4,6.7387,0.0993,790,903
Favona East,House,1,12,0,15,637,599,630,668,94,4,6.4469,0.1487,571,697
Favona East,House,4,6,9,33,814,793,843,853,61,4,6.699,0.0789,770,856
Favona North,House,1,9,0,12,607,535,610,685,118,4,6.392,0.1998,522,683
Favona North,House,3,15,15,57,655,620,675,690,52,4.16,6.4815,0.0829,617,691
Favona North,House,4,9,9,27,712,663,750,825,206,3.78,6.4935,0.4825,477,915
Favona West,House,1,30,6,33,588,528,593,645,100,3.98,6.356,0.2283,494,672
Favona West,House,2,15,18,36,550,550,550,565,141,3.67,6.2447,0.4597,378,703
Favona West,House,3,15,18,69,655,630,670,695,61,4,6.4809,0.0941,612,695
Favona West,House,NA,27,12,57,618,600,640,665,111,4,6.3921,0.3342,477,748
Ferguson,House,1,18,0,18,616,510,598,685,151,4,6.3941,0.2454,507,706
Ferguson,House,2,12,12,21,609,590,600,626,92,3.59,6.4024,0.1435,548,665
Ferguson,House,3,15,30,90,677,640,690,700,84,4.01,6.51,0.1309,615,734
Ferguson,House,4,6,6,24,776,715,738,873,86,3.89,6.6493,0.1087,718,831
Ferguson,House,NA,9,6,24,603,545,650,675,133,4,6.3774,0.247,498,695
Forrest Hill East,Apartment,2,9,0,12,589,560,580,610,37,3.72,6.3761,0.0615,564,613
Forrest Hill East,Flat,2,6,15,54,590,573,590,615,28,3.69,6.3792,0.0482,571,609
Forrest Hill East,House,1,30,3,33,799,650,755,943,232,4.15,6.643,0.2876,632,932
Forrest Hill East,House,2,21,18,66,635,590,620,650,90,3.88,6.4455,0.1293,577,687
Forrest Hill East,House,3,30,39,126,776,726,760,850,82,3.79,6.6483,0.1067,718,829
Forrest Hill East,House,4,24,30,84,862,795,855,913,148,4.01,6.7434,0.1853,749,961
Forrest Hill East,House,5+,6,6,18,1058,934,990,1146,175,4.08,6.9524,0.1581,940,1163
Forrest Hill East,House,NA,6,9,15,881,760,855,1015,202,4,6.757,0.2347,734,1008
Forrest Hill North,House,1,15,3,18,852,745,860,918,148,4.17,6.7331,0.1746,746,945
Forrest Hill North,House,2,6,6,21,576,538,605,635,98,3.5,6.3408,0.1897,499,645
Forrest Hill North,House,3,30,18,123,753,693,750,843,93,3.77,6.6163,0.1291,685,815
Forrest Hill North,House,4,18,15,60,836,785,885,925,160,3.74,6.706,0.2324,699,956
Forrest Hill North,House,5+,6,9,9,875,513,1075,1188,413,3.79,6.6419,0.6109,508,1157
Forrest Hill North,House,NA,6,12,12,755,750,755,760,6,3.75,6.6267,0.0076,751,759
Forrest Hill West,House,1,33,3,36,767,680,750,855,157,4.06,6.6216,0.2083,653,864
Forrest Hill West,House,2,9,12,42,618,585,650,663,72,3.68,6.4193,0.1255,564,668
Forrest Hill West,House,3,48,51,177,747,699,738,800,128,3.86,6.5948,0.2397,622,860
Forrest Hill West,House,4,24,24,87,888,800,880,1000,183,3.9,6.7639,0.2439,735,1021
Forrest Hill West,House,5+,9,3,27,954,940,1000,1100,214,3.85,6.8316,0.2824,766,1121
Forrest Hill West,House,NA,15,12,33,826,693,780,965,232,4.09,6.6796,0.2816,658,963
Freemans Bay,Apartment,1,33,45,81,660,520,590,700,219,3.64,6.451,0.276,526,763
Freemans Bay,Apartment,2,48,54,105,775,679,750,813,168,3.71,6.6324,0.1986,664,868
Freemans Bay,Apartment,3,9,6,21,854,830,850,900,78,3.76,6.7461,0.0921,799,905
Freemans Bay,Flat,1,6,6,18,656,558,580,689,241,3.17,6.4361,0.3371,497,783
Freemans Bay,Flat,2,12,15,39,682,600,615,729,254,3.76,6.4638,0.3742,498,826
Freemans Bay,House,1,51,0,63,870,600,765,1125,422,4.01,6.6605,0.4708,568,1073
Freemans Bay,House,2,27,27,66,1011,700,800,950,560,3.58,6.8278,0.3905,709,1201
Freemans Bay,House,3,39,48,111,1213,950,1050,1135,1030,3.35,6.968,0.4508,784,1440
Freemans Bay,House,4,9,15,48,1676,1198,1500,1875,663,3.97,7.3577,0.379,1214,2025
Freemans Bay,House,NA,6,15,18,1521,844,1225,2425,820,4,7.1924,0.5603,911,1940
Fruitvale,Flat,2,6,9,36,548,513,534,569,62,4,6.3016,0.1109,506,588
Fruitvale,House,1,30,3,36,535,440,638,734,267,4.2,6.0378,0.8497,236,743
Fruitvale,House,2,15,15,66,515,525,550,580,166,4.11,6.149,0.5372,326,673
Fruitvale,House,3,36,39,117,684,630,680,750,81,3.8,6.5212,0.1166,628,735
Fruitvale,House,NA,12,9,39,536,377,610,713,224,4.02,6.1572,0.5851,318,701
Glamorgan,House,1,15,3,24,613,480,570,750,168,4.35,6.3843,0.2694,494,711
Glamorgan,House,2,6,12,30,579,556,580,613,78,4.46,6.3537,0.139,523,631
Glamorgan,House,3,39,39,111,727,690,710,750,57,4.01,6.5856,0.0757,689,763
Glamorgan,House,4,24,24,57,859,800,868,900,66,4.02,6.7534,0.0761,814,902
Glamorgan,House,5+,6,3,15,899,856,963,1005,225,4.27,6.7729,0.2858,721,1060
Glen Eden Central,House,1,33,6,42,612,505,600,680,191,3.86,6.3816,0.2578,497,703
Glen Eden Central,House,2,21,18,66,454,450,530,560,186,3.98,5.9651,0.6677,248,611
Glen Eden Central,House,3,33,33,189,642,613,660,680,126,3.93,6.4362,0.2808,516,754
Glen Eden Central,House,4,18,12,33,788,750,798,850,65,4.06,6.6663,0.0859,741,832
Glen Eden Central,House,NA,9,6,42,553,533,610,665,227,3.88,6.1689,0.6711,304,751
Glen Eden North,Apartment,1,15,6,78,437,450,490,550,171,3.78,5.9266,0.6861,236,595
Glen Eden North,Apartment,2,12,15,84,488,535,580,600,185,3.89,6.0775,0.5576,299,635
Glen Eden North,House,1,36,9,42,490,433,545,621,192,4.06,6.0558,0.6303,279,653
Glen Eden North,House,2,18,6,54,570,548,580,595,43,3.88,6.3422,0.0799,538,599
Glen Eden North,House,3,18,27,102,649,640,650,670,57,3.56,6.4725,0.0878,610,687
Glen Eden North,House,4,9,9,27,677,600,670,700,93,3.99,6.509,0.1349,613,735
Glen Eden North,House,NA,24,9,75,521,461,580,674,206,4,6.1064,0.6803,284,710
Glen Eden Rosier,House,1,30,3,36,567,536,600,664,174,4.4,6.2498,0.5253,363,738
Glen Eden Rosier,House,2,6,9,24,522,523,540,550,52,3.87,6.2525,0.1075,483,558
Glen Eden Rosier,House,3,33,33,144,638,600,650,655,37,4.08,6.4568,0.0578,613,662
Glen Eden Rosier,House,4,6,9,39,643,680,730,750,226,4,6.3199,0.7373,338,913
Glen Eden Rosier,House,NA,6,3,12,595,548,610,678,213,3.82,6.3152,0.4449,410,746
Glen Eden West,House,1,51,0,51,587,560,600,650,171,4.16,6.3016,0.4687,398,748
Glen Eden West,House,2,18,27,72,565,545,575,589,32,4.01,6.3352,0.0581,542,587
Glen Eden West,House,3,45,57,180,679,600,640,650,293,3.57,6.4827,0.2257,561,761
Glen Eden West,House,4,12,18,54,741,651,725,810,110,4.17,6.5975,0.1469,664,810
Glen Eden West,House,NA,18,24,60,606,568,598,655,146,3.92,6.3683,0.3229,469,725
Glen Eden Woodglen,Flat,1,6,3,18,415,388,425,453,51,3.52,6.0225,0.1257,379,449
Glen Eden Woodglen,Flat,2,9,6,30,499,490,490,510,17,3.44,6.2127,0.0336,488,510
Glen Eden Woodglen,House,1,42,3,51,597,547,625,680,148,4.28,6.3446,0.3604,447,726
Glen Eden Woodglen,House,2,27,33,81,547,520,550,573,31,3.92,6.3029,0.0573,525,568
Glen Eden Woodglen,House,3,48,51,180,654,630,655,680,50,4.96,6.4807,0.0765,620,687
Glen Eden Woodglen,House,4,9,15,39,745,695,745,795,76,3.74,6.6092,0.103,692,795
Glen Eden Woodglen,House,NA,18,18,51,563,550,593,658,186,4,6.2264,0.5857,341,751
Glen Innes East-Wai O Taiki Bay,House,1,27,9,30,751,595,795,850,174,3.94,6.5957,0.2334,625,857
Glen Innes East-Wai O Taiki Bay,House,2,33,18,219,346,127,194,640,268,3.16,5.5258,0.8272,144,439
Glen Innes East-Wai O Taiki Bay,House,3,48,33,330,597,459,680,750,267,3.65,6.2251,0.6733,321,796
Glen Innes East-Wai O Taiki Bay,House,4,24,18,114,584,195,775,850,337,3.59,6.1166,0.8043,264,780
Glen Innes East-Wai O Taiki Bay,House,5+,6,0,30,369,198,240,381,298,2.02,5.7117,0.6163,200,458
Glen Innes East-Wai O Taiki Bay,House,NA,21,12,69,730,635,680,810,241,3.99,6.5322,0.3903,528,894
Glen Innes West,Apartment,1,6,21,18,562,550,550,613,80,3.29,6.3215,0.1559,501,618
Glen Innes West,Apartment,2,18,6,30,627,623,630,630,51,3.69,6.4381,0.0844,591,662
Glen Innes West,House,1,54,3,54,680,560,700,778,163,4.27,6.4921,0.2485,558,780
Glen Innes West,House,2,18,30,114,459,152,615,703,285,3.42,5.8337,0.886,188,621
Glen Innes West,House,3,60,57,291,635,610,730,740,211,3.8,6.3606,0.5024,412,812
Glen Innes West,House,4,21,9,93,655,270,795,850,342,3.99,6.2639,0.7814,310,890
Glen Innes West,House,NA,27,27,60,639,540,595,715,163,3.95,6.4251,0.2865,509,749
Glenavon,Apartment,1,6,3,3,413,410,410,413,5,4,6.0222,0.012,409,416
Glenavon,House,1,21,0,24,544,495,595,640,169,3.95,6.1965,0.5783,332,725
Glenavon,House,2,9,9,30,587,550,580,610,61,3.99,6.3697,0.1036,544,626
Glenavon,House,3,21,27,81,706,650,675,770,92,4.04,6.5515,0.1259,643,762
Glenavon,House,4,6,6,33,783,733,800,850,83,4,6.6582,0.1082,724,838
Glenbrook,House,1,12,3,15,681,550,670,748,177,4.84,6.4915,0.2669,551,790
Glenbrook,House,2,9,6,27,567,520,550,550,95,3.89,6.3286,0.1546,505,622
Glenbrook,House,3,12,9,45,643,585,638,675,80,4.12,6.4583,0.1225,587,693
Glenbrook,House,4,9,12,24,691,613,695,765,75,3.2,6.5327,0.1101,638,740
Glenbrook,House,NA,12,6,21,705,643,700,715,159,4,6.5336,0.235,587,806
Glendene North,Flat,2,9,9,33,512,480,520,541,57,3.95,6.2337,0.1133,472,550
Glendene North,House,1,30,3,36,655,595,650,700,95,4.18,6.474,0.1474,587,716
Glendene North,House,2,15,12,54,558,540,550,600,48,3.79,6.3213,0.0892,524,591
Glendene North,House,3,42,63,189,648,600,635,680,95,3.87,6.4639,0.1448,582,707
Glendene North,House,4,12,12,48,747,693,735,818,286,4.19,6.4816,0.6806,413,1033
Glendene North,House,NA,9,3,33,647,562,580,680,137,3.47,6.4549,0.1939,558,725
Glendene South,Flat,2,6,3,18,539,520,540,559,40,3.25,6.2872,0.0741,511,565
Glendene South,House,1,21,3,24,610,600,650,710,190,4.22,6.3199,0.5397,386,799
Glendene South,House,2,9,3,27,511,510,525,568,100,4.15,6.2163,0.2352,427,587
Glendene South,House,3,18,24,99,655,625,650,685,36,4.08,6.4828,0.0559,630,679
Glendene South,House,4,9,6,30,779,715,750,805,96,4,6.6523,0.1169,716,838
Glendene South,House,NA,9,6,24,602,575,650,670,117,3.91,6.3791,0.2267,506,687
Glendowie North,House,1,9,3,12,1157,900,1100,1425,382,4.61,6.9987,0.3616,858,1398
Glendowie North,House,3,12,12,75,955,773,900,1013,245,3.87,6.8361,0.2303,797,1087
Glendowie North,House,4,15,18,45,973,850,1080,1150,336,3.47,6.7966,0.4676,653,1227
Glendowie North,House,NA,9,9,15,1079,950,1050,1200,298,4,6.9428,0.3208,834,1286
Glendowie South,Apartment,2,6,0,9,559,546,550,563,28,4,6.3248,0.0498,540,577
Glendowie South,House,1,18,0,18,962,762,930,995,329,4.28,6.8232,0.3014,750,1126
Glendowie South,House,2,6,6,24,677,620,673,705,70,4,6.5129,0.1021,629,722
Glendowie South,House,3,36,30,117,824,750,820,875,100,3.75,6.7065,0.1202,754,887
Glendowie South,House,4,18,21,51,1021,945,980,1199,179,4.16,6.9133,0.1846,888,1139
Glendowie South,House,5+,6,6,12,1450,1100,1175,1525,604,4.43,7.2248,0.3633,1075,1754
Glendowie South,House,NA,9,15,21,952,805,908,1111,217,4.24,6.8365,0.2282,798,1086
Glenfield Central,Apartment,2,6,3,9,601,590,605,616,31,4,6.398,0.0524,580,622
Glenfield Central,Flat,1,6,6,18,359,319,400,440,157,3.73,5.7751,0.5909,216,480
Glenfield Central,Flat,2,18,27,45,438,335,335,573,122,3.49,6.0469,0.2737,352,509
Glenfield Central,House,1,21,6,27,653,548,650,710,173,4.38,6.4491,0.2601,530,753
Glenfield Central,House,2,27,27,78,585,540,570,600,69,3.85,6.3654,0.1114,539,627
Glenfield Central,House,3,36,36,153,696,650,720,760,156,3.81,6.4981,0.3707,517,852
Glenfield Central,House,4,6,6,63,821,775,798,848,70,4.27,6.707,0.083,774,865
Glenfield Central,House,5+,6,6,18,864,805,900,950,106,4,6.7551,0.1284,787,936
Glenfield East,Flat,2,9,6,30,585,588,595,598,51,3.43,6.3683,0.0926,548,621
Glenfield East,House,1,12,3,15,717,665,690,728,84,4.02,6.5688,0.1119,661,768
Glenfield East,House,2,12,15,42,589,573,587,608,70,3.74,6.3716,0.1197,540,634
Glenfield East,House,3,30,30,123,692,643,685,753,96,3.81,6.5295,0.1451,621,755
Glenfield East,House,4,9,9,36,826,685,830,990,181,4,6.6938,0.2258,693,940
Glenfield North,Apartment,1,6,3,3,480,450,475,505,36,2.94,6.1717,0.0739,456,503
Glenfield North,Flat,2,6,9,24,549,538,548,558,22,4.15,6.3077,0.0402,534,564
Glenfield North,House,1,27,3,30,660,560,650,720,177,4.1,6.4505,0.3125,513,782
Glenfield North,House,2,21,18,54,621,585,630,660,50,4,6.4284,0.084,585,655
Glenfield North,House,3,33,36,150,679,650,695,758,117,3.74,6.4977,0.2432,563,782
Glenfield North,House,4,9,9,48,860,798,875,900,92,3.14,6.7516,0.1088,795,921
Glenfield North,House,NA,9,18,36,646,610,650,688,59,4.03,6.4674,0.0943,604,686
Glenfield South West,Flat,1,6,3,12,410,410,420,420,20,3.54,6.0152,0.05,396,424
Glenfield South West,House,1,30,6,33,674,485,700,760,197,4.09,6.4701,0.3003,527,790
Glenfield South West,House,2,12,18,39,624,598,620,650,39,3.75,6.4347,0.0615,598,649
Glenfield South West,House,3,33,42,135,696,650,700,740,54,3.84,6.5419,0.0776,658,731
Glenfield South West,House,4,12,12,45,805,743,800,869,94,3.77,6.685,0.1193,738,867
Glenfield South West,House,NA,6,9,33,760,705,725,753,96,4,6.6274,0.1163,699,817
Glenfield West,Apartment,2,6,3,6,539,500,538,576,45,4,6.2867,0.0833,508,568
Glenfield West,House,1,21,0,24,685,600,680,730,107,4.09,6.5187,0.151,612,750
Glenfield West,House,2,27,21,63,595,560,615,640,67,3.79,6.3819,0.1198,545,641
Glenfield West,House,3,39,42,150,761,680,700,740,304,3.58,6.5974,0.2343,626,859
Glenfield West,House,4,15,21,42,694,675,785,850,241,3.34,6.4376,0.5642,427,914
Glenfield West,House,5+,6,6,9,913,850,850,913,125,4,6.8097,0.1289,831,989
Golflands,House,1,12,0,15,844,770,815,880,146,4.56,6.7259,0.1617,748,930
Golflands,House,3,9,18,78,753,710,750,788,66,3.69,6.6208,0.0875,708,796
Golflands,House,4,18,24,51,831,831,850,860,81,4.06,6.7167,0.1144,765,892
Golflands,House,5+,9,9,12,941,900,960,998,68,4,6.8443,0.0741,893,987
Golflands,House,NA,6,9,27,732,675,765,863,179,4,6.565,0.2837,586,860
Goodwood Heights,House,1,21,3,24,771,650,750,820,191,4.01,6.6216,0.2284,644,876
Goodwood Heights,House,2,6,3,15,558,538,565,585,43,3.75,6.3211,0.0795,527,587
Goodwood Heights,House,3,30,36,111,718,651,710,788,83,3.81,6.5697,0.1138,660,770
Goodwood Heights,House,4,15,15,78,791,730,750,850,130,3.99,6.6612,0.1627,700,872
Goodwood Heights,House,5+,6,9,36,917,823,860,980,137,3.99,6.8118,0.1427,825,1000
Grafton,Apartment,1,39,24,87,499,430,495,580,99,3.94,6.1919,0.2124,424,564
Grafton,Apartment,2,9,9,24,681,645,650,725,97,3.74,6.5141,0.1442,612,743
Grafton,Flat,1,12,9,48,461,430,460,493,45,3.79,6.1279,0.0986,429,490
Grafton,Flat,2,6,0,24,715,584,630,761,228,4,6.5387,0.2892,569,840
Grafton,House,1,150,45,141,336,295,295,300,125,3.15,5.775,0.2619,270,384
Grafton,House,3,18,15,45,764,544,785,918,339,3.68,6.5294,0.5076,486,965
Grafton,House,NA,90,141,75,317,280,295,295,133,3.08,5.7175,0.2389,259,357
Grange,Boarding House,1,6,3,3,158,126,130,183,54,2.99,5.0164,0.3017,123,185
Grange,House,1,15,0,21,714,680,680,720,106,4.12,6.561,0.1408,643,777
Grange,House,3,15,24,57,608,525,650,700,122,4,6.3888,0.2191,513,690
Grange,House,NA,6,9,18,634,599,680,685,102,4,6.439,0.1852,552,709
Green Bay North,House,1,6,0,6,461,393,490,558,223,4.55,6.0065,0.6362,264,624
Green Bay North,House,3,21,24,54,700,680,700,725,46,3.87,6.5493,0.0664,668,731
Green Bay North,House,4,6,6,18,829,808,868,889,101,4,6.7138,0.1301,754,899
Green Bay North,House,NA,6,0,12,681,624,688,745,180,4,6.4958,0.2797,548,800
Green Bay South,House,1,9,3,12,569,465,550,640,135,4.22,6.3198,0.2313,475,649
Green Bay South,House,3,9,9,66,666,623,670,700,57,4.29,6.4977,0.0866,626,704
Greenhithe East,House,1,15,3,15,964,890,950,1080,198,4.32,6.8524,0.2018,826,1084
Greenhithe East,House,2,6,3,18,639,628,650,650,20,4.25,6.4591,0.0323,625,653
Greenhithe East,House,3,12,6,36,772,713,773,843,91,3.98,6.6422,0.1191,708,831
Greenhithe East,House,4,24,24,90,940,843,910,1036,129,4.27,6.8369,0.1339,851,1020
Greenhithe South,House,1,9,3,12,1106,800,980,1150,564,4.01,6.8911,0.52,693,1397
Greenhithe South,House,2,9,9,30,666,625,630,675,95,4,6.4935,0.1294,606,721
Greenhithe South,House,3,6,3,15,645,623,695,718,154,3.73,6.4436,0.2733,523,756
Greenhithe South,House,4,9,12,24,1007,900,985,1150,197,3.68,6.8979,0.2013,864,1134
Greenhithe South,House,5+,9,12,27,1210,1000,1200,1425,314,3.44,7.0647,0.2833,966,1416
Greenhithe West,House,1,12,3,12,772,500,580,1011,395,4.2,6.5407,0.4702,504,951
Greenhithe West,House,2,9,6,24,643,600,640,700,81,3.58,6.4599,0.1226,588,694
Greenhithe West,House,3,9,12,27,791,720,750,800,229,3.94,6.6417,0.254,646,910
Greenhithe West,House,4,9,6,27,1132,975,1050,1200,302,4.24,7.0043,0.236,939,1291
Greenhithe West,House,5+,6,3,18,1264,1053,1175,1386,381,5.07,7.11,0.2865,1009,1485
Greenhithe West,House,NA,6,6,15,1115,950,1223,1388,434,4,6.9409,0.4826,746,1431
Greenlane North,Apartment,2,15,6,27,604,585,600,620,49,3.87,6.4003,0.0803,570,636
Greenlane North,Flat,2,12,27,75,598,568,580,605,71,3.84,6.3885,0.1078,553,640
Greenlane North,House,1,36,0,42,903,710,873,1078,289,3.97,6.757,0.3167,695,1065
Greenlane North,House,2,12,12,51,646,600,633,686,84,3.81,6.4631,0.1297,587,700
Greenlane North,House,3,30,33,126,824,740,800,915,152,3.92,6.6991,0.1765,721,914
Greenlane North,House,4,24,30,81,1199,1015,1165,1223,418,3.64,7.0512,0.2577,970,1373
Greenlane North,House,5+,18,15,42,940,355,1140,1238,480,3.89,6.655,0.7083,482,1252
Greenlane North,House,NA,12,15,45,1033,780,1015,1200,362,4,6.8887,0.3299,785,1226
Greenlane South,Apartment,2,6,3,12,526,518,523,531,17,3.48,6.2654,0.032,515,538
Greenlane South,House,1,39,6,48,879,693,830,1063,251,4.2,6.7399,0.2843,698,1024
Greenlane South,House,2,18,15,51,664,558,650,734,118,3.57,6.4842,0.1728,583,736
Greenlane South,House,3,33,48,117,754,703,790,820,87,3.74,6.619,0.1206,691,813
Greenlane South,House,4,12,18,42,950,883,995,1058,176,3.85,6.833,0.246,786,1095
Greenlane South,House,5+,6,6,12,1133,1170,1185,1238,306,4.53,6.9911,0.3439,862,1371
Greenlane South,House,NA,9,15,24,957,850,975,1100,176,3.74,6.846,0.2058,818,1080
Grey Lynn Central,Apartment,1,18,27,57,570,548,593,600,69,3.63,6.3383,0.1316,518,618
Grey Lynn Central,Apartment,2,24,21,51,823,708,778,906,197,3.67,6.6879,0.2218,691,932
Grey Lynn Central,Flat,1,15,15,63,484,450,475,500,63,3.84,6.1741,0.1315,439,525
Grey Lynn Central,Flat,2,6,9,27,563,528,563,579,82,3.42,6.3236,0.1451,506,615
Grey Lynn Central,House,1,33,3,42,790,560,720,935,278,4.08,6.6177,0.3257,601,932
Grey Lynn Central,House,2,12,18,42,864,689,775,1088,293,3.53,6.6984,0.3943,622,1058
Grey Lynn Central,House,3,18,30,81,955,779,950,1014,226,3.87,6.8342,0.2431,789,1095
Grey Lynn Central,House,4,12,12,57,1320,845,1075,1409,824,3.66,7.0495,0.5175,813,1634
Grey Lynn Central,House,NA,12,9,18,1058,855,913,1343,299,4,6.929,0.2746,849,1229
Grey Lynn Central,Room,NA,6,0,6,315,315,315,315,,3.17,5.7526,0,315,315
Grey Lynn East,Apartment,1,33,45,84,615,560,613,650,71,3.92,6.415,0.117,565,661
Grey Lynn East,Apartment,2,30,36,75,751,686,720,775,139,3.85,6.6062,0.1716,659,830
Grey Lynn East,Apartment,3,6,3,12,1613,1288,1575,1900,399,4,7.3624,0.2487,1332,1863
Grey Lynn East,Boarding House,1,12,6,21,297,300,300,300,33,3.25,5.6883,0.1096,274,318
Grey Lynn East,Flat,1,9,6,30,544,518,550,583,51,4,6.2943,0.096,508,578
Grey Lynn East,House,1,54,12,66,695,580,660,769,209,3.92,6.4905,0.3653,515,843
Grey Lynn East,House,2,12,21,36,784,681,728,818,153,3.52,6.649,0.18,684,872
Grey Lynn East,House,3,27,24,60,860,760,785,920,183,4,6.7397,0.1798,749,954
Grey Lynn East,House,NA,30,27,60,686,600,655,753,118,3.64,6.5177,0.1579,609,753
Grey Lynn North,Apartment,1,6,9,30,574,550,573,599,52,3.54,6.3495,0.0909,538,608
Grey Lynn North,Flat,1,9,15,21,562,400,510,700,172,3.54,6.2933,0.2899,445,658
Grey Lynn North,House,1,30,0,27,811,550,685,798,448,4.25,6.6006,0.4145,556,973
Grey Lynn North,House,2,9,9,21,901,815,880,975,177,3.6,6.7873,0.1981,776,1013
Grey Lynn North,House,3,27,21,78,1038,850,920,1050,363,3.63,6.9033,0.271,829,1195
Grey Lynn North,House,4,9,18,39,852,725,950,1020,273,4.26,6.6897,0.3959,616,1050
Grey Lynn North,House,5+,6,3,9,1378,1280,1343,1440,145,3.72,7.224,0.1029,1280,1471
Grey Lynn West,Apartment,1,9,21,27,543,500,550,560,42,3.87,6.294,0.0787,513,571
Grey Lynn West,Apartment,2,15,15,48,739,720,750,750,108,3.64,6.5943,0.1555,658,812
Grey Lynn West,Apartment,3,6,0,9,954,830,923,1046,189,4,6.8461,0.1939,825,1072
Grey Lynn West,Flat,1,6,6,24,391,384,398,405,30,4.09,5.9671,0.0775,370,411
Grey Lynn West,House,1,69,18,63,610,395,540,795,232,4.03,6.3424,0.3802,440,734
Grey Lynn West,House,2,30,30,63,737,700,730,784,154,4.01,6.5776,0.2409,611,846
Grey Lynn West,House,3,36,30,87,987,729,850,918,534,3.6,6.8169,0.3466,723,1154
Grey Lynn West,House,4,15,12,33,1128,850,1000,1320,304,3.8,6.9966,0.2606,917,1303
Grey Lynn West,House,NA,15,15,39,749,545,730,890,231,3.93,6.577,0.2956,589,877
Grey Lynn West,Room,NA,24,39,24,385,335,395,400,39,4.01,5.9493,0.1039,358,411
Gulf Harbour North,House,1,15,0,15,713,700,730,780,124,4.47,6.5529,0.204,611,805
Gulf Harbour North,House,2,6,0,12,522,500,500,520,78,4.16,6.2494,0.142,470,570
Gulf Harbour North,House,3,15,12,51,690,625,700,765,150,3.62,6.5133,0.2344,575,790
Gulf Harbour North,House,4,18,24,90,773,750,750,823,55,4.05,6.6484,0.0702,736,809
Gulf Harbour South,Apartment,2,9,9,12,559,535,560,593,63,3.89,6.3209,0.1168,514,602
Gulf Harbour South,Apartment,3,6,9,21,637,565,630,658,93,3.48,6.4479,0.1401,574,694
Gulf Harbour South,House,1,27,3,27,738,615,670,875,186,4.17,6.5726,0.2548,602,849
Gulf Harbour South,House,2,6,3,9,588,550,580,618,45,3.53,6.3737,0.0762,557,617
Gulf Harbour South,House,3,24,27,84,680,650,650,700,58,4.06,6.5187,0.0828,641,717
Gulf Harbour South,House,4,15,18,60,881,800,830,900,140,3.64,6.7711,0.1383,795,958
Gulf Harbour South,House,NA,9,6,27,840,800,800,850,121,4,6.7255,0.1279,765,908
Half Moon Bay North East,House,1,6,0,9,853,798,865,888,80,4.31,6.7455,0.0936,798,906
Half Moon Bay North East,House,3,18,18,90,751,683,750,799,90,3.83,6.6148,0.1146,691,806
Half Moon Bay North East,House,4,18,21,72,871,815,870,913,90,3.75,6.7645,0.104,808,930
Half Moon Bay North East,House,5+,6,3,12,1072,970,1065,1168,111,4,6.9725,0.1037,995,1144
Half Moon Bay South East,Apartment,2,6,0,6,585,580,580,585,10,4,6.3715,0.017,578,592
Half Moon Bay South East,House,1,21,6,27,670,615,670,695,142,4.17,6.4882,0.1956,576,750
Half Moon Bay South East,House,2,12,12,45,720,574,590,606,408,3.24,6.4975,0.3607,520,846
Half Moon Bay South East,House,3,45,48,177,678,650,680,700,51,4.18,6.5165,0.0749,643,711
Half Moon Bay South East,House,4,12,12,42,806,773,825,849,67,4.19,6.6886,0.0854,758,851
Half Moon Bay South East,House,NA,6,9,21,659,619,655,705,92,4,6.4824,0.1441,593,720
Half Moon Bay West,House,1,12,0,15,700,650,665,715,111,4.72,6.5412,0.1457,628,765
Half Moon Bay West,House,2,9,9,33,628,580,620,680,54,4.01,6.439,0.0848,591,663
Half Moon Bay West,House,3,18,27,48,720,643,708,770,103,3.82,6.5703,0.1403,649,784
Half Moon Bay West,House,4,9,12,51,834,695,830,945,179,3.85,6.7057,0.2087,710,941
Half Moon Bay West,House,NA,6,9,18,820,750,853,894,155,3.88,6.6925,0.1998,705,923
Hamilton Estate,House,1,9,0,12,562,515,535,600,73,4.42,6.3248,0.1254,513,608
Hamilton Estate,House,2,12,15,42,501,441,490,549,76,3.98,6.2071,0.1417,451,546
Hamilton Estate,House,3,27,27,96,562,558,580,600,114,4,6.2017,0.8664,275,885
Hamilton Estate,House,4,6,12,24,673,638,670,730,119,3.27,6.4959,0.1905,583,753
Hamilton Estate,House,NA,6,3,6,675,660,685,700,33,4,6.5138,0.0499,652,697
Harania North,House,1,6,0,12,687,604,673,821,171,3.69,6.5029,0.2642,558,797
Harania North,House,3,12,9,45,657,641,685,695,64,4,6.4831,0.1031,610,701
Harania South,House,1,39,0,36,650,580,650,750,135,3.97,6.4473,0.2814,522,763
Harania South,House,2,21,15,30,563,575,600,600,115,3.62,6.2879,0.3893,414,700
Harania South,House,3,21,21,90,666,650,650,700,53,4.02,6.4985,0.0803,629,701
Harania South,House,4,6,6,27,788,710,760,838,141,3.59,6.6574,0.1731,693,875
Harania South,House,NA,21,15,42,626,593,625,663,74,4,6.4323,0.1267,571,677
Hatfields Beach,Flat,1,9,3,6,492,500,500,500,61,3.13,6.1916,0.1332,447,535
Hatfields Beach,House,1,6,0,6,763,663,725,848,149,4.99,6.6213,0.19,661,854
Hatfields Beach,House,2,6,3,12,565,550,550,565,30,3.76,6.3358,0.0518,545,584
Hatfields Beach,House,3,9,6,33,694,670,710,735,58,4.02,6.5398,0.0862,653,734
Hauraki,Apartment,2,6,6,12,600,575,600,618,33,4,6.3956,0.0555,577,622
Hauraki,House,1,33,6,33,802,620,700,865,250,4.3,6.646,0.2805,637,930
Hauraki,House,2,18,33,75,668,588,650,706,144,3.48,6.4861,0.1819,580,742
Hauraki,House,3,24,36,111,822,750,805,898,162,3.95,6.6859,0.2521,676,950
Hauraki,House,4,21,27,72,1005,825,950,1173,203,3.7,6.8937,0.1998,862,1128
Hauraki,House,5+,6,6,24,1263,1100,1350,1488,276,3.8,7.1191,0.2391,1051,1452
Hauraki,House,NA,33,9,51,921,680,695,1125,386,4,6.7616,0.3414,686,1088
Hauraki Plains South,House,1,6,3,6,432,385,400,520,128,4.72,6.0282,0.314,336,513
Hauraki Plains South,House,3,6,3,39,516,495,510,531,36,4.51,6.2448,0.0695,492,540
Helensville,House,1,18,0,24,564,498,613,673,146,4.29,6.2969,0.2942,445,662
Helensville,House,2,6,3,21,519,470,510,524,70,4,6.2452,0.1273,473,562
Helensville,House,3,18,18,57,620,586,630,650,51,4.02,6.427,0.0832,585,654
Helensville,House,4,15,15,27,665,630,630,695,56,3.31,6.4966,0.0831,627,701
Helensville Rural,House,1,12,0,15,637,534,665,744,188,4,6.4087,0.3405,483,764
Henderson Central,Apartment,1,12,6,21,484,454,488,523,42,4.18,6.1777,0.0873,454,511
Henderson Central,Apartment,2,9,9,18,532,510,520,560,43,3.75,6.2731,0.0809,502,560
Henderson Central,Apartment,NA,6,6,6,500,485,490,505,35,4,6.2129,0.0676,477,522
Henderson Central,House,1,24,6,30,518,458,550,600,150,4,6.174,0.4785,348,663
Henderson Central,House,2,9,9,18,557,503,535,574,75,3.58,6.3161,0.1276,508,603
Henderson Central,House,3,9,6,27,612,530,613,699,154,3.62,6.3854,0.2747,493,714
Henderson Central,House,NA,15,12,27,522,490,490,550,52,4,6.2533,0.0976,487,555
Henderson East,House,1,66,3,69,551,550,590,663,163,4.14,6.2339,0.4656,372,698
Henderson East,House,2,15,21,60,574,520,580,600,97,3.89,6.341,0.1599,509,632
Henderson East,House,3,30,18,123,651,610,645,690,72,3.94,6.473,0.1064,603,696
Henderson East,House,4,9,6,27,769,680,750,790,154,3.97,6.629,0.1847,668,857
Henderson East,House,NA,33,24,75,603,580,620,670,135,4.04,6.3573,0.3555,454,733
Henderson Larnoch,House,1,39,0,42,576,520,620,660,180,4.2,6.2583,0.5541,359,759
Henderson Larnoch,House,2,12,9,48,568,555,583,585,52,4.16,6.3373,0.0947,530,603
Henderson Larnoch,House,3,48,51,240,647,620,650,660,42,3.96,6.4698,0.0639,618,674
Henderson Larnoch,House,4,6,6,51,809,761,830,888,125,4,6.6852,0.1644,716,894
Henderson Larnoch,House,5+,6,3,15,908,813,875,938,132,4,6.8035,0.1371,821,988
Henderson Larnoch,House,NA,18,21,57,588,573,638,678,177,3.91,6.3064,0.4386,408,737
Henderson Lincoln South,House,1,24,0,24,591,550,605,673,161,4.14,6.3271,0.3819,432,724
Henderson Lincoln South,House,2,9,12,27,561,530,530,590,45,3.9,6.3271,0.0784,531,590
Henderson Lincoln South,House,3,36,24,144,623,600,643,675,96,3.75,6.413,0.2483,516,721
Henderson Lincoln South,House,4,15,6,54,764,730,780,780,80,4,6.6338,0.105,708,816
Henderson Lincoln South,House,NA,9,9,24,588,570,600,670,177,3.9,6.3044,0.471,398,752
Henderson Lincoln West,Apartment,2,6,0,0,564,535,567,596,40,4.02,6.3323,0.0706,536,590
Henderson Lincoln West,House,1,30,6,39,612,583,600,678,113,4.09,6.391,0.2663,498,714
Henderson Lincoln West,House,2,15,18,54,526,550,570,590,151,3.75,6.1861,0.4998,347,681
Henderson Lincoln West,House,3,45,51,201,643,598,650,690,97,4.08,6.4469,0.2271,541,735
Henderson Lincoln West,House,4,18,9,63,750,699,743,800,79,3.98,6.6149,0.1044,695,801
Henderson Lincoln West,House,NA,21,12,51,513,382,580,675,237,3.98,6.0628,0.7068,267,692
Henderson North,House,1,69,6,81,416,105,540,623,258,4.05,5.7332,0.8682,172,555
Henderson North,House,2,24,21,66,568,550,570,588,31,4,6.3398,0.0552,546,588
Henderson North,House,3,30,36,177,643,608,650,676,50,3.82,6.463,0.0778,608,676
Henderson North,House,4,18,24,60,742,696,745,788,65,3.54,6.6052,0.0883,696,784
Henderson North,House,NA,27,12,69,464,162,550,615,249,3.98,5.9003,0.8085,212,630
Henderson North East,Apartment,2,9,0,12,313,90,198,500,236,4,5.4302,0.8854,126,415
Henderson North East,House,1,45,0,48,539,475,585,673,214,3.96,6.148,0.6383,304,719
Henderson North East,House,2,33,21,63,598,540,600,663,73,4.17,6.3868,0.1241,546,646
Henderson North East,House,3,27,27,102,682,630,680,700,59,3.84,6.5208,0.0857,641,720
Henderson North East,House,4,12,9,27,682,704,738,750,181,4,6.4605,0.4538,471,868
Henderson North East,House,NA,18,12,45,567,541,600,653,146,4,6.2689,0.4887,380,734
Henderson Valley Park,House,1,9,0,12,633,580,640,680,92,4.22,6.4404,0.1497,566,693
Henderson Valley Park,House,2,9,6,27,525,530,550,580,106,3.92,6.2352,0.2842,421,618
Henderson Valley Park,House,3,15,12,66,630,593,595,665,59,3.97,6.4418,0.0909,590,667
Herne Bay,Apartment,1,30,33,63,604,554,598,663,121,3.42,6.3822,0.2247,508,688
Herne Bay,Apartment,2,21,12,66,783,675,760,813,164,3.52,6.6447,0.1937,675,876
Herne Bay,Apartment,3,6,6,12,1021,758,845,1109,497,2.83,6.8529,0.4314,708,1266
Herne Bay,Flat,1,12,18,42,537,479,518,590,95,3.37,6.2727,0.1697,473,594
Herne Bay,Flat,2,6,15,33,728,600,670,903,171,4,6.5655,0.2341,606,832
Herne Bay,House,1,39,6,45,960,645,770,1213,479,4.41,6.7638,0.4437,642,1168
Herne Bay,House,2,9,12,24,811,700,785,900,144,3.78,6.6834,0.181,707,903
Herne Bay,House,3,15,18,48,1214,890,1000,1400,504,3.85,7.0415,0.3401,909,1438
Herne Bay,House,NA,6,6,9,1538,1238,1600,1900,431,4,7.3065,0.294,1222,1817
Highland Park (Auckland),Flat,2,6,9,30,568,538,590,596,39,3.22,6.3402,0.0703,541,594
Highland Park (Auckland),House,1,21,0,21,689,650,690,750,146,4.36,6.4982,0.3309,531,830
Highland Park (Auckland),House,2,12,21,66,559,545,565,595,61,3.51,6.3205,0.1186,513,602
Highland Park (Auckland),House,3,69,75,228,705,650,670,720,250,3.87,6.5327,0.1879,605,780
Highland Park (Auckland),House,4,24,24,72,818,790,820,850,58,3.82,6.7038,0.0714,777,856
Highland Park (Auckland),House,5+,6,6,21,873,860,898,930,233,4,6.7321,0.3257,673,1045
Highland Park (Auckland),House,NA,12,12,39,687,645,680,733,112,4,6.5193,0.1673,606,759
Hillcrest East (Auckland),Apartment,2,9,3,12,604,595,620,623,31,4.12,6.4029,0.0525,583,625
Hillcrest East (Auckland),Flat,1,6,6,12,428,320,320,428,215,2.87,5.9813,0.4259,297,528
Hillcrest East (Auckland),Flat,2,9,12,48,559,530,580,600,60,3.88,6.3206,0.1108,516,599
Hillcrest East (Auckland),House,1,27,3,33,729,600,700,820,144,4.34,6.5719,0.202,624,819
Hillcrest East (Auckland),House,2,12,21,45,590,563,600,624,50,3.64,6.3767,0.0876,554,624
Hillcrest East (Auckland),House,3,24,33,117,710,679,700,770,89,3.96,6.5577,0.1342,644,771
Hillcrest East (Auckland),House,4,18,18,57,800,750,780,850,76,3.99,6.6802,0.0922,748,848
Hillcrest East (Auckland),House,5+,6,6,12,976,905,963,1034,134,4,6.8767,0.1362,884,1063
Hillcrest East (Auckland),House,NA,15,15,30,781,700,825,850,122,4,6.6488,0.1633,691,862
Hillcrest North (Auckland),Apartment,2,6,0,6,569,558,565,576,19,4,6.343,0.0337,556,582
Hillcrest North (Auckland),Flat,2,6,9,51,563,505,564,621,69,3.56,6.3276,0.1227,515,608
Hillcrest North (Auckland),House,1,36,3,39,692,633,700,758,100,4.11,6.5293,0.1476,620,757
Hillcrest North (Auckland),House,2,21,15,66,609,573,620,635,74,3.94,6.4045,0.1309,553,660
Hillcrest North (Auckland),House,3,21,21,93,755,698,745,778,99,3.95,6.6191,0.1275,688,817
Hillcrest North (Auckland),House,4,21,15,51,941,870,945,970,101,3.92,6.8415,0.1039,873,1004
Hillcrest North (Auckland),House,5+,6,3,21,1012,855,960,1163,182,4.44,6.9061,0.1775,886,1125
Hillcrest North (Auckland),House,NA,12,9,27,850,645,740,813,331,3.91,6.6911,0.3273,646,1004
Hillcrest West (Auckland),Apartment,2,6,6,9,594,595,600,610,29,4.03,6.3859,0.0501,574,614
Hillcrest West (Auckland),Flat,2,6,9,24,573,538,563,591,46,3.24,6.3474,0.0785,542,602
Hillcrest West (Auckland),House,1,24,0,30,697,599,668,753,159,3.95,6.5214,0.2343,580,796
Hillcrest West (Auckland),House,2,12,24,36,601,600,613,650,101,3.79,6.3806,0.2195,509,684
Hillcrest West (Auckland),House,3,27,27,99,782,680,733,760,459,3.57,6.5684,0.4136,539,941
Hillcrest West (Auckland),House,4,21,12,42,778,750,800,894,260,3.94,6.5752,0.4709,522,985
Hillpark North,Flat,2,6,9,18,560,529,548,579,65,3.76,6.323,0.1136,516,602
Hillpark North,House,1,15,3,18,724,660,690,850,161,3.95,6.5577,0.2488,596,833
Hillpark North,House,2,6,3,24,545,500,525,575,56,3.66,6.2964,0.0993,507,580
Hillpark North,House,3,18,12,57,678,650,680,723,76,3.94,6.5123,0.1191,621,730
Hillpark North,House,4,12,9,21,780,730,740,794,101,3.51,6.6516,0.1232,712,841
Hillpark South,Flat,2,9,9,45,526,510,520,540,24,3.88,6.2636,0.0443,510,541
Hillpark South,House,1,39,6,42,475,162,550,680,273,4.43,5.8842,0.8703,200,646
Hillpark South,House,2,12,21,48,573,538,575,600,80,3.56,6.3418,0.1402,517,624
Hillpark South,House,3,18,21,72,689,650,690,730,61,3.43,6.5321,0.0891,647,729
Hillpark South,House,NA,6,3,15,635,608,670,697,129,4,6.4355,0.2243,536,725
Hillsborough East (Auckland),Flat,2,6,6,21,575,540,570,605,60,4,6.3504,0.1033,534,614
Hillsborough East (Auckland),House,1,21,6,24,638,480,640,750,230,3.68,6.3955,0.3695,467,769
Hillsborough East (Auckland),House,2,6,12,33,584,560,573,619,54,4,6.3666,0.0922,547,619
Hillsborough East (Auckland),House,3,27,15,69,709,688,700,750,75,3.8,6.5583,0.1126,654,761
Hillsborough East (Auckland),House,4,9,6,39,819,698,845,875,133,4,6.6975,0.1585,728,902
Hillsborough East (Auckland),House,5+,6,6,21,968,850,875,1038,187,3.58,6.8598,0.1802,844,1076
Hillsborough North (Auckland),Flat,1,6,9,21,449,436,450,463,43,4,6.103,0.0965,419,477
Hillsborough North (Auckland),House,1,27,3,33,697,575,685,750,194,4.07,6.5135,0.2591,566,803
Hillsborough North (Auckland),House,2,12,15,42,606,573,610,630,45,3.86,6.4037,0.0738,575,635
Hillsborough North (Auckland),House,3,27,30,108,673,650,703,749,146,3.97,6.4777,0.2995,531,796
Hillsborough North (Auckland),House,4,12,6,51,880,788,818,930,174,3.92,6.7633,0.1829,765,979
Hillsborough North (Auckland),House,5+,6,3,24,1119,1100,1163,1181,114,4.51,7.0158,0.1076,1036,1198
Hillsborough North (Auckland),House,NA,6,6,12,694,618,718,794,137,4,6.5264,0.2078,594,786
Hillsborough South (Auckland),Flat,1,6,0,12,456,373,405,489,143,2.68,6.0904,0.2857,364,535
Hillsborough South (Auckland),House,1,12,0,18,816,711,808,918,235,3.56,6.6653,0.2956,643,958
Hillsborough South (Auckland),House,2,6,3,15,1069,714,810,1165,612,2.61,6.8735,0.4911,694,1346
Hillsborough South (Auckland),House,3,9,9,48,769,750,750,800,55,3.89,6.6434,0.0723,731,806
Hillsborough South (Auckland),House,4,15,15,45,911,770,910,1050,155,3.81,6.8004,0.1734,799,1010
Hillsborough South (Auckland),House,5+,6,9,18,774,250,900,1111,462,3.42,6.4307,0.7682,370,1042
Hillsborough West (Auckland),Apartment,2,6,6,6,551,520,560,585,41,3.83,6.3091,0.0747,523,578
Hillsborough West (Auckland),House,1,24,3,30,685,570,685,790,191,4,6.4787,0.3595,511,830
Hillsborough West (Auckland),House,2,24,12,45,585,558,593,610,84,4,6.3628,0.1405,527,638
Hillsborough West (Auckland),House,3,30,33,129,690,665,700,743,100,3.96,6.5206,0.201,593,778
Hillsborough West (Auckland),House,4,21,12,57,867,835,850,885,88,3.9,6.7607,0.0951,810,920
Hillsborough West (Auckland),House,5+,12,9,24,884,861,910,978,171,4.21,6.7615,0.2444,733,1019
Hillsborough West (Auckland),House,NA,9,21,24,729,670,800,890,225,4,6.5132,0.4939,483,940
Hilltop (Auckland),Flat,2,9,6,9,511,500,500,568,196,3.27,6.1356,0.5531,318,671
Hilltop (Auckland),House,1,30,0,36,752,605,750,853,190,4,6.5928,0.2484,617,863
Hilltop (Auckland),House,2,9,6,27,566,540,550,590,54,3.28,6.3343,0.0937,529,600
Hilltop (Auckland),House,3,27,27,78,709,650,700,730,89,3.97,6.5572,0.1193,650,763
Hilltop (Auckland),House,4,15,21,84,799,780,800,800,41,3.88,6.6823,0.0508,771,826
Hilltop (Auckland),House,5+,9,3,30,1016,885,950,1098,228,3.9,6.904,0.2126,863,1150
Hilltop (Auckland),House,NA,12,12,36,825,728,763,810,225,4,6.6849,0.2514,675,948
Hingaia,House,1,12,3,12,972,733,880,1100,328,4.67,6.8311,0.3234,745,1152
Hingaia,House,3,9,3,15,854,750,850,995,168,4,6.7325,0.2073,730,965
Hingaia,House,4,12,15,54,890,831,873,889,102,4.07,6.7858,0.1042,825,950
Hingaia,House,5+,12,6,24,1056,985,1050,1100,121,4.13,6.9564,0.1136,972,1133
Hobson Ridge Central,Apartment,1,108,126,237,392,350,390,420,68,3.94,5.9529,0.2087,334,443
Hobson Ridge Central,Apartment,2,270,327,648,486,435,480,550,108,3.9,6.1529,0.2888,387,571
Hobson Ridge Central,Apartment,3,51,39,75,439,250,400,570,202,3.36,5.982,0.4602,290,540
Hobson Ridge Central,Apartment,NA,6,18,24,532,450,488,563,123,4,6.2561,0.2078,453,600
Hobson Ridge Central,House,1,246,27,240,465,410,460,500,96,4.01,6.1173,0.2457,384,535
Hobson Ridge Central,House,2,12,24,27,457,455,475,490,110,3.98,6.0756,0.3797,337,562
Hobson Ridge Central,House,NA,12,24,21,576,533,590,638,100,4,6.341,0.1812,502,641
Hobson Ridge Central,Room,1,30,15,27,260,230,250,250,82,3,5.5212,0.2685,209,300
Hobson Ridge Central,Room,NA,6,6,6,405,360,390,435,57,3,5.9966,0.1387,366,441
Hobson Ridge North,Apartment,1,159,165,321,490,430,470,525,99,3.89,6.1781,0.1795,427,544
Hobson Ridge North,Apartment,2,171,168,321,624,480,575,720,212,3.94,6.3854,0.3212,478,737
Hobson Ridge North,Apartment,3,30,24,42,532,320,375,750,241,3.33,6.1774,0.454,355,654
Hobson Ridge North,Apartment,4,6,0,9,304,289,290,305,31,1,5.7125,0.0973,283,323
Hobson Ridge North,Apartment,NA,9,15,12,494,370,450,550,139,3.93,6.1706,0.2674,400,573
Hobson Ridge North,Flat,1,9,0,27,436,400,420,450,60,3.89,6.0686,0.1333,395,473
Hobson Ridge North,Flat,2,6,3,9,625,550,550,625,150,4,6.4187,0.2177,529,710
Hobson Ridge North,House,1,165,27,165,528,430,490,560,199,4.01,6.2122,0.3428,396,629
Hobson Ridge North,House,2,15,18,18,544,470,495,630,111,4.02,6.2812,0.1964,468,610
Hobson Ridge North,House,NA,69,75,108,632,450,520,590,448,4,6.334,0.4108,427,743
Hobson Ridge North,Room,1,45,27,54,341,330,370,370,41,3.68,5.8229,0.1314,309,369
Hobson Ridge South,Apartment,1,72,66,171,383,340,380,410,77,3.74,5.9227,0.2411,317,439
Hobson Ridge South,Apartment,2,66,72,195,480,430,480,550,116,3.79,6.0968,0.5828,300,658
Hobson Ridge South,Apartment,3,6,9,36,707,298,695,913,495,3.86,6.3052,0.8363,311,962
Hobson Ridge South,Apartment,4,12,18,3,459,220,340,683,288,2.47,5.937,0.6593,243,591
Hobson Ridge South,House,1,57,9,54,554,450,490,650,164,3.82,6.2772,0.2803,441,643
Hobson Ridge South,House,NA,9,9,9,507,420,470,630,125,4,6.1993,0.2652,412,589
Hobson Ridge South,Room,1,24,9,27,245,210,240,270,56,2.63,5.4744,0.2314,204,279
Hobsonville,House,1,18,0,15,751,690,798,823,132,4.34,6.6024,0.2126,638,850
Hobsonville,House,3,9,12,48,775,720,780,800,63,4.23,6.6499,0.081,732,816
Hobsonville,House,4,9,12,36,870,800,850,883,96,4.17,6.7634,0.1042,807,929
Hobsonville,House,NA,6,9,30,813,765,808,875,117,4,6.6913,0.1506,728,891
Hobsonville Point,Apartment,1,30,18,42,643,550,583,665,271,3.51,6.4238,0.2488,521,729
Hobsonville Point,Apartment,2,57,24,78,653,600,630,650,80,3.86,6.4745,0.1111,602,699
Hobsonville Point,House,1,237,12,243,700,620,650,780,154,4.19,6.5286,0.2112,594,789
Hobsonville Point,House,2,63,27,108,664,620,650,675,107,3.91,6.4888,0.1223,606,714
Hobsonville Point,House,3,75,33,147,752,713,750,780,76,4.06,6.6184,0.0938,703,798
Hobsonville Point,House,4,42,36,99,873,805,863,900,74,3.79,6.7689,0.0828,823,920
Hobsonville Point,House,5+,15,15,39,898,920,980,1020,260,4.14,6.7314,0.4435,622,1131
Hobsonville Point,House,NA,135,75,270,711,630,685,799,184,4.36,6.5338,0.2652,575,823
Homai East,Apartment,1,6,3,6,468,468,480,480,25,4,6.1463,0.055,450,485
Homai East,Apartment,2,6,3,9,566,558,575,584,33,4,6.3378,0.0587,544,588
Homai East,Flat,2,15,21,48,536,495,530,560,64,3.64,6.2772,0.1184,491,577
Homai East,House,1,39,6,42,613,550,640,673,97,3.94,6.4049,0.1719,539,679
Homai East,House,2,12,15,54,562,538,583,605,71,4,6.323,0.1336,509,610
Homai East,House,3,33,36,138,698,605,650,698,396,3.54,6.4596,0.4114,484,843
Homai East,House,4,12,6,39,730,721,740,775,84,3.79,6.5859,0.1311,663,792
Homai West,House,1,69,6,72,635,580,670,690,149,3.94,6.414,0.3171,493,756
Homai West,House,2,27,21,51,576,550,600,630,103,3.89,6.33,0.2767,466,676
Homai West,House,3,60,72,219,702,650,680,700,273,3.75,6.5172,0.2497,572,801
Homai West,House,4,15,21,51,773,700,780,800,67,3.97,6.647,0.0878,726,817
Homai West,House,NA,36,27,75,654,600,650,698,67,4,6.4786,0.0994,609,696
Howick Central,Apartment,2,9,9,15,555,530,550,580,36,3.78,6.3172,0.0632,531,578
Howick Central,Apartment,3,6,3,12,660,595,623,688,97,4,6.4847,0.1397,596,720
Howick Central,Flat,1,6,6,21,386,372,395,409,61,3.88,5.9444,0.1676,341,427
Howick Central,House,1,33,0,39,648,595,670,758,213,4.45,6.3588,0.6127,382,873
Howick Central,House,2,15,18,48,598,580,600,625,40,3.86,6.3914,0.0695,569,625
Howick Central,House,3,42,48,111,681,660,700,749,128,3.98,6.5003,0.2375,567,781
Howick Central,House,4,9,15,54,760,725,805,820,117,4.02,6.6209,0.173,668,844
Howick Central,House,NA,9,9,45,764,730,770,795,114,3.91,6.6283,0.1525,682,838
Howick East,Apartment,2,12,12,24,603,580,600,643,47,3.76,6.3988,0.0785,570,634
Howick East,Flat,2,9,6,42,605,530,595,625,127,3.48,6.388,0.1959,521,679
Howick East,House,1,36,3,39,646,596,630,700,121,4.03,6.4521,0.2051,552,728
Howick East,House,2,30,24,84,608,584,620,630,86,3.64,6.3989,0.1626,539,671
Howick East,House,3,48,48,141,696,655,700,730,73,4.09,6.5404,0.1017,647,742
Howick East,House,4,18,18,54,830,784,830,869,89,4.02,6.7162,0.1089,767,889
Howick East,House,5+,9,3,15,865,860,895,895,70,3.77,6.7596,0.0843,815,913
Howick East,House,NA,12,21,39,737,650,735,815,111,4.07,6.5914,0.1542,657,809
Howick West,House,1,27,3,36,679,550,650,795,172,4.3,6.4901,0.249,557,779
Howick West,House,2,18,18,60,621,565,625,650,101,3.56,6.4197,0.1602,551,684
Howick West,House,3,27,24,114,723,690,730,760,87,4,6.576,0.1221,661,779
Howick West,House,4,21,18,69,834,780,810,875,81,4.18,6.7216,0.0913,781,883
Howick West,House,NA,15,18,33,677,625,675,755,118,4.16,6.5024,0.1844,589,755
Huntington Park,Apartment,2,18,15,54,611,598,615,631,37,3.99,6.4134,0.0605,586,635
Huntington Park,House,1,9,0,9,663,600,650,690,63,4.79,6.4924,0.0932,620,703
Huntington Park,House,2,6,15,27,622,613,620,620,20,3.85,6.432,0.0323,608,635
Huntington Park,House,3,15,21,63,749,730,750,765,42,3.93,6.6168,0.0561,720,776
Huntington Park,House,4,9,9,42,841,818,825,845,75,3.84,6.7312,0.0834,792,887
Kaipara Hills,House,2,9,3,18,506,450,550,570,93,3.22,6.2098,0.1991,435,569
Karaka Creek,House,3,6,3,15,768,698,700,770,142,4,6.6316,0.1708,676,851
Karaka Creek,House,4,6,3,15,945,810,965,1100,182,3.02,6.8369,0.1963,816,1063
Karaka Lakes,House,1,45,0,45,851,750,825,895,195,4.27,6.7256,0.2005,728,954
Karaka Lakes,House,2,15,6,27,610,585,595,650,40,4,6.4122,0.0647,583,636
Karaka Lakes,House,3,15,15,33,697,660,720,735,52,4.07,6.544,0.0765,660,732
Karaka Lakes,House,4,21,21,72,853,810,850,880,72,4.34,6.7457,0.0798,806,897
Karaka Lakes,House,5+,9,15,30,1056,915,1050,1175,178,4.37,6.9493,0.168,931,1167
Karaka Lakes,House,NA,18,21,66,809,700,790,895,165,4.04,6.6757,0.2044,691,910
Karangahape,Apartment,1,45,66,159,462,390,450,528,106,3.89,6.1097,0.2277,386,525
Karangahape,Apartment,2,69,54,198,676,550,600,708,225,3.72,6.4811,0.2447,553,770
Karangahape,Apartment,3,9,18,30,615,455,720,743,230,3.6,6.3374,0.4672,413,775
Karangahape,Boarding House,1,6,3,3,420,316,423,526,147,2.15,5.9909,0.3687,312,513
Karangahape,House,1,126,21,120,548,420,455,670,178,3.67,6.2607,0.2942,429,639
Karangahape,House,NA,30,45,69,557,420,510,631,154,3.66,6.291,0.2506,456,639
Karangahape,Room,1,6,3,9,394,375,390,400,48,2.62,5.9713,0.1153,363,424
Kaurilands,House,1,15,3,18,673,590,665,765,128,4.01,6.4933,0.1996,577,756
Kaurilands,House,2,6,6,18,543,515,585,599,85,3.36,6.2846,0.1725,477,602
Kaurilands,House,3,15,18,84,654,630,660,675,75,3.68,6.4758,0.1264,596,707
Kaurilands,House,5+,6,3,3,756,690,773,839,124,4.04,6.6179,0.1694,668,839
Kawakawa Bay-Orere,House,1,6,3,9,644,498,635,750,151,3.9,6.4435,0.2323,537,735
Kawakawa Bay-Orere,House,2,12,6,33,543,486,538,596,84,3.49,6.2853,0.1542,484,595
Kawakawa Bay-Orere,House,3,6,6,27,701,614,663,750,141,4.5,6.5386,0.1921,607,787
Kawakawa Bay-Orere,House,4,6,0,12,814,751,788,850,134,5.1,6.6918,0.1602,723,898
Kelston North,House,1,45,0,45,426,93,485,665,285,3.89,5.7151,0.9242,163,566
Kelston North,House,2,9,9,33,543,520,550,565,47,3.4,6.294,0.0885,510,575
Kelston North,House,3,21,33,120,630,610,650,678,111,3.83,6.4233,0.2447,522,727
Kelston South,Flat,2,6,9,36,580,553,595,600,67,4,6.3573,0.1187,532,625
Kelston South,House,1,39,0,48,549,478,590,670,254,3.91,6.1536,0.6555,302,732
Kelston South,House,3,30,33,126,651,620,645,681,61,3.92,6.4747,0.0934,609,691
Kelston South,House,4,6,9,24,784,720,775,813,110,4,6.6557,0.1364,709,852
Kelston South,House,NA,6,9,24,614,593,613,644,58,4,6.4165,0.0954,574,653
Kingseat-Karaka,House,1,27,6,30,765,700,750,850,204,4.42,6.6049,0.2791,612,892
Kingseat-Karaka,House,2,9,6,21,674,555,720,788,126,4,6.498,0.1928,583,756
Kingseat-Karaka,House,3,12,6,51,724,538,630,743,373,3.95,6.4952,0.4236,497,881
Kingseat-Karaka,House,4,12,6,39,816,750,788,820,101,4.16,6.6986,0.1122,752,875
Kingseat-Karaka,House,NA,15,6,24,809,780,790,850,108,4,6.6883,0.13,736,877
Kingsland,Apartment,1,9,9,21,514,478,500,560,63,4,6.2348,0.1249,469,555
Kingsland,Apartment,2,42,33,120,688,620,670,760,115,3.65,6.5185,0.1889,597,770
Kingsland,Boarding House,NA,21,18,24,338,300,330,360,47,3.05,5.8145,0.1354,306,367
Kingsland,Flat,1,9,9,27,482,435,450,550,89,3.47,6.1623,0.1831,419,537
Kingsland,Flat,2,9,9,30,566,520,560,590,76,3.59,6.3307,0.1345,513,615
Kingsland,House,1,48,9,48,776,628,750,894,233,4.14,6.612,0.292,611,906
Kingsland,House,2,12,15,48,722,700,750,785,110,3.94,6.5704,0.1655,638,798
Kingsland,House,3,24,36,102,820,745,823,900,113,3.73,6.7003,0.1426,738,895
Kingsland,House,4,18,15,54,779,363,888,1100,390,3.43,6.4468,0.7673,376,1058
Kingsland,House,5,9,9,9,266,250,250,270,27,2.77,5.5807,0.0936,249,283
Kingsland,House,5+,6,12,21,1187,1088,1225,1250,152,3.5,7.0719,0.1304,1079,1287
Kingsway,House,3,12,12,36,714,670,725,750,89,3.57,6.5632,0.1356,647,776
Kingsway,House,4,12,15,39,855,838,855,873,53,3.67,6.7494,0.0616,819,890
Kingsway,House,NA,6,0,9,625,535,575,665,142,4,6.4201,0.2121,532,709
Kohimarama,Apartment,1,9,6,15,543,500,510,550,70,4,6.2899,0.1207,497,585
Kohimarama,Apartment,2,18,9,42,862,700,790,1024,207,4,6.7329,0.2326,718,982
Kohimarama,Flat,1,9,12,24,464,440,455,500,42,3.69,6.1369,0.0916,435,492
Kohimarama,Flat,2,9,12,48,672,620,660,710,75,3.96,6.5054,0.1083,622,719
Kohimarama,House,1,21,3,30,779,580,700,950,245,4.23,6.6129,0.3071,605,916
Kohimarama,House,2,9,12,48,654,581,600,615,167,3.9,6.4612,0.2191,552,742
Kohimarama,House,3,21,27,75,969,850,900,1100,301,3.9,6.8175,0.3925,701,1191
Kohimarama,House,4,21,15,72,1155,1050,1200,1290,229,4.05,7.0307,0.2175,977,1310
Kohimarama,House,5+,6,9,15,1408,1100,1275,1583,416,4.31,7.2191,0.28,1130,1649
Kohimarama,House,NA,6,6,27,764,698,793,859,145,4,6.6235,0.2024,657,863
Konini,House,1,15,3,21,674,575,650,760,170,4.67,6.4826,0.2601,548,779
Konini,House,2,6,0,24,548,535,555,583,50,3.5,6.3032,0.0958,512,583
Konini,House,3,21,27,87,716,650,700,750,82,3.79,6.5674,0.1119,660,767
Kumeu Rural East,House,1,18,0,21,717,623,750,850,240,4.41,6.5086,0.4015,512,880
Kumeu Rural East,House,2,6,6,24,564,533,580,600,61,3.74,6.3305,0.1104,521,605
Kumeu Rural East,House,3,6,12,27,632,608,630,664,101,3.7,6.437,0.1663,558,699
Kumeu Rural East,House,4,9,9,30,905,799,825,930,193,3.52,6.7904,0.1955,779,1015
Kumeu Rural East,House,5+,6,3,15,1017,925,950,1075,161,4.23,6.9163,0.1529,910,1118
Kumeu Rural East,House,NA,12,6,15,849,675,800,885,278,4,6.7021,0.2966,667,994
Kumeu Rural West,House,1,12,0,15,761,483,675,965,312,4.38,6.5583,0.4132,534,932
Kumeu Rural West,House,2,9,9,27,526,545,550,560,78,3.85,6.253,0.1751,462,585
Kumeu Rural West,House,3,12,9,30,640,558,650,660,86,3.55,6.4536,0.1314,581,694
Kumeu Rural West,House,4,9,3,27,920,755,1000,1090,527,4.32,5.9442,2.6368,64,2259
Kumeu Rural West,House,NA,9,9,24,868,675,775,900,348,4,6.71,0.3444,650,1035
Kumeu-Huapai,Apartment,2,9,3,9,559,560,560,560,17,4,6.325,0.0317,547,570
Kumeu-Huapai,House,1,51,3,54,717,550,760,850,160,4.39,6.5481,0.2447,592,823
Kumeu-Huapai,House,2,30,27,54,597,555,585,610,71,3.77,6.3851,0.1127,550,640
Kumeu-Huapai,House,3,18,21,48,734,680,710,755,98,3.93,6.591,0.1269,669,794
Kumeu-Huapai,House,4,36,42,84,847,795,825,866,68,3.88,6.7386,0.0777,801,890
Kumeu-Huapai,House,5+,6,6,18,976,845,888,1019,220,4,6.8666,0.2076,834,1104
Kumeu-Huapai,House,NA,30,21,75,788,706,800,858,181,4.04,6.6466,0.2128,667,889
Laingholm,House,1,9,3,12,599,495,600,650,121,4.49,6.3773,0.1999,514,673
Laingholm,House,3,9,9,30,705,650,700,760,90,3.75,6.5508,0.1293,641,764
Laingholm,House,4,6,6,12,781,731,755,828,65,3.2,6.6575,0.0818,737,823
Leabank,Apartment,2,6,3,21,339,164,330,505,204,4,5.6701,0.6628,185,454
Leabank,House,1,87,9,84,520,325,560,650,184,4.09,6.1733,0.4385,357,645
Leabank,House,2,15,24,42,554,520,550,580,66,4,6.311,0.1223,507,598
Leabank,House,3,51,75,237,687,650,670,720,88,3.84,6.5259,0.117,631,739
Leabank,House,4,18,12,60,758,718,750,800,62,4,6.6277,0.0814,715,798
Leabank,House,NA,42,42,84,560,340,625,678,174,4,6.2685,0.3683,412,676
Long Bay,Apartment,1,6,9,18,599,580,593,616,33,4,6.3943,0.054,577,621
Long Bay,Apartment,2,6,3,9,695,680,685,697,29,4,6.543,0.0404,676,714
Long Bay,House,1,27,0,36,746,580,690,880,240,4.22,6.5646,0.329,568,886
Long Bay,House,2,9,3,12,692,680,680,700,21,4,6.5389,0.03,678,706
Long Bay,House,3,24,9,42,800,780,850,860,186,3.9,6.5713,0.7297,437,1169
Long Bay,House,4,24,15,48,1023,920,973,1088,137,3.8,6.9226,0.1284,931,1107
Long Bay,House,5+,6,12,51,1103,1035,1140,1235,196,3.81,6.9891,0.2011,947,1242
Long Bay,House,NA,24,24,72,901,715,875,1085,237,4,6.7701,0.2677,727,1044
Lynfield North,Apartment,2,6,3,6,544,541,548,550,9,4,6.2984,0.0175,537,550
Lynfield North,House,1,15,3,18,699,630,680,730,126,3.82,6.5358,0.1732,613,775
Lynfield North,House,2,9,12,36,541,530,550,583,80,3.67,6.2834,0.1562,482,595
Lynfield North,House,3,51,39,144,732,650,690,750,284,3.65,6.5619,0.2173,611,819
Lynfield North,House,4,12,9,51,803,773,805,850,103,4,6.6797,0.1402,724,875
Lynfield North,House,NA,12,12,30,721,713,750,788,277,4,6.4573,0.6062,423,959
Lynfield South,Flat,2,9,12,24,536,503,550,570,45,3.29,6.2805,0.0859,504,566
Lynfield South,House,1,45,0,48,522,205,620,690,281,4.35,6.0191,0.808,238,709
Lynfield South,House,2,15,12,48,569,545,585,595,59,3.74,6.3382,0.1139,524,611
Lynfield South,House,3,24,36,117,680,650,678,700,79,3.93,6.5162,0.1158,625,731
Lynfield South,House,4,9,12,54,765,665,800,875,257,3.81,6.5789,0.3909,553,937
Lynfield South,House,NA,12,9,36,661,556,660,768,166,3.88,6.4608,0.2775,530,771
Mairangi Bay North,House,1,15,0,18,803,660,850,925,191,4.18,6.6607,0.2492,660,924
Mairangi Bay North,House,2,9,9,27,669,650,655,690,75,4,6.5009,0.1115,618,718
Mairangi Bay North,House,3,15,24,57,867,750,795,900,210,3.64,6.7406,0.2225,728,983
Mairangi Bay North,House,4,9,12,63,1012,920,965,1048,183,4.43,6.9071,0.1608,897,1114
Mairangi Bay North,House,NA,6,6,18,934,873,940,986,164,4,6.8257,0.1828,814,1042
Mairangi Bay South,House,1,18,0,18,874,691,850,1035,233,4.27,6.7398,0.2659,707,1011
Mairangi Bay South,House,2,12,6,21,648,558,648,691,131,3.9,6.4555,0.1918,559,724
Mairangi Bay South,House,3,9,9,42,810,737,850,905,131,3.82,6.6838,0.1802,708,903
Mairangi Bay South,House,4,18,12,66,931,894,985,1050,274,3.65,6.7678,0.4372,647,1168
Mairangi Bay South,House,5+,6,6,27,1373,1135,1300,1538,429,4,7.1889,0.3055,1078,1628
Mairangi Bay South,House,NA,9,6,21,860,755,880,950,193,3.57,6.7318,0.2417,712,987
Mangawhai,House,1,15,3,12,662,620,650,700,72,3.72,6.4891,0.1092,611,708
Mangawhai,House,3,12,21,30,688,630,680,699,106,3.65,6.5239,0.1401,620,749
Mangawhai,House,4,6,9,9,598,613,675,715,208,3.95,6.3029,0.5354,381,784
Mangawhai,House,NA,9,6,12,659,650,650,675,86,4,6.4826,0.1337,597,715
Mangere Bridge,House,1,33,6,36,613,600,650,750,193,4.38,6.3244,0.529,391,797
Mangere Bridge,House,2,12,15,57,672,626,685,713,66,4.01,6.5052,0.0998,625,715
Mangere Bridge,House,3,21,21,78,708,683,700,790,178,3.81,6.5172,0.3482,535,856
Mangere Bridge,House,5+,6,6,12,1213,1163,1200,1250,144,3.26,7.0952,0.1176,1114,1306
Mangere Bridge,House,NA,9,6,30,717,646,708,769,89,3.55,6.5683,0.1231,655,774
Mangere Bridge Ambury,House,1,27,3,33,680,625,695,795,142,3.99,6.498,0.232,568,776
Mangere Bridge Ambury,House,2,6,12,45,602,560,623,650,55,3.89,6.3963,0.0935,563,639
Mangere Bridge Ambury,House,3,18,21,75,730,673,705,760,89,3.89,6.586,0.1173,670,785
Mangere Bridge Ambury,House,NA,6,6,24,775,658,690,790,221,4,6.6244,0.2504,636,892
Mangere Central,House,1,15,0,9,707,660,720,790,112,4.18,6.5474,0.1736,620,784
Mangere Central,House,2,6,3,21,592,560,595,738,201,3.98,6.3002,0.5023,388,764
Mangere Central,House,3,15,15,72,691,650,675,700,76,3.86,6.5332,0.1034,641,737
Mangere Central,House,5+,6,3,15,869,768,850,950,180,3.68,6.7509,0.2054,744,982
Mangere Central,House,NA,12,9,24,627,600,608,631,48,4,6.4379,0.0727,595,657
Mangere East,Apartment,2,6,0,3,524,511,530,543,29,4,6.2599,0.0556,504,543
Mangere East,House,1,24,0,30,641,579,605,705,127,4.09,6.4456,0.1911,554,717
Mangere East,House,2,12,15,36,599,550,573,623,92,3.84,6.385,0.1433,538,653
Mangere East,House,3,24,30,117,675,631,678,711,79,3.67,6.5087,0.1195,619,727
Mangere East,House,4,9,9,45,772,750,780,790,40,4.22,6.6473,0.0522,744,798
Mangere East,House,5+,6,6,9,950,950,950,950,,4,6.8565,0,950,950
Mangere East,House,NA,15,15,51,664,598,685,764,154,4.02,6.4696,0.2633,540,771
Mangere Mascot,House,1,60,0,60,499,440,500,595,231,4.04,6.0719,0.6013,289,650
Mangere Mascot,House,2,12,15,21,591,573,600,620,39,3.85,6.3795,0.0677,563,617
Mangere Mascot,House,3,18,15,72,658,610,650,720,77,3.85,6.4828,0.1191,603,708
Mangere Mascot,House,4,6,6,18,730,700,725,773,46,4,6.5913,0.0638,698,761
Mangere Mascot,House,NA,15,18,33,648,610,650,760,193,4,6.3819,0.5575,406,861
Mangere Mountain View,House,1,90,3,90,586,420,650,693,195,3.93,6.2828,0.5078,380,754
Mangere Mountain View,House,3,24,54,147,671,658,690,700,82,3.85,6.5,0.1475,602,735
Mangere Mountain View,House,4,6,12,57,670,600,768,829,248,4,6.4006,0.5734,409,887
Mangere Mountain View,House,NA,66,27,117,588,400,650,679,175,3.99,6.3338,0.2921,463,686
Mangere North,Apartment,1,6,21,42,515,500,510,525,19,4,6.2437,0.0369,502,528
Mangere North,Apartment,3,6,0,3,660,650,650,665,17,3.98,6.492,0.0261,648,672
Mangere North,House,1,51,6,66,564,490,590,615,85,3.96,6.3221,0.1768,494,627
Mangere North,House,2,9,9,30,601,595,595,608,15,3.72,6.3979,0.0246,591,611
Mangere North,House,3,9,21,42,645,650,700,700,160,3.9,6.4142,0.4144,462,807
Mangere North,House,NA,48,18,75,561,500,500,608,70,4,6.3217,0.1221,513,604
Mangere South,House,1,9,0,9,727,645,680,785,200,4.17,6.5575,0.2718,586,846
Mangere South,House,3,9,9,63,664,635,675,680,27,4,6.4975,0.0405,646,682
Mangere South,House,4,9,6,42,784,780,800,805,53,4,6.6618,0.0712,745,820
Mangere South East,House,1,12,0,12,539,302,600,709,265,4.17,6.1429,0.6112,308,703
Mangere South East,House,3,12,9,54,611,569,615,676,89,3.92,6.4039,0.1582,543,672
Mangere South East,House,4,9,3,39,815,788,830,845,37,3.86,6.7023,0.0457,790,840
Mangere South East,House,NA,6,3,21,832,710,770,800,237,4,6.6957,0.2458,685,955
Mangere West,House,1,24,6,27,610,561,615,679,123,4,6.3823,0.2892,486,719
Mangere West,House,2,9,12,18,621,580,625,655,47,4,6.4284,0.0752,589,651
Mangere West,House,3,18,12,72,689,658,680,746,68,3.7,6.531,0.1029,640,735
Mangere West,House,4,6,6,27,751,715,765,783,55,4,6.6193,0.0745,713,788
Mangere West,House,NA,12,12,33,619,553,598,638,101,4,6.4173,0.1515,553,678
Manly East,House,1,18,3,24,681,648,678,748,73,4.57,6.5174,0.1097,629,729
Manly East,House,2,15,24,54,591,585,600,625,73,3.58,6.3726,0.1501,529,648
Manly East,House,3,30,27,93,740,675,700,800,121,3.79,6.5944,0.16,656,814
Manly East,House,5+,6,0,6,955,915,960,1000,53,3.96,6.8606,0.0552,919,990
Manly East,House,NA,9,9,12,787,663,745,750,281,4,6.6256,0.2982,617,922
Manly West,Apartment,2,6,0,3,573,548,560,585,40,4,6.3482,0.0688,546,599
Manly West,House,1,12,0,18,683,555,605,808,225,4.41,6.4807,0.3066,531,802
Manly West,House,2,9,12,24,640,590,630,690,79,3.38,6.4546,0.1229,585,691
Manly West,House,3,9,15,39,741,685,700,740,116,3.73,6.5994,0.1417,668,808
Manly West,House,4,6,6,27,788,680,765,865,140,3.82,6.6571,0.1743,692,875
Manly West,House,5+,6,3,9,946,866,920,1000,150,4,6.8434,0.1547,845,1041
Manukau Central,Apartment,1,54,60,135,479,433,450,503,83,3.79,6.1595,0.1441,429,521
Manukau Central,Apartment,2,15,21,42,566,540,545,560,62,3.87,6.3332,0.1011,526,603
Manukau Central,House,1,75,9,84,499,420,490,550,96,4,6.1954,0.1857,433,556
Manukau Central,House,2,6,3,12,689,599,610,700,168,3.32,6.5153,0.2211,582,784
Manukau Central,House,NA,54,36,99,499,390,490,550,119,4.01,6.1876,0.2205,419,565
Manurewa Central,Flat,1,6,12,24,459,350,380,444,204,4,6.069,0.3411,343,544
Manurewa Central,Flat,2,6,9,45,558,543,560,570,28,4,6.3239,0.0499,539,577
Manurewa Central,House,1,39,3,45,620,535,600,710,153,4.08,6.3991,0.2585,505,716
Manurewa Central,House,2,30,18,66,559,530,555,590,75,3.78,6.3175,0.1294,508,605
Manurewa Central,House,3,24,18,144,657,599,675,700,71,3.94,6.4814,0.1107,606,703
Manurewa Central,House,4,6,9,27,756,720,795,799,105,3.65,6.619,0.1491,678,828
Manurewa Central,House,NA,9,18,36,623,550,600,705,113,4,6.4189,0.1845,542,695
Manurewa East,House,1,45,3,45,656,610,680,720,130,3.99,6.4603,0.2487,541,756
Manurewa East,House,2,9,9,18,569,535,560,588,59,3.46,6.34,0.1002,530,606
Manurewa East,House,3,36,45,114,655,630,673,700,83,3.95,6.473,0.1656,579,724
Manurewa East,House,NA,18,15,45,609,580,650,700,190,4.02,6.3295,0.4872,404,779
Manurewa South,Flat,2,12,12,36,473,495,545,553,185,4,6.0045,0.7074,251,653
Manurewa South,House,1,81,0,84,600,543,620,680,142,3.95,6.3485,0.3734,444,735
Manurewa South,House,2,24,24,87,505,523,560,596,161,3.95,6.1415,0.4795,336,642
Manurewa South,House,3,36,69,183,645,620,650,683,78,4.1,6.46,0.1462,579,705
Manurewa South,House,4,12,21,54,764,735,773,814,88,3.84,6.6327,0.1167,702,822
Manurewa South,House,5+,9,6,18,912,830,900,950,110,3.8,6.8089,0.1189,836,982
Manurewa South,House,NA,18,30,60,652,523,688,735,118,4,6.464,0.1885,565,729
Maraetai,House,1,9,6,12,674,560,690,750,163,4,6.4852,0.2555,552,779
Maraetai,House,2,15,12,33,591,555,600,625,65,3.44,6.3755,0.112,545,633
Maraetai,House,3,12,12,39,787,696,760,780,212,3.75,6.6433,0.2145,664,887
Maraetai,House,4,6,9,27,883,785,875,913,148,3.78,6.7714,0.1586,784,971
Massey Central,House,1,24,3,30,650,598,653,690,81,3.98,6.4699,0.1241,594,702
Massey Central,House,3,42,48,207,613,580,645,684,105,3.82,6.4003,0.2022,525,690
Massey Central,House,4,9,9,39,723,625,700,800,121,3.66,6.5715,0.164,640,798
Massey Central,House,NA,9,15,27,656,595,670,720,84,4,6.4789,0.1328,595,712
Massey East,House,1,27,3,27,548,518,600,680,233,4.07,6.1546,0.6493,304,730
Massey East,House,2,12,12,36,626,581,590,623,90,4.42,6.4313,0.1268,570,676
Massey East,House,3,42,42,144,632,588,650,700,126,4.05,6.4205,0.2681,513,736
Massey East,House,4,18,12,57,763,700,765,800,86,3.88,6.6313,0.1099,704,817
Massey East,House,NA,18,6,36,519,484,575,663,238,7.9,6.0609,0.7592,257,715
Massey Road North,House,1,69,6,75,505,390,430,555,157,3.91,6.1756,0.3267,386,599
Massey Road North,House,2,57,12,75,536,550,565,585,78,3.29,6.2717,0.161,475,590
Massey Road North,House,3,21,21,99,666,620,680,745,98,3.86,6.4878,0.1783,583,741
Massey Road North,House,4,9,6,36,791,750,790,840,61,3.9,6.6708,0.0778,749,832
Massey Road North,House,NA,18,18,51,579,506,550,710,162,4,6.3183,0.3135,449,685
Massey Road North,Room,1,9,18,36,387,380,380,388,14,3.99,5.9575,0.0365,377,396
Massey Road South,House,1,12,3,15,761,696,750,785,113,4.35,6.6253,0.134,689,825
Massey Road South,House,3,12,3,48,714,688,710,755,51,4,6.5687,0.0733,678,749
Massey Road West,Flat,2,6,15,48,520,486,508,554,54,3.88,6.2493,0.1018,483,554
Massey Road West,House,1,36,0,45,593,540,573,680,149,4.02,6.3422,0.343,451,716
Massey Road West,House,2,21,24,72,592,550,580,635,76,3.86,6.3752,0.1318,537,642
Massey Road West,House,3,18,15,93,694,661,680,745,62,3.94,6.5384,0.0904,650,735
Massey Road West,House,5+,6,3,12,953,880,880,966,130,4.31,6.8521,0.1265,869,1030
Massey Road West,House,NA,15,21,45,666,650,680,720,159,4,6.4533,0.3746,493,817
Massey Royal Road West,House,1,24,0,27,622,583,650,740,162,4.19,6.3853,0.3554,467,754
Massey Royal Road West,House,2,9,9,42,664,580,600,610,192,4.01,6.4693,0.2321,552,754
Massey Royal Road West,House,3,36,48,162,648,618,645,680,60,4.03,6.4692,0.092,606,686
Massey Royal Road West,House,4,21,21,72,659,618,750,765,203,3.84,6.4117,0.4773,441,840
Massey Royal Road West,House,NA,6,9,30,659,615,640,665,93,3.99,6.4823,0.1314,598,714
Massey South,House,1,42,3,48,636,600,640,719,163,4.14,6.3979,0.4108,455,792
Massey South,House,2,15,12,30,542,540,545,550,50,3.29,6.2913,0.0921,507,574
Massey South,House,3,45,51,213,663,618,650,710,69,3.95,6.4907,0.1055,614,708
Massey South,House,4,9,9,48,732,680,700,750,94,3.57,6.5894,0.1202,671,789
Massey West,House,1,18,0,24,594,543,580,704,174,4.28,6.3062,0.5124,388,774
Massey West,House,2,6,3,9,588,560,580,608,37,4,6.3742,0.0625,562,612
Massey West,House,3,6,6,27,715,670,720,765,131,3.62,6.5592,0.189,621,802
Massey West,House,4,6,9,33,618,543,715,790,275,4,6.3098,0.6189,362,835
Massey West,House,NA,18,9,42,612,528,638,718,204,3.96,6.3155,0.5625,378,808
Maungawhau,Apartment,1,6,6,18,413,420,420,431,42,4,6.0174,0.1105,381,442
Maungawhau,Flat,1,6,15,33,453,395,455,504,68,3.89,6.1061,0.152,405,497
Maungawhau,Flat,2,6,9,45,587,570,585,596,27,3.5,6.3739,0.0451,569,604
Maungawhau,House,1,15,6,21,639,460,545,720,235,4.02,6.402,0.3429,479,760
Maungawhau,House,3,21,15,48,807,735,850,890,129,3.65,6.6796,0.1812,704,899
Maungawhau,House,4,6,15,27,1018,868,1010,1138,192,4,6.9112,0.1879,884,1139
McLaren Park,House,1,33,0,39,617,560,650,700,130,4.05,6.3931,0.2867,493,725
McLaren Park,House,2,9,3,27,548,565,580,639,213,4.08,6.1556,0.7376,287,775
McLaren Park,House,3,57,42,183,631,600,650,680,82,3.85,6.4331,0.2014,543,713
McLaren Park,House,4,6,9,39,733,701,745,761,52,3.74,6.5951,0.0723,697,768
McLaren Park,House,NA,6,6,45,971,594,620,805,1081,2.61,6.528,0.844,387,1209
Meadowbank East,Apartment,2,12,12,30,584,529,578,650,67,3.69,6.3633,0.1142,537,627
Meadowbank East,Flat,1,6,12,39,428,443,488,506,171,4.43,5.9174,0.6997,232,595
Meadowbank East,Flat,2,12,27,99,568,540,550,575,76,4.32,6.3353,0.1213,520,612
Meadowbank East,House,1,42,6,39,596,500,550,635,214,4.06,6.3493,0.2669,478,685
Meadowbank East,House,2,9,6,36,630,590,640,660,45,3.81,6.4426,0.073,598,660
Meadowbank East,House,3,12,21,57,768,708,775,835,77,3.93,6.6384,0.1017,713,818
Meadowbank East,House,4,9,3,27,1743,1075,1350,2600,816,4,7.3638,0.4865,1136,2191
Meadowbank East,House,5+,6,3,9,1088,1025,1100,1163,111,4,6.9877,0.1037,1010,1162
Meadowbank West,House,1,12,0,18,805,700,785,883,205,4.22,6.6602,0.2574,656,929
Meadowbank West,House,2,6,12,15,677,625,655,711,114,3.76,6.5057,0.1622,600,746
Meadowbank West,House,3,21,33,57,839,695,780,850,237,3.73,6.6992,0.2552,683,964
Meadowbank West,House,4,15,9,18,1012,950,1050,1100,124,3.49,6.9121,0.1256,923,1093
Mellons Bay,House,1,15,0,18,703,580,685,795,195,4.74,6.52,0.2814,561,820
Mellons Bay,House,2,9,3,39,784,600,620,835,273,3.86,6.6187,0.3056,609,920
Mellons Bay,House,3,18,21,54,770,718,755,831,155,3.93,6.6266,0.211,655,870
Mellons Bay,House,4,15,18,45,870,815,850,980,181,3.86,6.7467,0.2203,734,988
Mellons Bay,House,5+,9,9,39,1105,950,1150,1340,301,4.1,6.9635,0.3363,843,1327
Mellons Bay,House,NA,9,6,21,925,680,710,915,541,4,6.7221,0.4668,606,1138
Mercury Bay North,House,3,12,6,24,521,425,510,643,134,2.98,6.2227,0.2788,418,608
Milford Central,Apartment,2,6,3,18,698,680,700,720,24,4,6.5482,0.0344,682,714
Milford Central,Flat,2,9,9,39,680,550,580,730,218,3.82,6.4857,0.2704,546,787
Milford Central,House,1,24,6,24,1005,693,980,1325,329,4.49,6.8575,0.3445,754,1200
Milford Central,House,2,6,9,33,991,680,895,1313,445,4,6.8059,0.4676,659,1238
Milford Central,House,3,12,12,42,1125,913,1050,1198,353,3.61,6.9877,0.2757,899,1305
Milford Central,House,4,6,6,18,1675,1375,1750,1938,425,4.22,7.3943,0.2709,1355,1953
Milford Central,House,NA,6,3,9,1415,853,1063,1625,1017,3.89,7.0865,0.6459,773,1849
Milford West,Apartment,2,6,0,6,628,593,620,648,50,3.31,6.4392,0.0778,594,660
Milford West,Flat,2,12,18,69,641,585,640,694,83,3.42,6.4546,0.1308,582,694
Milford West,House,1,24,3,30,844,706,750,950,312,4.21,6.6932,0.2852,666,978
Milford West,House,2,21,33,72,652,595,660,700,70,3.65,6.475,0.1093,603,698
Milford West,House,3,27,27,96,838,783,830,900,87,4.23,6.7257,0.1042,777,894
Milford West,House,4,18,27,57,1132,900,1000,1119,714,3.13,6.9092,0.5065,712,1409
Milford West,House,5+,6,3,6,1033,948,970,1055,147,4.46,6.9327,0.134,937,1122
Milford West,House,NA,6,9,27,968,759,888,1150,280,4,6.8413,0.2744,778,1126
Millwater North,Apartment,2,6,3,6,635,623,635,648,29,3.7,6.4528,0.0455,615,654
Millwater North,Apartment,3,6,3,3,728,719,730,739,21,4,6.5893,0.029,713,742
Millwater North,House,1,15,3,15,860,850,875,980,202,4.52,6.7217,0.302,677,1018
Millwater North,House,3,15,3,21,777,760,760,850,77,3.61,6.6506,0.1026,722,829
Millwater North,House,4,30,18,63,872,850,878,900,68,4.1,6.7681,0.0801,824,918
Millwater North,House,5+,9,3,21,1138,1025,1180,1194,143,4.59,7.0299,0.1246,1039,1229
Millwater South,House,1,39,0,39,826,665,820,980,206,4.01,6.6851,0.2547,674,950
Millwater South,House,2,6,3,9,607,600,600,600,16,3.67,6.4077,0.0263,596,617
Millwater South,House,3,6,6,21,770,758,780,796,35,3.99,6.6454,0.0473,745,794
Millwater South,House,4,36,24,60,911,858,893,926,109,3.7,6.8084,0.105,844,972
Millwater South,House,5+,15,6,30,1098,980,1100,1200,112,4.26,6.996,0.1041,1018,1172
Millwater South,House,NA,27,15,69,840,670,850,970,178,4,6.7123,0.2111,713,948
Mission Bay,Apartment,1,18,15,39,527,458,513,603,96,3.9,6.2507,0.1838,458,587
Mission Bay,Apartment,2,36,33,87,799,679,798,895,152,3.83,6.6661,0.1856,693,890
Mission Bay,Apartment,3,6,6,12,900,710,810,1000,283,4.4,6.7685,0.2938,714,1061
Mission Bay,Flat,1,6,12,33,486,441,450,495,97,2.89,6.1731,0.1857,423,544
Mission Bay,Flat,2,6,12,69,1060,639,713,1000,817,2.9,6.7841,0.5879,594,1314
Mission Bay,House,1,60,15,78,700,408,640,893,355,4.06,6.4518,0.4351,473,850
Mission Bay,House,2,21,18,72,795,655,700,795,346,3.52,6.6249,0.2996,616,922
Mission Bay,House,3,39,45,108,970,800,935,1100,206,4.02,6.8558,0.2092,824,1093
Mission Bay,House,4,18,21,60,1271,961,1100,1475,564,3.79,7.0736,0.3778,915,1523
Mission Bay,House,5+,6,9,18,1388,1338,1450,1500,165,3.79,7.2295,0.1256,1267,1501
Mission Bay,House,NA,18,24,45,1122,850,1040,1200,431,4,6.97,0.3141,861,1315
Mission Heights North,Apartment,2,12,9,24,581,546,595,600,38,3.93,6.3628,0.0653,555,606
Mission Heights North,House,1,21,3,24,716,575,650,880,206,4.02,6.5356,0.2794,571,832
Mission Heights North,House,3,12,12,27,653,638,673,700,73,3.81,6.4753,0.1179,599,703
Mission Heights North,House,4,6,6,24,830,743,820,883,112,4.14,6.7137,0.1321,753,900
Mission Heights North,House,5+,15,12,66,1025,985,1000,1100,79,4.08,6.9301,0.0765,971,1077
Mission Heights North,House,NA,6,9,30,793,619,730,1020,251,4,6.6304,0.3217,610,941
Mission Heights South,Apartment,1,6,12,21,500,500,500,500,,3.88,6.2146,0,500,500
Mission Heights South,House,1,18,3,24,767,608,750,850,263,3.82,6.5888,0.3376,579,913
Mission Heights South,House,2,9,3,12,490,440,500,525,70,2.49,6.1858,0.1415,442,534
Mission Heights South,House,3,12,12,39,747,720,753,766,35,4.09,6.6144,0.0468,723,770
Mission Heights South,House,4,9,12,39,853,798,850,910,69,3.82,6.746,0.0805,806,898
Mission Heights South,House,5+,12,9,51,1052,953,1040,1243,220,3.78,6.9334,0.2477,868,1213
Morningside (Auckland),Apartment,1,15,18,42,493,470,480,520,40,3.74,6.1977,0.0808,466,519
Morningside (Auckland),Apartment,2,18,9,54,581,521,578,638,76,3.64,6.3565,0.1288,528,629
Morningside (Auckland),Apartment,3,9,6,18,711,673,715,750,62,10.54,6.5639,0.0884,668,753
Morningside (Auckland),Flat,1,9,12,66,426,430,450,500,134,3.98,5.9615,0.5563,267,565
Morningside (Auckland),Flat,2,18,27,102,570,548,570,600,51,3.75,6.3424,0.0909,534,604
Morningside (Auckland),House,1,42,6,54,629,473,588,728,259,4.1,6.3401,0.5276,397,809
Morningside (Auckland),House,2,18,18,54,609,514,575,636,168,3.69,6.3806,0.2467,500,697
Morningside (Auckland),House,3,21,27,72,694,645,700,840,222,3.71,6.4728,0.4245,486,862
Morningside (Auckland),House,4,6,12,42,1062,905,1060,1238,190,3.87,6.954,0.1814,927,1184
Morningside (Auckland),House,NA,12,9,24,705,559,655,743,203,3.81,6.5261,0.2533,576,810
Mount Albert Central,Apartment,1,6,6,6,503,463,510,550,56,4,6.2148,0.113,463,540
Mount Albert Central,Apartment,2,6,9,21,437,404,498,515,189,3.88,5.9352,0.6731,240,595
Mount Albert Central,Boarding House,1,12,3,18,427,425,425,425,7,4,6.0569,0.0165,422,432
Mount Albert Central,Flat,2,39,42,81,538,425,425,550,291,3.35,6.2143,0.3297,400,624
Mount Albert Central,House,1,54,9,51,658,518,605,753,212,3.88,6.4314,0.3816,480,803
Mount Albert Central,House,2,24,21,54,686,631,728,750,90,4.01,6.5223,0.1401,619,748
Mount Albert Central,House,3,15,18,54,794,720,780,840,90,3.7,6.6714,0.1108,733,851
Mount Albert Central,House,4,9,12,33,1066,950,1000,1025,319,4,6.9401,0.2484,874,1221
Mount Albert Central,House,NA,24,15,48,582,455,510,688,175,3.81,6.3323,0.2509,475,666
Mount Albert North,Apartment,2,9,9,33,584,560,595,600,43,3.68,6.3673,0.0735,554,612
Mount Albert North,Flat,1,12,3,30,421,440,445,473,119,3.22,5.9622,0.5171,274,551
Mount Albert North,Flat,2,9,21,87,579,550,595,595,47,3.8,6.3581,0.0831,546,610
Mount Albert North,House,1,42,3,39,675,538,593,756,201,3.73,6.4771,0.2713,541,781
Mount Albert North,House,2,12,18,63,590,566,610,645,93,3.72,6.3636,0.2023,506,665
Mount Albert North,House,3,27,21,99,785,720,800,850,91,3.53,6.6588,0.1213,718,846
Mount Albert North,House,NA,6,9,18,715,640,705,740,106,3.86,6.5637,0.1417,644,780
Mount Albert South,Apartment,1,6,6,9,435,435,450,450,30,3.73,6.0735,0.0716,414,456
Mount Albert South,Flat,2,6,6,21,536,564,598,623,184,3.73,6.1581,0.6729,300,744
Mount Albert South,House,1,15,3,18,791,650,845,880,225,3.63,6.6348,0.2949,624,929
Mount Albert South,House,2,6,6,12,673,600,663,758,89,4,6.5043,0.1326,611,731
Mount Albert South,House,3,15,6,36,822,800,820,850,67,3.86,6.7088,0.0857,774,868
Mount Albert South,House,4,9,0,21,921,803,950,1073,366,4.45,6.7324,0.5132,594,1186
Mount Albert South,House,NA,9,6,21,1003,850,1000,1100,332,4.08,6.862,0.3437,758,1205
Mount Albert West,Apartment,NA,48,3,48,629,559,610,695,78,4.31,6.4365,0.1223,575,678
Mount Albert West,Boarding House,1,30,12,18,177,150,150,169,64,2.83,5.1317,0.2702,141,203
Mount Albert West,Boarding House,NA,9,18,9,195,145,150,240,62,2.99,5.2282,0.2994,152,228
Mount Albert West,Flat,1,15,18,30,440,450,450,455,53,3.95,6.0793,0.1287,400,476
Mount Albert West,Flat,2,9,9,48,553,520,550,590,44,3.88,6.3121,0.0809,522,582
Mount Albert West,House,1,30,3,33,596,474,600,700,135,3.91,6.3629,0.2435,492,683
Mount Albert West,House,2,12,15,33,581,548,565,603,81,3.52,6.3561,0.1332,527,630
Mount Albert West,House,3,9,27,48,728,660,750,840,112,3.66,6.5794,0.1632,645,804
Mount Albert West,House,4,9,3,27,630,370,800,830,317,3.94,6.2899,0.6587,346,841
Mount Eden East,Apartment,1,18,12,33,481,440,465,510,52,3.66,6.1712,0.1041,446,514
Mount Eden East,Apartment,2,18,12,48,596,549,585,645,92,3.76,6.3793,0.1558,531,655
Mount Eden East,Flat,1,12,12,51,491,478,490,499,39,3.55,6.1926,0.0796,464,516
Mount Eden East,Flat,2,24,21,87,588,560,600,650,139,4.06,6.3239,0.4073,424,734
Mount Eden East,House,1,21,6,30,765,495,620,800,483,4.07,6.5218,0.4502,502,921
Mount Eden East,House,2,9,12,39,618,575,625,665,82,3.73,6.4179,0.1348,559,671
Mount Eden East,House,3,12,6,36,762,686,808,874,196,3.91,6.5865,0.3733,564,933
Mount Eden East,House,4,12,9,39,1216,1075,1150,1275,337,4,7.0693,0.2746,977,1414
Mount Eden East,House,NA,9,6,18,1247,845,1100,1150,716,4,7.0015,0.5188,774,1558
Mount Eden North,Apartment,1,45,36,120,474,430,450,515,88,3.66,6.1416,0.2044,405,534
Mount Eden North,Apartment,2,33,36,87,656,555,605,690,187,3.02,6.4605,0.2097,555,737
Mount Eden North,Flat,1,45,45,165,448,435,460,480,85,3.71,6.0761,0.2775,361,525
Mount Eden North,Flat,2,21,30,108,557,515,550,595,85,3.54,6.3097,0.1784,488,620
Mount Eden North,House,1,51,9,66,635,480,530,598,356,4.02,6.363,0.3828,448,751
Mount Eden North,House,2,9,12,36,666,600,620,670,215,3.91,6.4633,0.2813,530,775
Mount Eden North,House,3,6,15,30,819,761,843,900,102,4,6.7018,0.1275,747,887
Mount Eden North,House,4,9,9,24,1149,1100,1160,1285,151,4.14,7.0384,0.1378,1038,1251
Mount Eden North,House,NA,9,9,24,636,440,550,760,217,4,6.4052,0.3334,483,758
Mount Eden North East,Apartment,1,21,15,33,562,453,560,665,114,3.88,6.3109,0.2095,478,634
Mount Eden North East,Apartment,2,42,30,72,745,674,743,800,112,3.86,6.6031,0.1495,667,816
Mount Eden North East,Apartment,3,9,0,24,1126,1074,1260,1276,251,4,6.9994,0.2686,914,1314
Mount Eden North East,Apartment,NA,6,0,6,700,588,660,772,168,3.48,6.5298,0.2312,586,801
Mount Eden North East,House,1,27,3,36,694,640,720,775,110,3.97,6.529,0.1718,610,769
Mount Eden North East,House,2,18,15,45,826,704,740,796,282,3.79,6.681,0.2465,675,941
Mount Eden North East,House,3,6,21,45,773,750,773,799,37,3.83,6.6498,0.0477,748,798
Mount Eden North East,House,NA,18,21,30,707,628,735,778,86,4,6.5542,0.1243,646,764
Mount Eden South,Apartment,1,9,6,15,466,425,450,508,47,4.16,6.1393,0.0992,434,496
Mount Eden South,Apartment,2,6,6,18,583,555,573,635,57,3.72,6.3642,0.0987,543,621
Mount Eden South,Flat,1,9,12,30,478,440,450,510,59,3.86,6.1631,0.1194,438,515
Mount Eden South,Flat,2,18,18,60,578,519,600,631,74,3.6,6.3522,0.1337,524,628
Mount Eden South,House,1,21,3,24,899,580,750,1248,394,4.16,6.712,0.4353,613,1103
Mount Eden South,House,2,12,15,45,745,580,680,826,236,3.66,6.5698,0.3019,582,874
Mount Eden South,House,3,27,24,72,808,745,780,890,105,3.91,6.686,0.1297,734,874
Mount Eden South,House,4,30,27,63,1009,899,1025,1100,178,3.62,6.9012,0.1844,877,1125
Mount Eden South,House,5+,9,3,15,1139,1100,1200,1238,178,3.54,7.0262,0.1728,1002,1265
Mount Eden South,House,NA,9,15,18,1087,860,1050,1300,283,4,6.9588,0.2733,875,1265
Mount Eden West,Apartment,1,33,18,42,512,463,520,550,54,3.98,6.2326,0.1103,473,548
Mount Eden West,Apartment,2,12,6,18,633,608,635,663,66,3.92,6.4458,0.108,586,678
Mount Eden West,Flat,1,15,21,81,399,405,440,460,133,3.83,5.8771,0.594,239,533
Mount Eden West,Flat,2,12,18,45,529,475,535,565,70,3.66,6.2637,0.1325,480,574
Mount Eden West,House,1,42,3,51,766,530,610,875,376,3.88,6.5471,0.4187,526,925
Mount Eden West,House,3,9,15,57,832,798,850,905,232,3.88,6.6706,0.3818,610,1021
Mount Eden West,House,4,9,9,39,1015,863,990,1075,221,3.71,6.9039,0.1931,875,1135
Mount Eden West,House,NA,6,12,21,1076,659,800,1115,769,3.05,6.8023,0.6073,597,1355
Mount Eden West,Room,1,6,0,15,231,230,245,313,118,3.57,5.0191,1.4493,57,402
Mount Roskill Central North,Flat,2,6,3,27,531,473,538,596,78,3.44,6.2671,0.1475,477,582
Mount Roskill Central North,House,1,18,3,18,722,665,700,800,155,3.92,6.5576,0.2302,603,823
Mount Roskill Central North,House,2,12,6,42,657,585,623,629,176,4.45,6.4632,0.2123,556,740
Mount Roskill Central North,House,3,36,30,117,741,663,720,879,113,3.85,6.5972,0.1533,661,813
Mount Roskill Central North,House,4,15,12,42,886,795,899,935,126,4.12,6.7773,0.1415,798,966
Mount Roskill Central North,House,5+,9,3,18,1025,950,1025,1090,140,3.75,6.9244,0.1378,927,1116
Mount Roskill Central South,House,1,18,3,18,717,650,735,768,129,3.92,6.5601,0.1737,628,794
Mount Roskill Central South,House,3,36,18,72,699,710,710,750,113,3.59,6.5281,0.2367,583,803
Mount Roskill Central South,House,4,9,3,27,808,755,800,845,98,3.88,6.6879,0.1234,739,872
Mount Roskill North,Apartment,1,6,9,18,500,475,510,535,53,4,6.2102,0.1089,463,536
Mount Roskill North,Apartment,2,6,6,12,628,558,630,700,84,4,6.435,0.1342,569,682
Mount Roskill North,Flat,1,6,3,27,503,479,520,520,31,3.31,6.2179,0.0635,481,524
Mount Roskill North,House,1,21,3,27,692,545,675,873,230,4.05,6.4853,0.3483,518,829
Mount Roskill North,House,2,15,15,51,658,565,600,695,160,3.7,6.4659,0.211,558,741
Mount Roskill North,House,3,30,42,123,767,710,780,823,97,3.63,6.6352,0.125,700,828
Mount Roskill North,House,4,12,15,60,810,813,850,909,174,4.01,6.6667,0.2826,649,951
Mount Roskill North,House,5+,6,3,15,1042,1010,1085,1138,159,4.09,6.9376,0.1679,920,1154
Mount Roskill South,Flat,2,6,3,18,534,515,535,554,29,4,6.2788,0.055,514,553
Mount Roskill South,House,1,9,0,9,722,640,710,858,143,4.2,6.5622,0.2133,613,817
Mount Roskill South,House,3,15,12,75,721,660,700,805,102,3.95,6.5708,0.148,646,789
Mount Roskill South,House,4,21,15,48,860,795,840,950,105,3.88,6.7502,0.1212,787,927
Mount Roskill South,House,NA,6,9,24,706,550,725,938,347,4,6.4011,0.7039,375,969
Mount Roskill White Swan,House,1,36,3,39,676,588,665,743,190,4.16,6.455,0.4259,477,847
Mount Roskill White Swan,House,2,18,12,48,621,576,640,670,67,3.61,6.4261,0.1133,572,667
Mount Roskill White Swan,House,3,48,54,177,693,666,700,750,81,3.81,6.5322,0.1509,620,761
Mount Roskill White Swan,House,4,18,18,54,807,753,808,850,74,3.84,6.6895,0.0926,755,856
Mount Roskill White Swan,House,5+,6,3,15,1003,955,1045,1093,130,4,6.9035,0.1364,908,1092
Mount Roskill White Swan,House,NA,9,18,27,677,590,680,700,131,3.88,6.5024,0.1774,592,751
Mount St John,Apartment,1,6,9,12,507,459,514,563,69,4,6.2215,0.1378,459,552
Mount St John,Apartment,2,9,12,27,621,555,580,683,96,4,6.4216,0.148,557,680
Mount St John,Flat,1,6,6,24,433,406,430,456,37,4,6.0669,0.0845,407,457
Mount St John,Flat,2,24,27,96,597,561,580,620,58,3.96,6.3877,0.0942,558,633
Mount St John,Flat,3,6,6,18,704,665,688,736,60,3.48,6.5541,0.0836,664,743
Mount St John,House,1,51,6,54,697,405,580,875,331,4.03,6.4496,0.4337,472,847
Mount St John,House,2,12,15,45,820,675,718,749,452,3.06,6.6355,0.3377,607,956
Mount St John,House,3,12,18,84,907,769,865,983,203,4.12,6.7905,0.1964,779,1015
Mount St John,House,4,15,15,51,1216,1050,1150,1150,564,3.49,7.0384,0.3422,905,1435
Mount St John,House,5+,6,6,24,1312,1080,1388,1470,742,3.98,6.9346,0.929,549,1922
Mount St John,House,NA,24,21,42,546,375,385,705,291,3.86,6.1969,0.4408,365,661
Mount Wellington Central,Apartment,1,105,66,144,615,600,615,650,59,3.9,6.4161,0.1062,569,657
Mount Wellington Central,Apartment,2,78,51,132,754,749,765,805,104,3.9,6.6146,0.15,674,825
Mount Wellington Central,Apartment,3,9,3,9,1111,1062,1150,1175,121,4,7.0072,0.1139,1023,1193
Mount Wellington Central,Boarding House,NA,9,3,15,373,370,370,380,14,4,5.9206,0.0371,363,382
Mount Wellington Central,Flat,2,12,24,75,533,530,550,595,116,3.85,6.2377,0.3535,403,649
Mount Wellington Central,House,1,42,6,48,616,538,645,713,269,3.99,6.2865,0.6148,355,813
Mount Wellington Central,House,2,18,18,78,595,553,610,646,58,4.05,6.3839,0.0999,554,634
Mount Wellington Central,House,3,45,42,195,712,680,715,740,109,3.93,6.5519,0.2004,612,802
Mount Wellington Central,House,4,30,15,78,969,850,880,900,493,3.8,6.8202,0.2801,758,1107
Mount Wellington Central,House,5+,6,3,15,896,799,895,993,114,4,6.7921,0.1278,817,971
Mount Wellington Central,House,NA,12,21,36,531,408,520,713,215,3.5,6.1544,0.5979,315,705
Mount Wellington Central,Room,NA,6,12,3,400,400,400,400,19,3.33,5.9905,0.0475,387,413
Mount Wellington East,Apartment,2,12,9,21,521,483,518,579,86,3.5,6.2425,0.1761,457,579
Mount Wellington East,Flat,2,18,12,72,575,550,560,585,64,3.89,6.3488,0.1006,534,612
Mount Wellington East,House,1,21,3,27,652,568,650,715,191,3.85,6.4383,0.3096,507,771
Mount Wellington East,House,2,12,18,42,545,491,513,594,64,3.65,6.294,0.114,501,585
Mount Wellington East,House,3,24,18,129,659,615,678,713,127,4.08,6.458,0.3087,518,785
Mount Wellington East,House,4,21,9,39,769,720,750,850,84,3.09,6.6398,0.1075,711,822
Mount Wellington East,House,NA,9,15,21,661,600,645,650,234,3.72,6.4453,0.3234,506,783
Mount Wellington East,Room,1,9,3,3,393,385,395,425,48,2.5,5.9661,0.1344,356,427
Mount Wellington East,Room,NA,6,6,3,421,389,440,450,43,2.87,6.0378,0.1048,390,450
Mount Wellington Ferndale,Apartment,2,18,9,33,587,528,575,650,79,3.81,6.3663,0.1349,531,637
Mount Wellington Ferndale,Flat,2,18,24,87,568,524,568,605,48,4,6.3379,0.084,534,599
Mount Wellington Ferndale,House,1,54,3,54,613,520,598,713,142,4.13,6.3896,0.2529,502,706
Mount Wellington Ferndale,House,2,27,33,96,565,545,580,605,106,3.72,6.2972,0.3618,425,693
Mount Wellington Ferndale,House,3,33,51,141,698,650,700,750,69,3.9,6.544,0.1026,649,745
Mount Wellington Ferndale,House,4,12,12,42,764,700,740,838,93,3.96,6.632,0.1218,699,824
Mount Wellington Ferndale,House,NA,9,9,24,685,600,630,690,173,4,6.505,0.2271,574,779
Mount Wellington North East,Apartment,1,9,12,18,488,440,490,545,60,4,6.1842,0.1244,446,527
Mount Wellington North East,Apartment,2,18,21,39,578,555,585,608,37,4.12,6.3582,0.0651,552,603
Mount Wellington North East,Flat,2,12,18,57,565,550,570,583,38,3.83,6.3347,0.0692,538,591
Mount Wellington North East,Flat,3,6,6,9,613,588,615,640,32,4,6.4165,0.0524,591,634
Mount Wellington North East,House,1,24,0,27,525,430,550,584,99,4.24,6.2475,0.1873,455,586
Mount Wellington North East,House,2,15,15,39,566,495,570,650,85,3.92,6.3286,0.1515,506,621
Mount Wellington North East,House,3,12,15,66,708,653,703,749,82,3.98,6.5556,0.1142,651,759
Mount Wellington North East,House,4,12,12,24,787,780,808,888,170,4.23,6.6366,0.2906,627,928
Mount Wellington North East,House,NA,6,6,6,683,573,615,725,183,3.8,6.5016,0.2466,564,787
Mount Wellington North West,Apartment,1,6,6,18,465,450,450,488,32,3.85,6.1401,0.068,443,486
Mount Wellington North West,Apartment,2,12,6,27,544,504,548,568,41,3.92,6.2955,0.0752,515,570
Mount Wellington North West,Flat,2,12,15,81,557,510,570,599,51,3.87,6.3188,0.0941,521,591
Mount Wellington North West,House,1,36,6,36,605,508,620,694,135,4.25,6.3615,0.3635,453,740
Mount Wellington North West,House,2,18,24,69,593,558,590,635,58,3.88,6.3809,0.0989,552,631
Mount Wellington North West,House,3,30,21,90,733,650,680,800,110,3.89,6.5865,0.1419,659,798
Mount Wellington North West,House,4,6,6,24,896,795,833,925,159,4,6.7849,0.1656,791,989
Mount Wellington North West,House,NA,6,15,21,668,643,673,700,118,4,6.4899,0.1865,581,747
Mount Wellington South East,Apartment,2,6,3,9,533,506,533,548,55,4,6.2747,0.1024,496,569
Mount Wellington South East,Flat,2,9,12,42,491,460,480,520,55,3.69,6.1911,0.112,453,527
Mount Wellington South East,House,1,27,3,33,591,520,595,650,138,4.36,6.3471,0.2971,467,697
Mount Wellington South East,House,2,6,9,36,585,553,575,590,51,3.66,6.3686,0.0835,551,617
Mount Wellington South East,House,3,18,21,78,678,650,700,710,47,3.79,6.5165,0.0701,645,709
Mount Wellington South East,House,NA,15,6,27,626,605,620,695,169,4,6.3646,0.5007,414,814
Mount Wellington South West,Flat,2,12,12,27,553,508,555,595,59,3.52,6.3092,0.1085,511,591
Mount Wellington South West,House,1,54,6,54,701,650,700,784,136,4.2,6.5265,0.2616,573,815
Mount Wellington South West,House,2,48,42,75,618,600,630,650,56,3.95,6.4215,0.0936,577,655
Mount Wellington South West,House,3,42,48,126,662,645,680,720,122,3.82,6.4721,0.2339,552,757
Mount Wellington South West,House,4,15,21,33,737,720,760,850,166,3.69,6.5627,0.3383,564,890
Mount Wellington South West,House,NA,60,24,99,697,650,700,750,89,4.82,6.5382,0.1345,631,757
Mount Wellington South West,Room,1,6,0,6,317,298,350,350,55,3.63,5.7434,0.1932,274,356
Mount Wellington West,Flat,2,6,6,18,496,510,540,553,130,3.83,6.1539,0.3929,361,613
Mount Wellington West,House,1,30,3,30,707,650,700,760,108,4.12,6.5495,0.1559,629,776
Mount Wellington West,House,2,21,18,48,619,555,625,670,59,3.67,6.4238,0.0964,578,658
Mount Wellington West,House,3,45,54,153,690,650,700,750,139,3.84,6.5075,0.2776,556,808
Mount Wellington West,House,4,15,15,45,797,796,850,910,202,6.75,6.6191,0.4447,555,1011
Mount Wellington West,House,NA,15,12,33,737,670,750,790,72,4.15,6.5976,0.0973,687,783
Murrays Bay East,House,1,9,3,12,950,660,850,1350,399,3.91,6.7681,0.4603,638,1186
Murrays Bay East,House,2,9,3,27,657,530,600,675,213,3.26,6.4508,0.2804,524,765
Murrays Bay East,House,3,18,18,54,853,738,795,931,189,3.86,6.7299,0.1929,735,953
Murrays Bay East,House,4,12,12,33,1216,915,998,1188,570,3.86,7.0362,0.3464,900,1436
Murrays Bay East,House,5+,6,6,15,1347,1033,1190,1363,546,3.99,7.1497,0.3476,1008,1610
Murrays Bay West,House,1,24,0,27,833,685,850,915,240,4.24,6.6819,0.3117,647,985
Murrays Bay West,House,3,12,18,60,766,743,765,800,80,4,6.6356,0.1076,708,819
Murrays Bay West,House,4,9,15,51,1068,980,1150,1200,178,3.42,6.9596,0.1798,933,1189
Murrays Bay West,House,5+,6,6,18,818,535,750,1213,416,3.82,6.5697,0.5862,480,1059
Murrays Bay West,House,NA,6,6,24,988,735,1075,1138,313,4,6.849,0.3458,747,1191
Narrow Neck,Flat,1,6,3,21,513,448,473,493,138,3.79,6.2162,0.2201,432,581
Narrow Neck,Flat,2,6,6,33,662,571,595,656,172,4.25,6.4713,0.2265,555,753
Narrow Neck,House,1,24,3,27,735,506,700,898,257,4.47,6.5465,0.3299,558,870
Narrow Neck,House,2,9,18,39,717,620,690,800,120,4.02,6.5628,0.1613,635,790
Narrow Neck,House,3,27,30,87,848,785,850,900,130,3.66,6.7314,0.1529,756,929
Narrow Neck,House,4,9,12,27,1507,950,1100,1500,869,3.67,7.1984,0.4902,961,1861
Narrow Neck,House,5+,6,6,6,1360,1253,1385,1493,162,3.76,7.2098,0.1213,1246,1468
New Lynn Central,Apartment,1,6,9,24,474,450,460,490,31,3.98,6.1589,0.0634,453,494
New Lynn Central,Apartment,2,9,9,45,555,540,565,595,81,4,6.3075,0.1669,490,614
New Lynn Central,House,1,6,0,9,531,480,508,581,59,4,6.2699,0.1091,491,569
New Lynn Central,House,NA,9,12,18,504,485,500,540,43,4,6.2199,0.0877,474,533
New Lynn Central South,Apartment,1,15,21,69,379,380,385,420,85,4,5.8895,0.3914,277,470
New Lynn Central South,House,1,66,6,66,535,419,598,696,215,4.03,6.1617,0.5617,325,693
New Lynn Central South,House,2,15,12,78,574,540,595,610,42,3.85,6.3504,0.0764,544,603
New Lynn Central South,House,3,33,39,135,650,615,640,700,57,3.9,6.4732,0.0874,610,687
New Lynn Central South,House,NA,21,9,54,634,570,600,698,97,4,6.4428,0.1382,572,690
New Lynn North,Flat,2,6,9,60,581,524,550,570,147,3.6,6.3408,0.2213,489,659
New Lynn North,House,1,48,3,51,550,440,590,640,126,3.72,6.2727,0.3166,428,656
New Lynn North,House,2,18,27,90,568,535,588,600,61,3.96,6.3359,0.1125,523,609
New Lynn North,House,3,27,42,129,664,630,650,700,59,4.01,6.4947,0.0904,622,703
New Lynn North,House,4,9,6,33,741,630,750,830,107,4,6.5981,0.1449,665,809
New Lynn North,House,NA,15,9,39,564,430,480,680,167,3.67,6.2956,0.2848,447,657
New Lynn North West,Boarding House,NA,6,12,3,340,340,340,340,,4,5.8289,0,340,340
New Lynn North West,Flat,1,6,6,18,385,345,380,420,55,4,5.9456,0.1425,347,421
New Lynn North West,House,1,54,6,60,556,500,585,658,169,4.03,6.2386,0.4847,369,710
New Lynn North West,House,2,21,27,72,570,530,565,630,66,4,6.3397,0.1212,522,615
New Lynn North West,House,3,45,51,141,608,590,650,700,153,3.74,6.3645,0.3339,464,728
New Lynn North West,House,4,9,21,42,722,695,695,750,53,4,6.5794,0.0718,686,756
New Lynn North West,House,NA,12,15,27,580,525,573,625,214,4,6.2681,0.5281,369,753
New Lynn Seabrook,Flat,1,6,3,30,449,399,450,500,59,4,6.0999,0.1326,408,488
New Lynn Seabrook,House,1,33,0,36,598,500,630,670,130,3.95,6.3686,0.2308,499,681
New Lynn Seabrook,House,2,6,12,60,571,556,583,635,89,3.08,6.3358,0.1703,503,633
New Lynn Seabrook,House,3,24,42,117,673,650,673,690,47,3.79,6.5099,0.0685,641,704
New Lynn Seabrook,House,NA,6,12,27,597,534,683,713,210,4,6.2991,0.5277,381,777
New Lynn South,Apartment,2,12,6,30,535,520,540,550,44,4,6.2791,0.0832,504,564
New Lynn South,Flat,2,15,24,81,505,500,525,555,109,3.77,6.1823,0.3616,379,618
New Lynn South,House,1,51,3,60,651,540,650,750,170,4.07,6.4307,0.3645,485,794
New Lynn South,House,2,21,36,81,496,515,545,573,167,3.77,6.081,0.631,286,670
New Lynn South,House,3,39,45,207,666,630,675,700,96,3.69,6.4883,0.1828,581,744
New Lynn South,House,4,21,12,66,789,755,790,833,89,3.93,6.6652,0.11,729,845
New Lynn South,House,NA,12,6,48,719,619,670,805,152,3.9,6.5587,0.2036,615,809
New Windsor North,Apartment,4,6,0,6,408,400,400,420,10,4,6.0098,0.0253,401,414
New Windsor North,House,1,36,6,33,595,420,650,730,169,4,6.3456,0.3004,465,698
New Windsor North,House,2,9,6,18,578,558,595,600,29,4,6.3579,0.0517,557,598
New Windsor North,House,3,36,36,135,674,643,680,700,63,3.95,6.5092,0.1007,627,718
New Windsor North,House,4,30,15,60,743,669,800,850,206,3.59,6.5635,0.3286,568,885
New Windsor North,House,NA,30,18,39,559,420,470,710,157,4,6.2883,0.277,447,649
New Windsor South,House,1,30,0,36,669,550,650,730,213,4.24,6.4521,0.3592,498,808
New Windsor South,House,2,12,12,27,606,558,590,620,82,4,6.3994,0.1242,553,654
New Windsor South,House,3,45,48,180,682,650,680,720,88,3.82,6.514,0.1565,607,750
New Windsor South,House,4,21,18,69,663,465,750,865,301,3.72,6.3363,0.659,362,881
New Windsor South,House,5+,6,3,15,713,656,850,908,374,4,6.3686,0.8576,327,1040
New Windsor South,House,NA,6,6,27,764,638,705,963,213,4,6.6025,0.2901,606,896
Newmarket,Apartment,1,45,33,129,526,450,500,550,138,3.68,6.2419,0.2013,449,589
Newmarket,Apartment,2,57,51,150,681,600,643,745,116,3.91,6.508,0.1794,594,757
Newmarket,Apartment,3,21,21,102,831,760,800,900,192,4.02,6.6941,0.258,679,961
Newmarket,Boarding House,1,6,6,0,313,309,313,316,6,3.99,5.7444,0.0207,308,317
Newmarket,Flat,1,6,9,36,443,413,465,493,94,3.66,6.0697,0.236,369,507
Newmarket,Flat,2,6,3,30,612,520,620,705,161,3.84,6.3851,0.2792,491,716
Newmarket,House,1,75,9,81,692,563,600,770,230,4.01,6.4958,0.282,548,801
Newmarket,House,2,9,9,27,673,565,650,758,128,3.92,6.4961,0.1801,587,748
Newmarket,House,3,18,12,60,922,818,940,981,189,3.72,6.8061,0.2088,785,1040
Newmarket,House,4,6,9,30,1086,1098,1225,1250,325,3.72,6.9144,0.4924,722,1403
Newmarket,House,NA,30,30,75,749,600,638,756,264,4,6.5705,0.2995,583,874
Ngatea,House,1,6,0,9,623,553,620,695,77,4,6.4287,0.1241,570,673
Ngatea,House,3,15,9,57,506,371,550,600,133,3.23,6.1908,0.2786,405,589
North Harbour,Apartment,1,6,12,21,492,450,490,523,65,3.8,6.1907,0.1306,447,533
North Harbour,Apartment,2,9,9,27,591,530,600,630,69,3.87,6.3749,0.1178,542,635
North Harbour,House,1,9,3,12,570,510,540,655,132,4,6.3209,0.2348,475,651
North Harbour,House,NA,9,3,15,613,511,605,650,150,3.58,6.394,0.2347,511,701
Northcote Central (Auckland),Apartment,1,12,12,15,615,528,595,645,110,4,6.4082,0.1702,541,681
Northcote Central (Auckland),Apartment,2,6,15,33,642,623,635,663,33,4,6.463,0.0513,619,664
Northcote Central (Auckland),Apartment,3,6,3,9,598,570,700,728,240,4,6.3005,0.5481,376,789
Northcote Central (Auckland),House,1,42,12,42,642,616,638,678,140,4.12,6.439,0.237,533,734
Northcote Central (Auckland),House,2,6,6,24,618,581,645,685,91,3.89,6.4162,0.1589,550,681
Northcote Central (Auckland),House,3,21,36,78,794,660,720,750,401,3.19,6.6186,0.2926,615,912
Northcote Central (Auckland),House,4,12,12,39,790,725,875,928,204,3.8,6.6282,0.3365,603,949
Northcote Central (Auckland),House,NA,27,18,51,673,590,640,660,214,3.9,6.4789,0.2394,554,765
Northcote Point (Auckland),House,1,24,0,24,833,628,850,905,276,4.52,6.6727,0.3354,630,991
Northcote Point (Auckland),House,2,9,15,45,723,645,685,723,163,3.76,6.5651,0.1864,626,805
Northcote Point (Auckland),House,3,18,21,60,785,718,785,891,233,3.67,6.5767,0.55,496,1041
Northcote Point (Auckland),House,4,15,9,27,1083,890,1000,1200,230,3.95,6.9678,0.2016,927,1217
Northcote Point (Auckland),House,NA,9,3,15,969,855,950,1050,149,4,6.8662,0.1486,868,1060
Northcote South (Auckland),Flat,2,9,15,39,597,573,585,620,44,3.64,6.39,0.071,568,625
Northcote South (Auckland),House,1,18,9,18,625,479,620,653,210,4.01,6.3911,0.3105,484,735
Northcote South (Auckland),House,2,15,12,33,611,595,600,650,50,3.84,6.4119,0.0885,574,647
Northcote South (Auckland),House,3,18,24,66,744,743,768,795,158,3.99,6.5788,0.2973,589,879
Northcote South (Auckland),House,4,12,12,42,893,735,925,998,154,3.86,6.781,0.1754,783,992
Northcote South (Auckland),House,5+,6,3,15,414,181,193,650,360,3.37,5.7314,0.8084,179,532
Northcote South (Auckland),House,NA,6,6,12,643,550,600,693,127,4,6.4515,0.189,558,720
Northcote Tuff Crater,Flat,2,6,6,30,537,471,565,595,82,3.73,6.275,0.1605,477,592
Northcote Tuff Crater,House,1,15,0,21,767,600,780,900,182,4.17,6.6154,0.2395,635,877
Northcote Tuff Crater,House,2,9,9,27,616,550,565,698,97,3.59,6.4122,0.1567,548,677
Northcote Tuff Crater,House,3,12,15,54,577,425,688,760,266,3.71,6.2024,0.6566,317,769
Northcote Tuff Crater,House,4,9,9,33,933,820,980,990,160,4,6.8258,0.1711,821,1034
Northcross,House,1,18,0,27,748,650,730,831,156,4.1,6.5971,0.2068,638,843
Northcross,House,2,9,6,27,615,530,620,650,157,3.89,6.3919,0.2539,503,709
Northcross,House,3,27,39,93,734,695,750,815,115,4.02,6.582,0.2042,629,829
Northcross,House,4,24,18,66,890,863,900,950,93,4.02,6.7861,0.1098,822,954
Northcross,House,NA,6,6,21,793,751,820,863,118,4,6.6649,0.1644,702,876
Northpark North,House,1,6,3,9,757,665,745,863,117,4.3,6.6187,0.1554,674,832
Northpark North,House,2,6,6,18,713,625,645,800,125,4,6.5567,0.1679,629,788
Northpark North,House,3,24,21,99,752,720,750,784,44,4.05,6.6209,0.0596,721,781
Northpark North,House,4,24,27,108,834,801,850,854,58,4.12,6.724,0.0691,794,872
Northpark North,House,5+,6,3,9,983,943,955,1065,99,3.47,6.8868,0.1001,915,1048
Northpark South,House,1,9,0,12,827,765,850,890,83,4,6.7127,0.1043,767,883
Northpark South,House,3,15,18,51,765,750,750,790,32,4.13,6.6395,0.0427,743,787
Northpark South,House,4,12,12,51,827,805,850,865,69,3.49,6.7149,0.0855,778,874
Okahukura Peninsula,House,1,12,3,9,471,405,455,565,103,3.88,6.1311,0.2363,392,539
Okahukura Peninsula,House,3,9,12,24,614,560,600,690,94,4.51,6.4104,0.1516,549,674
Okura Bush,House,1,9,0,9,764,645,750,850,168,4.09,6.6172,0.2238,643,870
Okura Bush,House,4,6,3,24,1065,945,1080,1200,158,3.78,6.9624,0.1498,955,1168
Okura Bush,House,5+,6,6,12,1361,1250,1323,1434,143,4,7.2121,0.1032,1265,1453
One Tree Hill,Apartment,2,12,3,30,585,549,588,606,44,4.09,6.3683,0.0757,554,614
One Tree Hill,Flat,1,9,3,27,481,415,450,450,147,3.66,6.1457,0.2519,394,553
One Tree Hill,Flat,2,18,27,120,569,538,550,615,70,3.62,6.3366,0.1246,519,614
One Tree Hill,House,1,51,3,57,691,560,685,795,185,4.28,6.4882,0.3676,513,842
One Tree Hill,House,2,27,30,102,584,560,595,620,115,4.05,6.3172,0.437,413,744
One Tree Hill,House,3,42,39,153,753,708,750,795,87,3.89,6.6171,0.1195,690,811
One Tree Hill,House,4,24,15,51,912,880,910,945,120,3.9,6.8074,0.1294,829,987
One Tree Hill,House,5+,6,0,12,984,838,923,1069,220,3.78,6.8737,0.2133,837,1116
One Tree Hill,House,NA,9,12,39,802,700,795,920,180,4,6.6642,0.2261,673,913
Onehunga Central,Apartment,1,15,12,48,526,490,510,570,48,3.66,6.2623,0.0908,493,558
Onehunga Central,Apartment,2,24,18,72,595,570,593,620,48,3.86,6.3851,0.0808,561,626
Onehunga Central,Apartment,NA,6,0,9,681,608,675,749,89,4,6.5175,0.1312,620,740
Onehunga Central,Flat,1,12,12,33,462,450,450,460,32,3.81,6.1325,0.064,441,481
Onehunga Central,Flat,2,6,12,75,714,514,540,563,699,2.94,6.2497,0.8812,286,938
Onehunga Central,House,1,54,15,75,565,466,588,644,132,3.93,6.3052,0.2739,455,658
Onehunga Central,House,2,21,27,75,565,555,590,600,114,3.86,6.293,0.3755,420,697
Onehunga Central,House,3,21,24,102,752,690,750,850,99,3.85,6.6141,0.1385,679,819
Onehunga Central,House,4,9,12,24,795,730,830,850,81,3.74,6.6741,0.1044,738,849
Onehunga Central,House,NA,42,27,69,630,610,630,680,147,3.7,6.4115,0.2867,502,739
Onehunga Central,Room,1,21,6,21,381,350,400,430,68,2.28,5.9269,0.194,329,427
Onehunga North,Apartment,2,15,6,36,582,550,570,600,51,3.94,6.3629,0.0882,546,615
Onehunga North,Flat,2,15,27,99,561,530,550,595,53,3.71,6.3249,0.0934,524,595
Onehunga North,House,1,48,3,51,722,581,655,850,200,4.07,6.5483,0.2578,587,831
Onehunga North,House,2,27,45,93,588,580,600,650,122,3.82,6.3516,0.2396,488,674
Onehunga North,House,3,24,27,108,748,705,760,820,123,3.78,6.5972,0.2376,624,860
Onehunga North,House,NA,6,12,33,832,599,980,985,252,4,6.6749,0.3504,626,1003
Onehunga West,Apartment,1,9,3,24,432,395,430,475,46,3.75,6.0627,0.1058,400,461
Onehunga West,Apartment,2,9,6,24,593,578,580,608,30,4,6.3839,0.0498,573,612
Onehunga West,Flat,2,9,18,39,539,475,550,568,115,3.24,6.2698,0.2103,458,609
Onehunga West,House,1,45,3,54,652,590,660,685,170,4.11,6.4507,0.2429,537,746
Onehunga West,House,2,18,21,63,606,594,605,643,48,3.97,6.4031,0.0832,571,639
Onehunga West,House,3,24,30,108,869,699,765,850,381,3.42,6.713,0.2995,672,1007
Onehunga West,House,4,9,18,48,885,783,800,910,214,4,6.7644,0.2087,753,997
Onehunga West,House,NA,12,15,48,719,665,685,735,129,4.09,6.565,0.1647,635,793
Onehunga-Te Papapa Industrial,Apartment,2,12,12,42,659,643,663,695,41,3.8,6.4893,0.0632,631,687
Onehunga-Te Papapa Industrial,House,1,30,0,30,616,550,595,655,136,4.14,6.4017,0.214,522,696
Onehunga-Te Papapa Industrial,House,2,6,18,36,552,589,598,613,146,3.86,6.2585,0.405,398,687
Onehunga-Te Papapa Industrial,House,NA,9,6,27,634,583,650,680,62,4,6.4473,0.0983,591,674
Oneroa East-Palm Beach,House,1,6,3,9,754,628,750,856,170,3.85,6.6039,0.2244,634,859
Oneroa East-Palm Beach,House,2,6,6,15,713,598,708,750,157,4.11,6.5507,0.2029,610,802
Oneroa East-Palm Beach,House,3,9,0,15,816,600,840,850,226,4.13,6.6724,0.262,662,943
Oneroa East-Palm Beach,House,NA,9,3,9,714,606,705,763,190,3.67,6.5427,0.253,585,823
Oneroa West,House,3,18,9,21,881,798,838,958,159,3.66,6.7663,0.1731,772,976
Oneroa West,House,NA,9,0,15,861,520,623,875,584,4.03,6.6151,0.5428,517,1076
Onetangi,House,1,6,3,6,553,543,550,611,119,3.26,6.289,0.2567,453,640
Onetangi,House,2,12,9,18,698,655,688,743,68,3.83,6.5433,0.097,651,742
Onetangi,House,3,15,12,21,821,700,800,900,166,3.96,6.6904,0.2082,699,926
Onetangi,House,NA,9,9,9,680,518,550,875,223,3.9,6.4771,0.3218,523,808
Onetangi,Room,1,6,6,0,200,200,200,200,,1.5,5.2983,0,200,200
Onetangi,Room,NA,15,12,6,200,200,200,200,,1.5,5.2983,0,200,200
Opaheke,House,1,33,3,33,665,600,650,720,123,4.07,6.4855,0.1686,585,735
Opaheke,House,2,6,6,12,582,560,580,608,28,3.65,6.3649,0.048,563,600
Opaheke,House,3,21,33,78,686,643,690,725,68,4,6.5256,0.0989,638,729
Opaheke,House,4,6,15,39,761,750,750,768,26,4,6.6345,0.0335,744,778
Opaheke,House,NA,15,9,36,626,600,650,685,156,4.07,6.389,0.3829,460,771
Orakei East,Apartment,2,6,6,12,558,500,505,563,108,4,6.3107,0.1793,488,621
Orakei East,House,1,12,3,15,875,614,698,900,397,4.57,6.699,0.3832,627,1051
Orakei East,House,2,6,12,33,728,688,725,735,77,4.22,6.5859,0.1005,677,776
Orakei East,House,3,12,15,69,936,850,900,1000,199,3.97,6.8215,0.21,796,1057
Orakei East,House,4,12,9,36,1169,1128,1150,1193,114,3.9,7.0597,0.0965,1091,1242
Orakei East,House,NA,6,3,15,990,855,1015,1150,398,4,6.8243,0.4661,672,1260
Orakei West,Apartment,2,6,9,21,784,600,738,894,256,3.49,6.6222,0.3156,607,930
Orakei West,House,1,18,3,21,1066,751,993,1188,567,4.54,6.8743,0.4313,723,1294
Orakei West,House,2,6,6,27,708,590,635,725,204,4,6.5338,0.2534,580,816
Orakei West,House,3,18,15,60,894,783,938,1065,260,3.59,6.7353,0.4023,642,1104
Orakei West,House,4,12,9,45,1341,1006,1200,1575,633,4.38,7.0723,0.5734,801,1736
Orakei West,House,NA,12,6,21,1207,970,1125,1163,515,4,7.0429,0.303,933,1404
Oranga,Flat,2,6,0,15,395,390,495,500,203,4,5.7809,0.8541,182,577
Oranga,House,1,21,6,30,659,553,615,780,163,4.41,6.4624,0.2388,545,753
Oranga,House,2,12,12,45,663,650,665,680,61,3.71,6.4918,0.0968,618,704
Oranga,House,3,21,24,69,716,671,725,758,83,3.78,6.5663,0.1207,655,771
Oranga,House,4,6,3,15,808,720,845,888,116,3.65,6.6859,0.1497,724,886
Oranga,House,NA,12,15,33,633,589,603,651,106,4,6.438,0.1564,563,695
Oratia,House,1,6,0,9,688,548,765,858,210,4.02,6.4826,0.3576,514,832
Oratia,House,2,6,6,15,571,534,598,635,95,3.56,6.3366,0.177,501,637
Orewa Central,Apartment,1,9,6,15,541,498,500,600,64,3.26,6.2879,0.1153,498,582
Orewa Central,Apartment,2,18,15,33,699,650,683,749,82,3.22,6.5429,0.1133,643,749
Orewa Central,Apartment,3,6,12,21,716,675,690,760,58,3.25,6.5703,0.0798,676,753
Orewa Central,Flat,2,6,6,27,673,580,625,718,219,2.93,6.4736,0.3116,525,799
Orewa Central,House,1,39,6,48,680,575,665,750,181,4.27,6.4951,0.225,569,770
Orewa Central,House,2,21,39,78,670,583,630,650,200,3.36,6.478,0.2235,560,757
Orewa Central,House,3,33,33,87,708,660,700,750,96,3.75,6.5541,0.1286,644,766
Orewa Central,House,4,6,9,21,925,815,930,1000,180,4,6.814,0.1953,798,1039
Orewa Central,House,NA,9,6,18,542,473,620,705,274,4.84,4.8497,4.1752,8,2134
Orewa North,Apartment,3,6,0,12,755,745,785,795,67,4,6.6235,0.0934,707,802
Orewa North,House,1,30,3,30,740,608,725,843,184,4.38,6.5769,0.247,608,849
Orewa North,House,2,21,9,24,592,550,580,610,60,3.81,6.3798,0.0936,554,628
Orewa North,House,3,27,21,54,775,720,760,780,90,3.91,6.6466,0.1103,715,830
Orewa North,House,4,27,24,48,861,798,850,900,70,4.08,6.7546,0.0804,813,906
Orewa North,House,5+,21,15,30,1103,998,1100,1150,128,3.94,6.999,0.1151,1014,1184
Orewa North,House,NA,30,12,81,743,600,730,850,162,4,6.5883,0.2162,628,841
Orewa South,Apartment,2,9,3,6,566,555,560,580,14,3.42,6.3378,0.0247,556,575
Orewa South,House,1,15,0,15,807,713,790,865,183,4.14,6.6697,0.2223,678,916
Orewa South,House,2,6,15,57,646,614,625,640,104,3.77,6.4598,0.1487,578,706
Orewa South,House,3,21,27,78,770,688,730,780,148,3.62,6.6321,0.1686,677,850
Orewa South,House,4,15,18,30,779,795,865,875,257,3.98,6.2113,1.8714,141,1761
Orewa South,House,5+,9,3,12,830,540,1000,1100,435,3.84,6.5282,0.7572,411,1140
Orewa South,House,NA,18,6,27,864,770,890,993,161,3.85,6.7427,0.2064,738,974
Ormiston East,Apartment,2,12,12,24,586,583,590,600,38,4,6.3704,0.0684,558,612
Ormiston East,Flat,2,27,12,45,531,500,520,565,57,3.17,6.2684,0.1068,491,567
Ormiston East,House,1,78,6,81,712,571,640,724,260,4.11,6.5014,0.392,511,868
Ormiston East,House,2,33,33,72,574,538,580,638,68,3.57,6.3458,0.1226,525,619
Ormiston East,House,3,45,33,81,693,673,690,715,45,3.88,6.5393,0.0628,663,722
Ormiston East,House,4,9,3,24,741,725,800,805,167,3.93,6.5696,0.3307,571,891
Ormiston East,House,5+,33,21,87,1195,1075,1250,1340,271,3.9,7.0421,0.3597,897,1458
Ormiston East,House,NA,54,45,129,799,590,650,805,698,3.59,6.5514,0.4425,520,944
Ormiston East,Room,NA,6,6,9,295,188,240,348,178,2.25,5.5634,0.5592,179,380
Ormiston North,Apartment,2,9,3,9,589,550,590,620,53,4,6.3756,0.0902,553,624
Ormiston North,House,1,12,0,12,754,610,748,848,165,4,6.6037,0.2142,639,853
Ormiston North,House,3,6,6,12,614,588,720,746,244,3.9,6.3298,0.5401,390,808
Ormiston North,House,4,15,18,57,841,793,830,860,83,3.44,6.7301,0.0911,787,890
Ormiston North,House,5+,9,6,30,956,940,970,1008,88,3.7,6.8593,0.0972,892,1017
Ormiston North,House,NA,12,6,21,829,680,793,888,189,4,6.6983,0.2133,702,937
Ormiston South,Boarding House,1,9,3,12,517,515,550,565,97,2.89,6.2256,0.246,428,597
Ormiston South,Boarding House,NA,6,6,6,454,386,445,513,85,2,6.1044,0.1871,395,508
Ormiston South,Flat,2,18,18,45,531,500,525,554,51,3.01,6.2703,0.0933,496,563
Ormiston South,House,1,45,0,45,861,650,860,1050,272,4.21,6.705,0.3372,650,1025
Ormiston South,House,2,12,9,27,468,413,543,550,136,3.17,6.0914,0.3908,340,575
Ormiston South,House,4,33,18,69,838,800,850,870,82,3.89,6.725,0.1123,772,899
Ormiston South,House,5+,33,27,99,1057,950,1075,1290,255,3.91,6.9281,0.2863,841,1238
Ormiston South,House,NA,24,18,75,976,758,1025,1138,269,4.04,6.8435,0.2943,769,1144
Ormiston South,Room,1,6,0,6,446,291,498,543,184,3.25,6.0135,0.4779,296,564
Ostend,House,1,12,3,15,594,475,600,663,135,4.02,6.3623,0.2309,496,677
Ostend,House,2,18,6,30,683,621,650,733,125,3.75,6.512,0.1734,599,757
Ostend,House,3,18,9,18,793,735,770,840,98,3.58,6.6695,0.1192,727,854
Ostend,House,NA,12,9,12,647,463,575,765,255,3.81,6.4117,0.3555,479,774
Ostend,Room,NA,12,12,0,200,200,200,200,,1.5,5.2983,0,200,200
Otahuhu Central,Apartment,2,9,3,30,502,460,525,535,37,4,6.2155,0.0741,476,526
Otahuhu Central,Boarding House,1,30,12,99,306,270,315,350,41,4,5.7138,0.1381,276,333
Otahuhu Central,House,1,69,15,57,433,390,400,420,90,4.03,6.0529,0.1816,376,481
Otahuhu Central,House,4,27,45,30,393,340,390,390,119,4,5.9483,0.1972,335,438
Otahuhu Central,House,NA,12,12,30,658,495,550,638,423,6.03,6.3845,0.4143,448,784
Otahuhu Central,Room,1,6,6,66,413,400,400,413,23,4,6.0209,0.0545,397,427
Otahuhu East,Apartment,2,6,6,6,498,491,495,501,17,4,6.2092,0.0331,486,509
Otahuhu East,Flat,2,6,6,24,378,353,450,475,195,3.29,5.7429,0.8317,178,547
Otahuhu East,House,1,60,6,60,410,185,450,584,227,3.84,5.8226,0.677,214,533
Otahuhu East,House,2,12,15,45,562,533,550,614,65,4.07,6.3246,0.1197,515,605
Otahuhu East,House,3,15,15,57,579,500,640,680,153,3.8,6.3185,0.3232,446,690
Otahuhu East,House,4,6,9,36,698,709,750,784,267,4,6.4431,0.5793,425,929
Otahuhu East,House,NA,15,18,51,613,573,620,688,147,4,6.3739,0.3567,461,746
Otahuhu North,Apartment,1,21,12,57,331,225,390,438,150,3.63,5.6278,0.6902,175,443
Otahuhu North,Apartment,2,9,3,33,469,450,450,495,27,3.58,6.1483,0.0564,450,486
Otahuhu North,Flat,1,21,21,117,412,395,425,465,80,3.67,5.9841,0.3362,317,498
Otahuhu North,Flat,2,24,24,129,416,440,450,490,151,3.59,5.9021,0.616,241,554
Otahuhu North,House,1,48,3,57,505,415,515,600,149,3.98,6.1539,0.446,348,636
Otahuhu North,House,2,9,18,51,512,488,530,565,79,3.69,6.2271,0.169,452,567
Otahuhu North,House,3,24,15,102,679,650,690,700,45,3.64,6.519,0.0681,647,710
Otahuhu North,House,4,6,6,39,758,695,718,805,91,4,6.6249,0.1151,697,814
Otahuhu North,House,NA,6,15,33,589,525,608,668,122,4,6.359,0.2229,497,671
Otahuhu South,Apartment,1,18,6,30,353,315,315,395,56,3.67,5.8561,0.148,316,386
Otahuhu South,Apartment,2,9,3,21,441,460,490,545,166,3.88,5.6074,1.8702,77,962
Otahuhu South,Flat,1,12,24,66,419,400,420,443,27,4,6.0363,0.0662,400,437
Otahuhu South,Flat,2,12,18,93,488,450,495,505,76,3.9,6.1797,0.1548,435,536
Otahuhu South,House,1,51,9,63,528,413,550,650,133,3.98,6.2354,0.2676,426,611
Otahuhu South,House,2,18,18,60,524,500,538,558,60,3.72,6.2549,0.1164,481,563
Otahuhu South,House,3,27,30,105,669,640,695,700,107,3.83,6.4874,0.2136,569,759
Otahuhu South,House,NA,6,12,27,573,518,620,675,193,4,6.2952,0.4064,412,713
Otahuhu South West,Apartment,1,6,3,15,318,343,355,360,107,4,5.6772,0.5179,206,414
Otahuhu South West,Apartment,2,6,6,9,483,420,475,538,90,3.71,6.166,0.1861,420,540
Otahuhu South West,Flat,1,6,18,54,380,373,395,400,38,3.95,5.9353,0.1076,352,407
Otahuhu South West,Flat,2,15,27,93,456,450,460,500,73,3.77,6.1064,0.201,392,514
Otahuhu South West,House,1,45,6,51,511,400,500,580,142,4.11,6.1873,0.3578,382,619
Otahuhu South West,House,2,9,18,63,505,460,500,600,136,3.63,6.1827,0.3358,386,607
Otahuhu South West,House,3,15,15,114,655,599,660,720,98,3.84,6.4729,0.1626,580,722
Otahuhu South West,House,5+,6,6,9,965,960,960,965,10,4,6.8721,0.0103,958,972
Otara Central,Apartment,3,6,0,9,648,645,645,648,5,4,6.4731,0.0077,644,651
Otara Central,House,1,21,0,21,388,102,450,588,258,4,5.6587,0.874,159,517
Otara Central,House,3,12,12,63,589,561,633,669,124,3.9,6.3535,0.2477,486,679
Otara Central,House,NA,6,6,15,659,646,688,700,67,4,6.4862,0.1069,610,705
Otara East,House,1,18,3,18,614,560,600,688,94,3.99,6.409,0.1601,545,677
Otara East,House,3,30,30,111,713,670,680,700,121,4.08,6.5584,0.1492,638,780
Otara South,House,1,15,0,15,642,565,650,720,180,3.64,6.4102,0.391,467,791
Otara South,House,3,15,15,87,663,630,650,695,52,4,6.4939,0.0765,628,696
Otara South,House,4,6,6,24,779,731,778,825,100,4,6.6515,0.1289,709,844
Otara West,House,1,12,3,15,619,570,638,701,170,3.73,6.3676,0.4244,438,776
Otara West,House,2,18,3,24,618,595,600,630,45,3.89,6.4234,0.0689,588,645
Otara West,House,3,15,12,87,659,650,680,710,165,4.07,6.411,0.5334,425,872
Otara West,House,NA,9,9,21,624,595,595,630,47,4,6.4332,0.0714,593,653
Oteha East,House,1,27,3,27,739,620,695,860,174,4.18,6.5787,0.239,612,845
Oteha East,House,2,6,9,15,619,544,625,688,90,4,6.4193,0.1482,555,678
Oteha East,House,3,39,39,135,743,703,750,775,64,3.74,6.6074,0.0859,699,785
Oteha East,House,4,21,24,93,829,750,820,900,128,3.91,6.7089,0.1584,737,912
Oteha West,Apartment,2,24,21,99,589,570,588,600,24,3.75,6.3776,0.0401,573,605
Oteha West,House,1,15,3,18,718,580,670,850,252,3.84,6.5173,0.3655,529,866
Oteha West,House,3,6,3,18,768,695,780,853,104,3.79,6.6361,0.1377,695,836
Oteha West,House,4,9,12,42,868,755,870,935,133,4.24,6.7563,0.1493,777,951
Oteha West,House,5+,6,3,21,1188,1125,1225,1273,172,3.71,7.0709,0.1534,1061,1306
Oteha West,House,NA,6,9,12,939,656,948,1175,347,4,6.7837,0.3907,679,1150
Owairaka East,House,1,21,3,21,655,523,580,813,195,4.07,6.4449,0.2884,518,765
Owairaka East,House,2,9,9,36,592,570,600,630,60,4,6.3783,0.1019,550,631
Owairaka East,House,3,12,15,54,738,688,750,795,85,3.76,6.5982,0.1167,678,794
Owairaka East,House,5+,6,0,9,1036,1015,1123,1144,227,4,6.9219,0.2492,857,1200
Owairaka West,Apartment,1,18,15,51,583,515,580,655,81,3.59,6.3593,0.1459,524,638
Owairaka West,Apartment,2,27,9,42,618,590,655,670,70,3.86,6.4199,0.1237,565,667
Owairaka West,Flat,2,6,15,57,586,558,570,605,80,4,6.3646,0.1354,530,636
Owairaka West,House,1,63,9,63,612,460,650,750,207,4,6.3347,0.4629,413,770
Owairaka West,House,2,27,21,60,576,505,600,645,106,3.52,6.3395,0.1939,497,646
Owairaka West,House,3,27,21,99,723,675,750,840,149,4.08,6.5503,0.302,571,857
Owairaka West,House,4,6,6,27,853,705,815,850,233,3.38,6.7224,0.2444,705,980
Owairaka West,House,NA,21,12,54,640,585,625,685,85,3.8,6.4533,0.1305,581,693
Paeroa,House,1,33,0,36,507,460,500,550,60,4.04,6.2209,0.1167,465,544
Paeroa,House,2,9,6,27,452,425,470,513,106,3.28,6.0848,0.2757,365,529
Paeroa,House,3,33,30,132,546,500,560,600,73,3.49,6.2925,0.1428,491,595
Paeroa,House,4,6,3,12,569,528,565,606,52,4,6.3403,0.0908,533,603
Paeroa,House,NA,18,9,33,547,468,595,606,100,3.86,6.2864,0.2063,467,617
Paeroa Rural,House,1,9,0,6,524,500,500,525,46,4.3,6.259,0.0833,494,553
Paeroa Rural,House,3,6,9,15,445,418,485,500,107,3.72,6.0675,0.2875,356,524
Pahurehure,House,1,21,3,24,678,600,670,715,111,3.91,6.5063,0.1591,601,745
Pahurehure,House,3,24,24,93,647,623,680,700,125,3.66,6.4386,0.3174,505,775
Pahurehure,House,4,6,9,33,843,825,860,878,65,4,6.734,0.0795,797,887
Pahurehure,House,NA,15,9,36,654,585,680,750,167,4,6.446,0.2979,515,770
Pakuranga Central,Apartment,2,9,3,6,532,518,520,540,27,4,6.2759,0.0491,514,550
Pakuranga Central,House,1,54,6,57,705,600,740,800,145,4.09,6.5358,0.2229,593,801
Pakuranga Central,House,2,12,27,48,613,590,613,655,55,4.07,6.4144,0.0923,574,650
Pakuranga Central,House,3,45,39,156,703,650,710,740,64,3.91,6.5509,0.0903,659,744
Pakuranga Central,House,4,24,24,84,785,750,800,800,73,3.91,6.6616,0.0927,734,832
Pakuranga Central,House,5+,6,9,27,876,874,950,950,158,4.09,6.7559,0.2243,738,999
Pakuranga Central,House,NA,21,18,60,704,630,750,775,109,4,6.5431,0.1787,616,783
Pakuranga Heights East,House,1,18,3,18,715,645,698,768,131,4,6.5561,0.186,621,798
Pakuranga Heights East,House,2,15,12,33,599,550,600,650,80,3.81,6.3866,0.1333,543,650
Pakuranga Heights East,House,3,42,45,177,669,625,660,700,82,3.91,6.4994,0.1112,617,717
Pakuranga Heights East,House,4,6,6,30,750,685,770,820,86,3.87,6.6142,0.1171,689,807
Pakuranga Heights East,House,NA,6,12,36,628,578,615,668,123,3.68,6.4272,0.1955,542,706
Pakuranga Heights North West,Apartment,2,6,3,6,538,510,550,560,37,4,6.2849,0.0706,511,563
Pakuranga Heights North West,Flat,2,6,6,9,586,556,575,605,46,4,6.3715,0.0777,555,616
Pakuranga Heights North West,Flat,3,6,0,6,478,383,475,570,120,4,6.1443,0.2556,392,554
Pakuranga Heights North West,House,1,24,0,24,680,625,650,713,131,4.24,6.5066,0.1803,593,756
Pakuranga Heights North West,House,2,12,18,45,609,563,598,638,75,3.87,6.405,0.1193,558,656
Pakuranga Heights North West,House,3,36,45,150,676,643,690,700,52,4,6.5136,0.0773,640,710
Pakuranga Heights North West,House,4,18,18,54,760,701,780,799,73,3.52,6.6285,0.0979,708,808
Pakuranga Heights North West,House,NA,9,12,27,673,640,690,720,81,3.77,6.5054,0.1264,614,728
Pakuranga Heights South West,Flat,2,6,3,27,523,503,525,545,57,4,6.254,0.1114,482,561
Pakuranga Heights South West,House,1,21,0,21,701,580,690,793,175,3.93,6.523,0.2484,576,805
Pakuranga Heights South West,House,2,12,12,42,588,548,595,633,50,3.76,6.3739,0.0864,553,622
Pakuranga Heights South West,House,3,30,30,126,674,600,650,724,111,3.94,6.5005,0.1601,597,741
Pakuranga Heights South West,House,4,18,9,60,794,753,795,820,70,3.99,6.6731,0.0855,747,838
Pakuranga Heights South West,House,NA,12,6,33,680,650,660,678,71,4,6.5171,0.0952,635,721
Pakuranga West,Apartment,2,12,6,15,561,560,578,590,47,3.85,6.3268,0.0918,526,595
Pakuranga West,Flat,2,6,12,39,632,525,545,565,230,3.11,6.4064,0.295,496,739
Pakuranga West,House,1,33,0,42,619,560,630,700,89,4.2,6.4179,0.1497,554,678
Pakuranga West,House,2,33,27,84,562,540,580,600,98,4.04,6.3089,0.2438,466,648
Pakuranga West,House,3,45,51,174,678,635,680,715,63,3.87,6.5154,0.0923,635,719
Pakuranga West,House,4,6,12,45,733,715,723,734,53,3.73,6.595,0.0691,698,766
Pakuranga West,House,NA,15,12,42,706,650,700,750,85,4,6.5526,0.1211,646,761
Panmure East,Apartment,1,6,6,12,439,429,448,458,42,3.02,6.0803,0.0992,409,467
Panmure East,Apartment,2,21,3,48,460,490,540,560,173,3.7,6.0105,0.5797,276,603
Panmure East,Flat,2,6,9,96,524,554,568,593,204,3.57,6.1404,0.6356,302,713
Panmure East,House,1,33,0,42,622,530,650,705,122,4.08,6.4125,0.2078,530,701
Panmure East,House,2,27,30,117,511,520,580,600,176,3.7,6.1237,0.577,309,674
Panmure East,House,3,33,33,177,573,547,690,740,224,3.68,6.2189,0.6009,335,753
Panmure East,House,4,12,15,48,743,758,795,819,176,3.89,6.566,0.3636,556,908
Panmure East,House,NA,15,21,42,703,700,720,795,176,4,6.4834,0.4982,467,915
Panmure Glen Innes Industrial,Flat,1,12,3,12,409,405,420,420,35,4,6.0088,0.0935,382,433
Panmure Glen Innes Industrial,Flat,NA,9,3,6,309,290,330,330,40,3.99,5.724,0.1388,279,336
Panmure Glen Innes Industrial,House,1,30,9,21,408,390,400,440,53,4,6.0011,0.1544,364,448
Panmure Glen Innes Industrial,House,NA,27,51,33,420,390,420,440,27,4,6.0383,0.0642,401,438
Panmure West,Apartment,2,6,3,6,623,568,665,695,106,4,6.4217,0.184,543,696
Panmure West,House,1,195,0,195,503,328,535,650,160,4.81,6.1631,0.3532,374,603
Papakura Central,Apartment,2,21,9,36,520,520,550,550,70,3.77,6.2449,0.1475,467,569
Papakura Central,Flat,2,6,24,87,517,470,493,553,62,3.88,6.2418,0.1149,475,555
Papakura Central,House,1,96,6,111,527,478,550,595,157,4.06,6.1931,0.4524,361,664
Papakura Central,House,2,30,36,105,558,518,558,593,65,3.91,6.3184,0.1184,512,601
Papakura Central,House,3,30,30,132,617,600,635,658,91,3.76,6.4056,0.2293,518,706
Papakura Central,House,NA,30,18,72,480,471,550,610,223,4.07,5.9634,0.7891,228,662
Papakura East,House,1,18,0,21,692,600,688,734,81,4.31,6.5335,0.1158,636,744
Papakura East,House,3,18,27,81,676,630,675,700,55,3.97,6.5125,0.0783,639,710
Papakura East,House,4,9,18,72,784,740,790,818,75,3.65,6.6605,0.093,733,831
Papakura East,House,NA,6,9,24,644,580,700,775,251,4,6.3119,0.7491,332,913
Papakura Kelvin,House,1,54,6,54,653,600,650,705,148,4.08,6.4407,0.3452,497,791
Papakura Kelvin,House,2,9,9,30,540,540,560,595,189,4,6.1609,0.6871,298,753
Papakura Kelvin,House,3,72,87,252,643,608,645,685,94,4.05,6.4498,0.2095,549,729
Papakura Kelvin,House,4,6,12,48,766,708,768,809,80,4.22,6.6368,0.1037,711,818
Papakura Kelvin,House,NA,12,18,33,668,594,665,720,89,3.9,6.4968,0.1307,607,724
Papakura Massey Park,Flat,2,6,3,15,580,575,595,600,34,4,6.3617,0.0598,556,603
Papakura Massey Park,House,1,48,0,48,609,550,620,686,123,3.97,6.3782,0.3018,480,722
Papakura Massey Park,House,2,21,15,30,562,545,560,570,52,3.87,6.3265,0.0957,524,596
Papakura Massey Park,House,3,36,30,123,669,631,680,700,61,4.08,6.5023,0.0934,626,710
Papakura Massey Park,House,4,6,9,27,731,696,720,748,68,4,6.5907,0.0913,685,775
Papakura Massey Park,House,NA,15,18,27,701,650,700,760,82,4,6.5457,0.1201,642,755
Papakura North,Flat,2,30,39,63,418,370,370,453,77,4,6.0211,0.1673,368,461
Papakura North,House,1,90,6,90,572,400,590,679,146,4.18,6.3125,0.2877,454,670
Papakura North,House,2,21,21,75,561,550,550,575,46,4.06,6.327,0.0829,529,592
Papakura North,House,3,48,51,168,658,630,650,695,57,4.07,6.4855,0.0897,617,696
Papakura North,House,4,12,15,60,699,680,750,765,156,3.68,6.5052,0.364,523,855
Papakura North,House,NA,18,12,48,674,585,650,750,115,3.83,6.5005,0.1674,594,745
Papakura North East,Apartment,5+,6,3,3,425,400,400,400,61,4,6.0445,0.13,386,460
Papakura North East,Flat,2,9,6,9,397,400,400,400,64,4,5.9724,0.1705,350,440
Papakura North East,House,1,51,15,42,594,420,620,700,192,4.06,6.3293,0.3582,440,714
Papakura North East,House,2,6,6,15,528,475,530,583,105,3.76,6.2527,0.2047,452,596
Papakura North East,House,3,33,24,117,673,650,690,708,78,3.96,6.5039,0.1314,611,730
Papakura North East,House,4,12,15,30,768,743,780,800,59,3.74,6.6414,0.0785,727,808
Papakura North East,House,NA,21,21,45,683,618,725,760,156,3.96,6.4846,0.3477,518,828
Papakura West,Boarding House,1,6,6,9,440,415,420,445,54,4,6.0815,0.1172,404,474
Papakura West,House,1,21,3,21,603,555,595,660,91,4.21,6.3916,0.1535,538,662
Papakura West,House,2,9,9,21,592,555,570,635,58,4,6.3798,0.0958,553,629
Papakura West,House,3,15,15,51,669,650,660,700,54,3.69,6.5032,0.0794,632,704
Papakura West,House,NA,6,0,12,630,563,580,648,128,3.79,6.4317,0.1887,547,706
Papatoetoe Central,Apartment,1,18,12,54,403,385,385,403,34,4,5.9946,0.0791,380,423
Papatoetoe Central,Apartment,2,15,21,33,560,550,560,570,19,3.78,6.328,0.0338,547,573
Papatoetoe Central,Boarding House,1,39,12,69,403,400,400,400,7,4,5.9981,0.0169,398,407
Papatoetoe Central,Flat,2,15,30,111,550,505,550,575,51,3.74,6.3054,0.0907,515,582
Papatoetoe Central,House,1,117,15,111,542,400,550,650,152,4.01,6.2583,0.2735,434,628
Papatoetoe Central,House,2,30,33,87,609,550,580,650,132,3.56,6.3942,0.1796,530,675
Papatoetoe Central,House,3,27,36,129,693,680,700,725,59,3.72,6.5373,0.0886,650,733
Papatoetoe Central,House,4,6,12,39,745,668,775,815,99,3.86,6.6057,0.1374,674,811
Papatoetoe Central,House,5+,9,6,18,1281,950,1300,1500,343,3.93,7.1215,0.2812,1024,1497
Papatoetoe Central,House,NA,48,36,93,654,569,693,724,187,3.98,6.4461,0.2757,523,759
Papatoetoe East,Apartment,2,9,0,15,545,520,560,565,52,4,6.2968,0.0973,508,580
Papatoetoe East,House,1,51,0,51,640,560,650,700,137,3.78,6.4348,0.2487,527,737
Papatoetoe East,House,2,9,21,42,609,550,600,700,96,3.45,6.4002,0.1618,540,671
Papatoetoe East,House,3,36,39,147,708,664,700,750,73,3.83,6.5565,0.1051,656,756
Papatoetoe East,House,4,15,18,63,751,728,750,778,56,3.8,6.6193,0.0743,713,788
Papatoetoe East,House,NA,15,15,45,723,650,730,800,138,4,6.5653,0.199,621,812
Papatoetoe North,Apartment,1,6,0,6,481,471,483,493,18,4,6.1759,0.0365,469,493
Papatoetoe North,Apartment,2,12,3,15,525,500,530,556,46,3.91,6.2589,0.0901,492,555
Papatoetoe North,Flat,2,18,33,75,545,486,565,590,73,3.96,6.2927,0.1348,494,592
Papatoetoe North,House,1,57,12,63,613,550,600,700,132,3.99,6.3819,0.3223,476,735
Papatoetoe North,House,2,21,24,60,590,555,580,628,44,3.88,6.377,0.0745,559,618
Papatoetoe North,House,3,33,33,138,707,660,700,730,60,4.1,6.5574,0.0832,666,745
Papatoetoe North,House,4,12,9,39,736,696,720,789,80,3.8,6.5956,0.1095,680,788
Papatoetoe North,House,NA,21,18,54,558,500,600,640,161,3.99,6.2632,0.4098,398,692
Papatoetoe South,Apartment,2,6,6,18,546,520,550,565,45,4.25,6.3001,0.0832,515,576
Papatoetoe South,Flat,1,6,6,33,484,445,455,494,75,4,6.1732,0.1463,435,529
Papatoetoe South,Flat,2,12,21,75,512,500,545,580,144,3.72,6.1463,0.5696,318,686
Papatoetoe South,House,1,66,9,72,589,550,585,650,115,4.03,6.3596,0.2019,504,662
Papatoetoe South,House,2,27,42,99,598,575,600,630,52,3.7,6.3892,0.0878,561,632
Papatoetoe South,House,3,21,27,138,708,685,720,730,44,3.91,6.5609,0.0636,677,738
Papatoetoe South,House,4,9,9,27,801,790,790,825,71,3.89,6.6823,0.092,750,849
Papatoetoe South,House,5+,9,3,18,1024,940,995,1005,168,4,6.9217,0.1478,918,1120
Papatoetoe South,House,NA,30,21,81,609,580,595,636,96,4,6.3997,0.1544,542,668
Papatoetoe South West,House,1,33,0,36,622,550,620,710,134,4.14,6.4002,0.2927,494,733
Papatoetoe South West,House,2,15,9,36,574,540,575,610,51,3.99,6.3494,0.0882,539,607
Papatoetoe South West,House,3,21,30,96,924,640,670,685,1293,2.7,6.5823,0.4977,516,1010
Papatoetoe South West,House,4,6,3,21,813,733,785,865,137,4,6.6898,0.1642,720,898
Papatoetoe South West,House,NA,12,9,27,621,560,650,723,149,3.91,6.3931,0.3225,481,743
Papatoetoe West,Apartment,2,9,6,24,523,500,520,550,34,4,6.2573,0.0656,499,545
Papatoetoe West,Flat,2,9,15,75,566,505,600,628,78,3.68,6.3308,0.1427,510,618
Papatoetoe West,House,1,51,9,54,647,555,650,735,133,3.91,6.4518,0.2037,552,727
Papatoetoe West,House,2,18,18,66,586,535,590,630,58,3.9,6.3684,0.0984,546,623
Papatoetoe West,House,3,39,42,159,670,650,680,710,85,3.91,6.4947,0.1842,584,749
Papatoetoe West,House,4,15,12,42,804,780,800,835,44,3.71,6.6887,0.0556,774,834
Papatoetoe West,House,5+,6,3,18,976,910,990,1010,84,4,6.8802,0.0861,918,1031
Papatoetoe West,House,NA,21,15,57,677,623,650,750,79,4.02,6.5114,0.1196,621,729
Parakai,House,1,9,3,12,404,320,320,500,115,4.18,5.9677,0.2776,324,471
Parakai,House,2,6,3,9,498,483,535,550,86,3.64,6.1968,0.1907,432,559
Parakai,House,3,6,6,27,550,548,550,553,8,2.93,6.3098,0.0148,544,555
Paremoremo East,House,1,9,0,9,956,785,975,1160,227,4.65,6.8373,0.25,787,1103
Paremoremo East,House,2,6,6,24,595,573,600,620,33,3.98,6.3873,0.0554,572,617
Paremoremo East,House,3,18,12,39,601,540,546,656,78,4.15,6.391,0.1234,549,648
Parnell East,Apartment,1,15,12,51,545,495,525,625,78,3.84,6.292,0.1436,490,595
Parnell East,Apartment,2,12,12,45,797,604,675,696,547,3.09,6.5637,0.4374,528,952
Parnell East,Apartment,3,6,0,9,1217,663,1000,1563,712,3.45,6.968,0.5646,726,1554
Parnell East,Flat,1,12,12,48,505,480,498,500,62,3.64,6.2184,0.1114,466,541
Parnell East,Flat,2,6,12,39,595,553,570,593,104,3.65,6.3771,0.1557,530,653
Parnell East,House,1,24,3,27,1074,691,985,1396,449,4,6.8878,0.451,723,1329
Parnell East,House,2,9,6,30,1031,783,795,1005,492,3.9,6.8678,0.3751,746,1237
Parnell East,House,3,18,33,99,1055,893,990,1260,233,3.97,6.9396,0.2086,897,1188
Parnell East,House,4,9,12,27,1225,1000,1100,1500,324,4,7.0806,0.2651,994,1421
Parnell West,Apartment,1,54,63,129,533,468,535,599,80,3.75,6.2668,0.1509,476,583
Parnell West,Apartment,2,42,72,165,745,665,750,800,127,3.94,6.5978,0.1846,648,831
Parnell West,Apartment,3,15,15,72,884,690,850,995,366,3.77,6.6777,0.5302,556,1136
Parnell West,Boarding House,1,12,3,9,235,230,230,253,21,3,5.4558,0.0934,220,249
Parnell West,Flat,1,12,12,48,487,403,485,528,91,3.72,6.1721,0.1826,424,542
Parnell West,Flat,2,9,9,33,705,635,650,825,120,3.67,6.5454,0.1665,622,779
Parnell West,House,1,78,18,78,846,591,743,933,357,4.07,6.6673,0.3737,611,1012
Parnell West,House,2,21,18,60,869,735,795,858,294,3.8,6.7327,0.2447,712,990
Parnell West,House,3,30,39,78,897,790,900,953,165,3.77,6.783,0.1794,782,996
Parnell West,House,4,15,12,42,1235,1075,1300,1400,219,3.78,7.1028,0.1883,1070,1380
Parnell West,House,NA,21,12,33,710,475,580,930,301,4,6.488,0.3901,505,855
Parnell West,Room,1,12,24,21,259,260,260,260,3,2.91,5.5574,0.0113,257,261
Patumahoe,House,2,9,6,18,548,500,549,600,133,3.56,6.2762,0.2674,444,637
Patumahoe,House,3,6,6,39,631,580,600,644,95,3.42,6.4386,0.1414,569,688
Patumahoe,House,NA,6,6,18,640,555,635,738,124,4,6.4454,0.1975,551,720
Pauanui,House,3,6,6,6,573,543,555,585,61,3.27,6.346,0.1025,532,611
Penrose,House,2,6,6,12,561,538,558,581,54,4,6.3268,0.0951,525,596
Penrose,House,4,6,3,9,788,763,825,850,95,3.52,6.663,0.1273,718,853
Piha,House,3,9,3,24,846,850,850,875,86,3.2,6.7353,0.1092,782,906
Pinehill,Apartment,2,6,0,9,581,569,580,593,17,4,6.3649,0.0284,570,592
Pinehill,House,1,18,3,21,879,718,875,1010,245,4.01,6.7412,0.2837,699,1025
Pinehill,House,2,15,12,60,630,525,600,620,150,3.8,6.423,0.219,531,714
Pinehill,House,3,18,21,69,725,680,715,800,108,3.85,6.5753,0.157,645,797
Pinehill,House,4,33,24,84,927,880,930,955,155,3.88,6.8161,0.188,804,1036
Pinehill,House,5+,18,24,60,1130,978,1100,1300,263,3.62,6.9938,0.3057,887,1339
Pinehill,Room,1,6,3,9,293,195,235,333,177,2.31,5.5571,0.5506,179,376
Point Chevalier East,Apartment,1,9,9,9,523,480,500,580,79,3.94,6.249,0.1522,467,573
Point Chevalier East,Flat,1,9,9,24,622,530,530,580,247,4.18,6.3858,0.2914,487,722
Point Chevalier East,House,1,18,3,27,834,743,870,950,222,4.11,6.6903,0.2833,665,974
Point Chevalier East,House,2,18,18,51,778,706,730,758,171,3.92,6.6368,0.1933,669,869
Point Chevalier East,House,3,42,30,126,868,771,895,950,143,4.02,6.753,0.1675,765,959
Point Chevalier East,House,4,18,15,48,1176,1005,1150,1300,277,3.47,7.0473,0.2146,995,1329
Point Chevalier East,House,NA,12,9,24,765,628,730,900,166,4,6.6191,0.2129,649,865
Point Chevalier East,Room,1,6,6,12,364,345,350,400,31,4,5.8933,0.0849,342,384
Point Chevalier West,Apartment,1,6,6,6,331,207,314,438,146,3.53,5.725,0.4573,225,417
Point Chevalier West,Flat,1,9,6,18,423,400,420,435,25,4,6.0467,0.0572,407,439
Point Chevalier West,Flat,2,9,6,18,558,550,620,650,193,3.88,6.2035,0.6517,319,767
Point Chevalier West,House,1,15,3,15,768,615,885,1000,315,3.57,6.5214,0.5827,459,1007
Point Chevalier West,House,2,6,6,42,620,565,600,643,73,3.65,6.4243,0.1127,572,665
Point Chevalier West,House,3,27,21,87,854,758,850,928,140,3.86,6.7371,0.1601,757,939
Point Chevalier West,House,4,9,9,30,1128,1000,1100,1200,282,3.72,7.0026,0.2355,938,1289
Point Chevalier West,House,NA,6,6,12,953,881,948,1100,186,3.19,6.842,0.207,814,1077
Point England,Apartment,1,6,3,36,99,88,88,99,21,1.47,4.5749,0.1951,85,111
Point England,Apartment,2,18,15,90,345,117,265,596,236,3.41,5.5541,0.8212,148,449
Point England,Flat,1,6,3,111,97,90,92,95,16,2,4.5678,0.1416,88,106
Point England,House,1,45,0,60,525,483,575,635,169,4.07,6.1716,0.5085,340,675
Point England,House,2,24,15,207,329,117,202,610,246,3.09,5.49,0.8148,140,420
Point England,House,3,36,39,351,513,175,650,719,277,3.58,6.0103,0.7743,242,687
Point England,House,4,24,27,66,644,634,725,798,293,3.5,6.3003,0.6808,344,862
Point England,House,5+,6,6,21,735,717,908,925,358,3.86,6.4348,0.7646,372,1044
Point England,House,NA,33,15,69,634,580,635,695,101,4.03,6.439,0.166,559,700
Ponsonby East,Apartment,1,12,18,48,585,571,590,600,37,3.45,6.3692,0.0628,559,609
Ponsonby East,Flat,1,9,6,33,612,500,560,595,218,3.61,6.3753,0.2801,486,709
Ponsonby East,House,1,30,6,42,879,588,763,1085,365,4.33,6.7053,0.3804,632,1056
Ponsonby East,House,2,9,12,39,768,633,750,883,158,3.57,6.6254,0.2065,656,867
Ponsonby East,House,3,36,48,117,1076,923,1000,1188,207,3.77,6.9653,0.1773,940,1194
Ponsonby East,House,4,12,12,45,1334,1095,1125,1750,545,3.52,7.0968,0.5213,850,1717
Ponsonby East,House,NA,6,9,6,1280,818,1100,1563,671,4,7.0571,0.5023,827,1629
Ponsonby West,Apartment,2,6,3,6,616,581,625,660,71,2.98,6.4185,0.1182,566,664
Ponsonby West,Flat,2,6,6,12,921,669,705,958,523,3.62,6.7273,0.4837,602,1157
Ponsonby West,House,1,9,3,12,1238,590,990,1700,690,4.67,6.9784,0.5735,729,1580
Ponsonby West,House,3,15,15,45,1100,890,950,1150,366,3.98,6.9581,0.3006,859,1288
Ponsonby West,House,4,12,3,33,1517,1125,1200,1493,751,4.26,7.249,0.3717,1095,1808
Puhinui East,Apartment,2,9,6,9,522,500,520,538,35,4,6.2552,0.0675,498,545
Puhinui East,Flat,2,6,18,72,623,550,565,591,206,3.55,6.3991,0.266,503,719
Puhinui East,House,1,33,3,33,611,550,590,700,118,3.91,6.3977,0.1912,528,683
Puhinui East,House,2,12,12,36,573,554,573,590,33,3.92,6.35,0.0566,551,595
Puhinui East,House,3,15,21,75,683,650,700,730,84,3.58,6.5186,0.1321,620,741
Puhinui East,House,4,6,6,24,788,724,793,865,96,4,6.6637,0.1233,721,851
Puhinui East,House,NA,9,3,24,776,750,750,790,67,4,6.6507,0.0834,731,818
Puhinui North,Apartment,2,9,3,18,417,198,520,595,207,4,5.8653,0.6845,222,559
Puhinui North,Flat,2,15,27,102,501,500,520,550,131,3.93,6.1423,0.5057,331,654
Puhinui North,House,1,42,3,45,572,509,575,678,190,3.98,6.2473,0.5575,355,752
Puhinui North,House,2,18,15,81,537,560,590,640,180,3.49,6.1808,0.5661,330,708
Puhinui North,House,3,27,27,93,709,680,710,723,65,3.93,6.5605,0.0867,666,749
Puhinui North,House,4,12,9,33,784,746,788,814,46,4,6.6622,0.0581,752,814
Puhinui South,House,1,24,3,24,642,588,640,668,105,3.95,6.4528,0.1528,572,703
Puhinui South,House,3,21,18,90,672,650,675,699,44,3.87,6.5089,0.0651,642,701
Puhinui South,House,4,9,6,24,771,740,800,805,53,4,6.6461,0.0708,734,807
Puhinui South,House,5+,6,3,9,1008,895,950,1063,281,3.53,6.8875,0.2683,818,1174
Puhinui South,House,NA,9,6,27,718,650,733,780,72,3.88,6.5721,0.1018,667,766
Puhoi Valley,House,1,9,3,24,850,695,780,930,230,4.18,6.7152,0.2544,695,979
Puhoi Valley,House,2,12,9,18,548,495,545,581,72,3.35,6.2975,0.1307,497,593
Puhoi Valley,House,3,18,18,42,560,524,600,658,170,3.5,6.2533,0.4627,380,710
Puhoi Valley,House,4,6,6,21,763,695,785,813,77,3.74,6.6321,0.1024,708,813
Puhoi Valley,House,5+,6,6,12,851,736,935,1050,268,2.95,6.7006,0.3661,635,1041
Puhoi Valley,House,NA,6,9,24,685,625,695,755,109,4,6.5195,0.1639,607,758
Pukekohe Central,Apartment,1,12,15,24,410,390,420,430,23,4,6.0147,0.0557,394,425
Pukekohe Hospital,House,1,9,0,15,560,510,570,603,68,4,6.3212,0.1221,512,604
Pukekohe Hospital,House,2,15,12,24,544,545,550,560,27,3.63,6.2975,0.0518,525,563
Pukekohe Hospital,House,3,9,9,42,631,600,650,655,34,4,6.4458,0.0541,607,653
Pukekohe Hospital,House,4,6,6,30,750,689,715,749,102,3.52,6.6131,0.1261,684,811
Pukekohe North West,Apartment,2,6,0,9,538,525,540,553,22,4,6.2863,0.0415,522,552
Pukekohe North West,House,1,51,3,60,544,515,560,650,212,4.25,6.161,0.6327,309,726
Pukekohe North West,House,2,18,18,42,458,444,550,560,182,4.16,5.9895,0.6378,260,614
Pukekohe North West,House,3,66,69,240,618,593,620,650,45,3.88,6.4235,0.0753,586,648
Pukekohe North West,House,4,21,21,102,715,685,720,748,60,3.81,6.5692,0.0843,673,755
Pukekohe North West,House,NA,24,12,54,578,550,550,598,60,4,6.3538,0.1,537,615
Pukekohe West,Flat,2,9,6,18,437,397,415,480,54,4,6.0735,0.1218,400,471
Pukekohe West,House,1,60,9,57,612,550,623,683,107,4.06,6.3994,0.1891,529,683
Pukekohe West,House,2,15,18,54,578,515,570,600,70,3.87,6.3534,0.1189,530,622
Pukekohe West,House,3,90,102,270,632,579,600,650,206,3.77,6.4264,0.1743,549,695
Pukekohe West,House,4,39,33,102,676,680,700,720,94,3.91,6.5032,0.1743,593,751
Pukekohe West,House,NA,24,21,72,657,610,670,715,81,3.84,6.4787,0.1364,594,714
Puni,House,1,9,3,12,623,600,630,695,84,4.11,6.4252,0.1459,559,681
Puni,House,2,6,0,15,539,535,550,554,33,3.61,6.2878,0.0635,515,562
Puni,House,3,6,6,24,569,544,560,585,45,3.98,6.3412,0.0774,539,598
Puni,House,4,9,6,30,719,695,720,750,31,3.77,6.5776,0.0436,698,740
Puni,House,NA,6,3,15,705,656,710,759,143,4,6.542,0.2106,602,800
Quay Street-Customs Street,Apartment,1,111,111,348,575,480,550,650,142,3.83,6.32,0.285,458,673
Quay Street-Customs Street,Apartment,2,72,96,231,715,650,695,750,134,3.91,6.5511,0.2227,602,813
Quay Street-Customs Street,Apartment,3,9,15,36,1253,1075,1350,1500,303,3.66,7.1039,0.2718,1013,1462
Quay Street-Customs Street,Flat,1,6,6,6,690,625,715,780,112,4,6.5264,0.168,610,765
Quay Street-Customs Street,House,1,96,12,90,741,550,660,888,255,4.06,6.5572,0.3134,570,870
Quay Street-Customs Street,House,2,6,6,3,710,695,713,728,25,4,6.5648,0.0351,693,727
Quay Street-Customs Street,Room,1,18,72,129,251,200,220,220,130,4,5.4551,0.3287,187,292
Queen Street,Apartment,1,135,150,330,454,390,440,500,111,3.91,6.0919,0.2299,379,516
Queen Street,Apartment,2,51,54,129,672,538,625,750,188,3.8,6.4743,0.2637,543,774
Queen Street,House,1,96,18,105,534,436,480,590,199,4,6.2366,0.2766,424,616
Queen Street,House,2,6,6,9,677,578,630,748,126,4.39,6.5037,0.1794,592,753
Queen Street,House,NA,15,27,30,549,440,490,585,178,4,6.2671,0.2821,436,637
Queen Street,Room,1,9,0,6,281,250,300,300,30,4.01,5.6349,0.1085,260,301
Queen Street South West,Apartment,1,129,132,255,477,430,460,500,105,3.73,6.1446,0.227,400,543
Queen Street South West,Apartment,2,84,84,180,580,500,573,640,127,3.67,6.3395,0.2182,489,656
Queen Street South West,Apartment,3,36,45,51,466,260,310,750,264,2.89,5.99,0.5612,274,583
Queen Street South West,Apartment,4,36,27,27,338,275,290,345,149,2.1,5.7605,0.3207,256,394
Queen Street South West,Apartment,NA,15,21,24,363,283,340,435,96,2.64,5.8649,0.2514,297,418
Queen Street South West,Flat,1,27,36,36,302,250,310,350,90,2.71,5.6645,0.3197,232,358
Queen Street South West,Flat,2,6,3,9,370,370,370,370,,1,5.9135,0,370,370
Queen Street South West,House,1,132,12,138,506,430,470,578,185,3.96,6.1567,0.4111,358,623
Queen Street South West,House,NA,45,51,57,541,450,480,580,180,3.93,6.2503,0.2785,429,625
Queen Street South West,Room,1,30,30,30,278,260,275,293,35,2.59,5.619,0.1319,252,301
Queen Street South West,Room,2,12,12,12,491,469,480,523,64,4,6.1884,0.1356,444,534
Queen Street South West,Room,NA,24,21,21,290,275,275,304,22,1.01,5.6666,0.0735,275,304
Ramarama,House,1,15,0,21,790,635,743,859,344,4.31,6.5933,0.4097,554,963
Ramarama,House,3,6,6,33,855,653,705,825,375,3.71,6.6903,0.3559,633,1023
Ramarama,House,4,9,9,42,742,650,750,800,173,3.66,6.5815,0.2636,604,862
Ramarama,House,NA,9,6,18,743,695,750,850,144,4,6.5916,0.2185,629,845
Randwick Park East,House,1,15,0,15,655,578,680,740,109,4.11,6.47,0.183,571,730
Randwick Park East,House,3,24,33,102,673,665,698,726,121,4.02,6.4807,0.3016,532,800
Randwick Park East,House,4,6,6,18,823,798,825,850,32,4,6.7118,0.039,801,844
Randwick Park East,House,NA,6,6,15,711,684,695,758,88,4,6.5592,0.1272,648,769
Randwick Park West,House,1,33,0,27,653,578,630,698,113,3.89,6.4692,0.1532,582,715
Randwick Park West,House,2,12,6,21,510,480,510,553,42,3.36,6.2313,0.083,481,538
Randwick Park West,House,3,42,60,234,630,590,630,670,63,3.97,6.4408,0.1009,586,671
Randwick Park West,House,NA,6,6,24,626,639,650,650,62,4,6.4339,0.109,578,670
Ranui Domain,House,1,48,6,45,523,505,573,629,188,3.97,6.1494,0.5563,322,682
Ranui Domain,House,2,15,15,36,543,525,550,560,159,3.76,6.2119,0.5311,349,713
Ranui Domain,House,3,39,36,186,626,600,630,660,78,3.94,6.4305,0.1509,560,687
Ranui Domain,House,4,6,6,33,739,724,750,750,37,4.32,6.6044,0.0512,713,764
Ranui Domain,House,NA,21,21,54,558,540,590,680,167,3.96,6.2275,0.5627,347,740
Ranui North,House,1,27,0,30,605,550,600,680,138,4.06,6.3679,0.3105,473,719
Ranui North,House,2,6,9,33,545,526,540,559,41,4,6.2986,0.0753,517,572
Ranui North,House,3,36,51,213,589,560,600,650,116,4.06,6.3479,0.2927,469,696
Ranui North,House,4,6,9,15,699,676,703,725,31,3.48,6.5486,0.0444,678,719
Ranui North,House,5+,6,0,9,778,514,885,994,288,3.42,6.5867,0.4267,544,967
Ranui North,House,NA,9,9,36,556,555,590,670,256,4.01,6.1171,0.8159,262,786
Ranui South East,House,1,30,3,33,603,484,635,770,295,4.06,6.2241,0.6879,317,803
Ranui South East,House,3,15,24,84,646,630,660,680,54,4.14,6.468,0.0899,606,684
Ranui South East,House,4,6,9,42,632,584,770,785,266,4.59,6.3131,0.6351,360,847
Ranui South East,House,NA,6,9,36,708,564,628,785,211,4,6.5285,0.2745,569,824
Ranui South West,House,1,21,3,24,651,585,660,765,150,4.03,6.4384,0.335,499,784
Ranui South West,House,2,9,9,30,583,520,550,575,94,3.81,6.3583,0.1497,522,639
Ranui South West,House,3,15,21,63,599,605,620,650,124,3.17,6.3531,0.3577,451,731
Ranui South West,House,4,6,12,42,738,675,750,819,151,4,6.5836,0.2234,622,841
Ranui South West,House,NA,12,9,30,635,575,700,708,170,4,6.3969,0.4093,455,791
Red Beach East,House,1,12,0,18,717,513,725,800,272,4.15,6.5097,0.3792,520,867
Red Beach East,House,2,15,12,42,590,540,595,640,58,3.7,6.375,0.0986,549,627
Red Beach East,House,3,24,21,78,702,663,700,740,53,3.72,6.5508,0.0778,664,738
Red Beach East,House,4,9,6,36,834,785,790,825,98,4,6.7213,0.1079,772,893
Red Beach East,House,NA,6,6,15,1020,553,748,1215,785,2.41,6.7302,0.7023,521,1345
Red Beach West,House,1,15,0,21,819,710,750,850,203,4.61,6.6831,0.2235,687,929
Red Beach West,House,2,12,6,30,617,584,613,645,51,4.34,6.4218,0.0831,582,651
Red Beach West,House,3,18,18,42,745,680,770,795,59,3.75,6.6099,0.0809,703,784
Red Beach West,House,4,9,9,24,844,833,845,855,15,3.72,6.7375,0.0174,834,853
Red Beach West,House,5+,6,3,9,1093,1010,1100,1175,99,3.67,6.9936,0.0909,1025,1159
Red Beach West,House,NA,6,6,12,776,701,795,885,154,4,6.6358,0.2141,659,880
Red Hill,House,1,24,0,24,652,600,650,658,82,4.14,6.4739,0.1138,600,700
Red Hill,House,3,36,36,141,657,600,650,700,79,3.95,6.4804,0.1162,603,705
Red Hill,House,NA,15,12,36,681,610,650,680,136,4,6.5081,0.1786,594,756
Redcastle,House,1,21,0,24,690,600,770,795,141,4.04,6.5137,0.2308,577,788
Redcastle,House,2,15,15,42,598,561,615,645,90,3.71,6.3812,0.1621,529,659
Redcastle,House,3,12,15,42,738,730,740,750,22,4,6.6035,0.03,723,753
Redcastle,House,4,30,39,114,806,796,825,850,80,3.95,6.6863,0.1102,744,863
Redcastle,House,5+,6,6,15,981,895,973,1059,108,3.77,6.8843,0.1099,907,1052
Remuera Abbotts Park,Apartment,2,6,6,12,555,553,580,583,57,4.22,6.3147,0.1083,514,595
Remuera Abbotts Park,Flat,1,6,6,33,428,419,423,431,16,3.48,6.0575,0.0359,417,438
Remuera Abbotts Park,Flat,2,6,9,54,526,412,623,736,311,3.96,5.9909,1.0237,200,797
Remuera Abbotts Park,House,1,39,6,51,754,535,680,950,274,4.14,6.5581,0.3754,547,908
Remuera Abbotts Park,House,2,15,15,51,638,595,650,690,61,3.81,6.4542,0.0987,594,679
Remuera Abbotts Park,House,3,33,36,123,860,781,853,923,164,4.06,6.742,0.1731,754,952
Remuera Abbotts Park,House,4,18,21,69,982,831,940,1076,192,3.79,6.8728,0.1868,851,1095
Remuera East,House,1,24,3,21,948,769,955,1149,243,4.23,6.8204,0.2695,764,1099
Remuera East,House,2,6,9,18,724,670,738,791,101,4,6.5768,0.1444,652,792
Remuera East,House,3,15,12,54,900,825,880,1000,137,3.89,6.7905,0.1602,798,991
Remuera East,House,NA,12,15,21,1148,763,868,1275,663,3.92,6.9238,0.4922,729,1416
Remuera North,Apartment,2,6,3,21,629,611,633,650,25,4,6.4431,0.0404,611,646
Remuera North,Flat,2,6,9,24,686,650,685,743,64,3.42,6.527,0.094,641,728
Remuera North,House,1,30,6,30,1008,713,985,1213,400,4.45,6.8403,0.3987,714,1223
Remuera North,House,3,15,24,60,982,820,960,1050,199,4.14,6.8718,0.1885,850,1095
Remuera North,House,4,9,24,45,1311,923,1300,1525,447,4,7.1264,0.3405,989,1566
Remuera North,House,5+,12,9,24,1232,1213,1250,1288,456,3.89,7.0055,0.5961,738,1648
Remuera North,House,NA,6,6,21,1370,1133,1375,1613,488,4,7.1697,0.3862,1001,1686
Remuera South,Flat,1,6,12,36,373,323,370,433,83,3.75,5.9008,0.2306,313,427
Remuera South,House,1,45,3,54,798,545,785,960,332,4.06,6.6018,0.4062,560,969
Remuera South,House,2,6,9,27,755,644,688,834,207,4.16,6.596,0.2616,614,873
Remuera South,House,3,12,33,87,838,750,850,911,156,3.84,6.7135,0.2015,719,943
Remuera South,House,4,21,30,63,1098,975,1020,1225,243,4,6.9794,0.2121,931,1239
Remuera South,House,5+,9,9,24,1411,1250,1410,1600,235,4.15,7.239,0.1748,1238,1567
Remuera South,House,NA,21,18,42,726,405,430,1010,421,3.89,6.4446,0.5292,440,899
Remuera Waiata,Apartment,2,6,6,24,722,636,675,725,209,3.72,6.5514,0.2529,590,830
Remuera Waiata,House,1,15,0,15,963,735,795,1073,374,4.02,6.806,0.3615,708,1153
Remuera Waiata,House,2,6,9,15,595,580,590,605,41,3,6.3868,0.0686,567,622
Remuera Waiata,House,3,15,12,54,890,750,920,950,433,4.11,6.2992,1.9151,150,1980
Remuera Waiata,House,4,18,15,42,1014,399,1175,1475,674,4.1,6.639,0.8328,436,1340
Remuera Waiata,House,NA,6,9,15,914,784,833,989,195,4,6.8001,0.1989,785,1027
Remuera Waiatarua,House,1,24,3,24,874,660,855,1058,297,4.17,6.7122,0.3693,641,1055
Remuera Waiatarua,House,2,6,3,30,633,604,655,680,66,3.99,6.4448,0.1096,585,678
Remuera Waiatarua,House,3,24,27,114,816,753,820,894,129,3.87,6.6902,0.183,711,910
Remuera Waiatarua,House,4,15,9,54,963,900,995,1000,106,3.77,6.865,0.1072,891,1030
Remuera Waiatarua,House,5+,9,3,12,1226,1010,1250,1413,264,3.9,7.0917,0.2174,1038,1392
Remuera Waiatarua,House,NA,6,6,18,957,834,975,1038,142,4,6.8542,0.15,857,1049
Remuera Waitaramoa,Apartment,1,6,3,6,546,483,533,596,90,3.18,6.2931,0.1626,485,604
Remuera Waitaramoa,Apartment,2,6,9,24,600,558,595,613,52,3.89,6.3937,0.0846,565,633
Remuera Waitaramoa,Apartment,3,6,3,12,1838,1550,1800,2088,879,3.2,7.4163,0.5405,1155,2394
Remuera Waitaramoa,House,1,24,3,33,1199,910,1225,1380,442,4.27,7.0176,0.4021,851,1464
Remuera Waitaramoa,House,2,9,12,33,771,696,713,871,151,3.71,6.632,0.1915,667,864
Remuera Waitaramoa,House,3,15,21,57,891,750,870,975,151,3.48,6.7789,0.1648,787,982
Remuera Waitaramoa,House,4,12,12,45,1431,1020,1190,1600,680,4.18,7.1924,0.3738,1033,1710
Remuera Waitaramoa,House,5+,9,15,15,1473,1250,1460,1600,253,3.88,7.2829,0.1661,1301,1628
Remuera West,Apartment,2,9,3,30,725,550,690,820,225,3.71,6.5484,0.2828,577,845
Remuera West,Flat,2,6,12,33,625,550,585,660,108,3.28,6.4272,0.1647,553,691
Remuera West,House,1,33,3,36,918,683,840,1175,307,3.97,6.7704,0.3266,699,1086
Remuera West,House,2,9,9,30,842,740,850,950,133,3.68,6.7244,0.157,749,925
Remuera West,House,3,15,21,57,981,900,960,1090,197,3.58,6.8702,0.1988,842,1101
Remuera West,House,4,12,18,36,1420,1125,1375,1600,462,3.81,7.2156,0.3031,1109,1669
Riverhead,Flat,2,6,0,9,503,480,480,503,45,4.23,6.2167,0.0859,473,531
Riverhead,House,1,18,0,18,678,550,663,835,167,4.31,6.4868,0.2674,548,786
Riverhead,House,2,15,12,24,564,548,560,580,30,4.06,6.3337,0.0538,543,584
Riverhead,House,3,12,18,30,814,711,795,849,245,4.03,6.6617,0.2931,642,953
Riverhead,House,4,12,12,27,855,790,875,913,133,4.15,6.7388,0.1692,753,947
Riverhead,House,NA,9,3,24,736,548,760,833,234,3.69,6.5589,0.3109,572,870
Rongomai East,House,1,6,0,9,634,623,630,645,29,4.31,6.4515,0.045,615,653
Rongomai East,House,3,12,18,102,634,595,643,650,54,4.01,6.4492,0.0844,597,669
Rongomai West,House,1,12,0,12,677,603,688,770,105,4.2,6.5054,0.1623,599,746
Rongomai West,House,3,6,9,48,656,620,675,685,54,3.64,6.4825,0.0843,617,692
Rongomai West,House,4,6,6,15,720,660,690,750,128,4,6.5681,0.1699,635,798
Rooseville Park,Apartment,2,12,3,6,512,500,515,549,47,3.68,6.2341,0.0999,477,545
Rooseville Park,Flat,2,6,3,15,489,476,488,510,26,4,6.1915,0.0542,471,507
Rooseville Park,House,1,24,3,30,652,598,633,685,79,4.32,6.4726,0.1196,597,702
Rooseville Park,House,2,12,15,24,564,545,560,573,54,3.84,6.331,0.0974,526,600
Rooseville Park,House,3,30,33,87,638,620,650,660,59,3.68,6.4539,0.1012,593,680
Rooseville Park,House,4,12,12,30,731,678,720,750,99,3.93,6.5871,0.1286,665,791
Rooseville Park,House,NA,6,6,18,643,548,600,773,117,4,6.4521,0.1797,562,716
Rosa Birch Park,Apartment,2,6,0,6,539,518,540,561,48,3.78,6.2863,0.0892,506,570
Rosa Birch Park,House,1,12,0,15,560,533,555,613,88,4,6.315,0.166,494,618
Rosa Birch Park,House,2,15,15,42,571,508,540,623,91,3.64,6.3368,0.1541,509,627
Rosa Birch Park,House,3,27,21,90,631,600,630,660,47,3.78,6.444,0.0743,598,661
Rosa Birch Park,House,NA,6,9,18,605,568,570,608,77,4,6.3996,0.12,555,652
Rosehill,Flat,2,6,0,15,511,506,528,530,48,3.72,6.232,0.1006,475,544
Rosehill,House,1,33,6,33,650,593,650,698,84,4.06,6.4692,0.1324,590,705
Rosehill,House,2,12,9,27,593,543,550,585,96,4,6.3748,0.1467,532,648
Rosehill,House,3,39,45,159,650,630,670,680,75,3.86,6.468,0.1409,586,708
Rosehill,House,NA,9,12,33,774,690,780,800,140,3.89,6.6387,0.1711,681,858
Rothesay Bay,Flat,1,6,0,12,421,394,408,435,41,3.55,6.0398,0.095,394,448
Rothesay Bay,House,1,18,3,24,827,723,798,896,190,4.66,6.6937,0.2267,693,941
Rothesay Bay,House,2,9,9,36,577,490,550,670,110,3.83,6.3411,0.1903,499,645
Rothesay Bay,House,3,15,18,51,858,800,820,850,173,3.86,6.7405,0.1678,755,947
Rothesay Bay,House,4,12,15,48,972,845,910,944,235,3.86,6.8562,0.214,822,1097
Rothesay Bay,House,5+,6,9,15,1138,1088,1175,1225,170,4,7.0275,0.1585,1013,1254
Rowandale East,Flat,2,6,3,12,610,583,605,633,47,4,6.4113,0.0763,578,641
Rowandale East,House,1,30,0,27,691,630,675,730,174,4.13,6.4964,0.3288,531,827
Rowandale East,House,2,6,3,18,533,508,550,575,112,3.48,6.2592,0.2268,449,609
Rowandale East,House,3,42,54,204,674,630,675,708,57,3.97,6.5098,0.0852,634,711
Rowandale East,House,4,6,6,36,803,773,820,850,62,3.73,6.6854,0.0788,759,844
Rowandale East,House,NA,6,12,30,670,625,650,735,76,4,6.5017,0.1127,618,719
Rowandale West,House,1,45,0,45,678,610,670,720,89,4.04,6.5107,0.1282,617,733
Rowandale West,House,2,12,18,24,552,538,550,556,44,4,6.3109,0.0784,522,580
Rowandale West,House,3,33,45,156,666,600,650,700,107,3.98,6.4891,0.1612,590,734
Rowandale West,House,NA,18,18,39,677,636,690,700,62,4,6.5135,0.0925,633,718
Royal Heights North,House,1,30,6,30,613,580,598,673,203,4.3,6.3295,0.5084,398,790
Royal Heights North,House,2,21,15,54,561,560,570,595,123,3.72,6.2819,0.3922,410,697
Royal Heights North,House,3,48,36,174,664,630,660,700,48,4.11,6.4957,0.0722,631,695
Royal Heights North,House,4,12,6,48,764,761,778,850,113,3.63,6.6271,0.1665,675,845
Royal Heights North,House,NA,27,15,48,619,590,610,680,165,4,6.3607,0.4603,424,789
Royal Heights South,House,1,27,3,30,587,500,649,680,153,4.2,6.3242,0.3625,437,712
Royal Heights South,House,2,15,12,27,570,550,570,595,40,4.02,6.3438,0.0714,542,597
Royal Heights South,House,3,24,30,129,629,600,650,678,74,4.13,6.4372,0.1302,572,682
Royal Heights South,House,4,6,12,51,686,700,750,813,248,4.28,6.3772,0.7624,352,984
Royal Heights South,House,NA,12,6,24,683,585,680,771,298,4,6.3623,0.7505,349,962
Royal Oak East (Auckland),Apartment,2,9,6,30,571,540,590,595,34,4,6.3456,0.0603,547,594
Royal Oak East (Auckland),Flat,2,21,27,132,577,523,580,600,56,3.78,6.3526,0.095,538,612
Royal Oak East (Auckland),House,1,48,3,48,656,573,630,735,217,4.05,6.4136,0.4408,453,821
Royal Oak East (Auckland),House,2,15,21,72,614,575,595,645,131,3.84,6.3954,0.2419,509,705
Royal Oak East (Auckland),House,3,21,30,72,758,705,740,788,93,4,6.6235,0.1213,693,817
Royal Oak East (Auckland),House,4,9,9,36,751,603,850,928,261,4.15,6.5464,0.4399,518,937
Royal Oak East (Auckland),House,NA,12,9,39,743,568,770,913,244,3.8,6.557,0.3527,555,893
Royal Oak East (Auckland),Room,1,9,3,6,368,345,380,410,57,2.27,5.8959,0.1648,325,406
Royal Oak East (Auckland),Room,NA,6,6,9,403,380,400,423,26,2,5.9961,0.0653,385,420
Royal Oak West (Auckland),Apartment,2,6,3,9,620,600,640,650,41,3.65,6.4278,0.0689,591,648
Royal Oak West (Auckland),House,1,27,3,24,752,570,730,900,343,3.97,6.5134,0.5069,479,949
Royal Oak West (Auckland),House,2,6,9,18,708,581,603,830,182,4,6.5362,0.242,586,812
Royal Oak West (Auckland),House,3,24,30,72,750,725,730,788,51,3.81,6.6173,0.0683,714,783
Royal Oak West (Auckland),House,4,18,12,54,977,898,950,1000,168,4.04,6.8691,0.1802,852,1086
Saint Heliers North,Apartment,2,9,6,30,836,670,750,855,309,3.57,6.679,0.3131,644,983
Saint Heliers North,Apartment,3,6,9,12,922,838,925,1013,166,3.28,6.8116,0.1862,801,1030
Saint Heliers North,Flat,2,6,12,39,615,593,628,650,77,4,6.4154,0.1303,560,667
Saint Heliers North,House,1,12,0,15,1005,913,1075,1100,253,4.48,6.8774,0.2934,796,1182
Saint Heliers North,House,2,9,9,36,901,669,735,964,415,4.03,6.7294,0.3915,642,1089
Saint Heliers North,House,3,27,21,81,889,795,860,930,133,4.06,6.7799,0.1431,799,969
Saint Heliers North,House,4,18,27,57,1129,899,1085,1324,315,3.78,6.9923,0.2836,899,1318
Saint Heliers North,House,NA,9,12,21,1105,835,970,1173,441,4,6.9517,0.344,829,1318
Saint Heliers South,Apartment,1,6,6,9,513,493,518,548,64,3.18,6.2321,0.1312,466,556
Saint Heliers South,Apartment,2,9,9,27,633,650,660,675,72,4.1,6.4436,0.1248,578,684
Saint Heliers South,Flat,2,9,18,66,612,610,625,650,84,4.1,6.4066,0.1619,543,676
Saint Heliers South,House,1,21,6,30,880,675,895,925,253,4.32,6.7458,0.2623,713,1015
Saint Heliers South,House,2,12,12,39,650,600,635,714,73,3.79,6.4712,0.1134,599,698
Saint Heliers South,House,3,27,24,84,909,825,883,950,186,3.97,6.7927,0.2006,779,1020
Saint Heliers South,House,4,9,12,45,1092,900,980,1060,362,3.92,6.9588,0.2709,877,1263
Saint Heliers South,House,5+,6,9,15,1478,1075,1215,1738,597,4,7.2388,0.3669,1087,1783
Saint Heliers South,House,NA,6,12,27,1463,738,1075,1800,1073,4,7.1054,0.6767,772,1923
Saint Heliers West,Apartment,1,6,3,6,1811,515,573,1869,2628,1.06,6.8037,1.2571,386,2104
Saint Heliers West,Apartment,2,9,9,21,701,630,750,750,92,3.83,6.5445,0.1347,635,762
Saint Heliers West,Apartment,NA,6,3,3,749,688,748,809,90,4,6.6129,0.1212,686,808
Saint Heliers West,House,1,9,0,12,856,695,800,993,223,4.21,6.722,0.2603,697,990
Saint Heliers West,House,2,12,12,30,704,628,753,791,123,3.88,6.5413,0.1911,609,789
Saint Heliers West,House,3,12,15,57,854,800,830,1025,231,3.83,6.6926,0.406,613,1060
Saint Heliers West,House,4,15,18,45,1248,1100,1240,1350,253,3.74,7.1093,0.2091,1062,1409
Saint Heliers West,House,5+,9,9,6,1384,1170,1500,1590,293,2.97,7.2118,0.2274,1163,1580
Saint Heliers West,House,NA,6,12,21,1046,900,1025,1225,287,3.93,6.918,0.2883,832,1227
Saint Johns East,Apartment,1,9,0,18,413,430,440,470,130,3.38,5.9474,0.4848,276,531
Saint Johns East,Apartment,2,15,6,30,549,495,530,595,62,3.86,6.3027,0.1116,506,589
Saint Johns East,Flat,1,6,12,75,468,440,460,490,56,3.77,6.1425,0.1192,429,504
Saint Johns East,Flat,2,27,30,156,526,500,550,580,116,3.69,6.2175,0.3858,387,650
Saint Johns East,House,1,39,0,42,592,500,575,650,157,4.13,6.335,0.366,441,722
Saint Johns East,House,2,15,18,66,563,550,570,580,54,3.63,6.3283,0.1049,522,601
Saint Johns East,House,3,27,24,108,693,625,700,775,120,3.82,6.5225,0.2082,591,783
Saint Johns West,House,1,12,0,12,874,786,810,925,273,4.67,6.7241,0.3421,661,1048
Saint Johns West,House,3,15,18,66,827,795,830,880,50,3.84,6.716,0.0615,792,860
Saint Johns West,House,4,18,18,48,933,850,935,1000,108,3.74,6.8318,0.1132,859,1000
Saint Johns West,House,5+,9,6,18,1218,1100,1160,1200,194,4.01,7.0943,0.1509,1088,1334
Saint Johns West,House,NA,6,3,18,1025,810,960,1175,288,4,6.904,0.2729,829,1198
Saint Marys Bay,Apartment,1,18,15,51,508,488,500,588,87,3.59,6.2157,0.1835,442,566
Saint Marys Bay,Apartment,3,6,3,3,1015,803,855,1068,394,4.03,6.8746,0.3427,768,1219
Saint Marys Bay,Flat,1,15,18,42,520,450,510,563,80,3.64,6.2436,0.1507,465,570
Saint Marys Bay,Flat,2,9,9,30,691,650,650,730,62,4,6.5343,0.0883,649,731
Saint Marys Bay,House,1,39,6,45,807,520,695,790,511,4.29,6.5576,0.4936,505,983
Saint Marys Bay,House,2,6,9,21,853,803,838,888,117,3.85,6.7415,0.1348,773,927
Saint Marys Bay,House,3,12,18,48,1227,986,1095,1278,444,3.56,7.0537,0.3585,909,1474
Saint Marys Bay,House,4,9,12,18,1768,1215,1550,1850,1065,3.72,7.3583,0.4837,1132,2175
Saint Marys Bay,House,NA,6,3,12,1247,843,1200,1625,551,4,7.0389,0.4751,828,1571
Sandringham Central,Apartment,2,15,12,42,564,520,550,600,63,3.75,6.3287,0.1072,521,602
Sandringham Central,Flat,1,9,3,15,392,270,460,488,135,3.52,5.9139,0.3783,287,478
Sandringham Central,Flat,2,15,24,84,514,490,570,598,160,3.86,6.1529,0.5285,329,671
Sandringham Central,House,1,36,3,42,673,563,618,773,160,3.73,6.487,0.2214,565,762
Sandringham Central,House,2,15,9,54,604,560,590,615,72,3.67,6.3985,0.1072,559,646
Sandringham Central,House,3,15,6,63,765,720,750,800,147,3.76,6.6234,0.1927,661,857
Sandringham Central,House,4,6,3,27,1030,955,1050,1125,162,3.74,6.9276,0.1634,914,1139
Sandringham East,Flat,2,12,21,78,537,518,555,573,56,3.67,6.2799,0.1122,495,576
Sandringham East,House,1,24,3,33,592,495,538,623,153,4.07,6.357,0.2236,496,670
Sandringham East,House,2,12,9,51,584,543,573,610,66,3.67,6.3637,0.1114,538,626
Sandringham East,House,3,12,24,93,734,701,740,761,74,3.52,6.5935,0.1007,682,782
Sandringham East,House,4,12,9,36,810,799,860,903,207,3.87,6.6355,0.4443,564,1028
Sandringham North,Apartment,2,33,24,78,592,548,599,645,96,3.71,6.3686,0.1904,513,663
Sandringham North,Flat,1,15,12,60,458,400,420,485,100,3.93,6.108,0.1926,395,512
Sandringham North,Flat,2,12,15,69,562,543,560,578,37,3.98,6.3291,0.0657,536,586
Sandringham North,House,1,45,12,51,677,495,550,710,498,3.58,6.4147,0.3813,472,790
Sandringham North,House,2,12,15,51,618,531,605,808,242,3.89,6.2926,0.6684,344,848
Sandringham North,House,3,15,27,81,763,673,765,848,144,3.84,6.6188,0.2016,654,858
Sandringham North,House,4,9,9,48,1177,835,945,1450,445,3.59,7.0111,0.3533,874,1407
Sandringham West,Apartment,2,9,3,15,524,495,520,578,70,3.85,6.2524,0.1413,472,571
Sandringham West,Flat,1,12,6,15,438,413,420,431,51,3.89,6.0768,0.107,405,468
Sandringham West,Flat,2,9,9,54,475,468,500,535,139,4,6.0788,0.5342,304,626
Sandringham West,House,1,21,3,30,689,570,600,785,177,4,6.506,0.2397,569,787
Sandringham West,House,2,9,12,33,600,555,580,630,71,3.44,6.3912,0.1145,552,644
Sandringham West,House,3,24,27,93,745,670,735,801,101,3.59,6.605,0.1331,675,808
Sandringham West,House,4,15,9,45,926,855,930,995,130,4.21,6.8218,0.1435,833,1011
Sandringham West,House,5+,6,3,9,712,365,563,1125,426,3.62,6.3983,0.6325,392,921
Sandringham West,House,NA,12,18,27,675,538,555,745,231,3.87,6.4682,0.3102,523,794
Schnapper Rock,Apartment,1,6,6,12,431,396,450,450,36,2.78,6.0636,0.0845,406,455
Schnapper Rock,Apartment,2,9,6,15,553,533,549,580,45,3.72,6.3129,0.0832,522,583
Schnapper Rock,House,1,21,3,24,941,600,1080,1200,336,4.36,6.7813,0.3779,683,1137
Schnapper Rock,House,3,9,9,30,1038,690,780,830,844,3.42,6.7888,0.4995,634,1244
Schnapper Rock,House,4,12,18,57,936,875,930,994,94,4.14,6.8369,0.102,870,998
Schnapper Rock,House,5+,12,18,66,1127,1063,1150,1200,248,3.9,6.9948,0.2959,894,1332
Schnapper Rock,Room,1,15,9,27,283,250,290,310,33,2.7,5.6403,0.1175,260,305
Shelly Park,House,1,9,0,12,714,668,720,750,127,4.3,6.5554,0.19,618,799
Shelly Park,House,3,15,12,30,730,660,730,790,78,3.66,6.5873,0.1063,676,780
Shelly Park,House,4,6,9,39,781,750,765,853,214,3.88,6.6183,0.3366,597,939
Shortland Street,Apartment,1,195,249,576,513,420,450,570,158,3.91,6.2011,0.2778,409,595
Shortland Street,Apartment,2,60,69,105,775,599,650,1000,309,3.95,6.5906,0.3425,578,917
Shortland Street,Apartment,3,9,6,18,1289,350,1450,1800,788,3.52,6.9101,0.833,571,1758
Shortland Street,Apartment,NA,9,21,12,809,575,810,1000,306,4,6.6316,0.3895,583,987
Shortland Street,Flat,1,6,3,21,475,398,495,528,75,4,6.152,0.162,421,524
Shortland Street,Flat,3,6,6,3,405,380,405,438,36,2.84,6.0006,0.0886,380,429
Shortland Street,House,1,111,21,111,672,400,480,700,504,3.97,6.3434,0.5287,398,812
Shortland Street,House,NA,18,27,33,1161,785,1065,1460,562,4,6.9595,0.4434,781,1420
Silverdale Central (Auckland),House,1,24,0,24,690,525,685,841,159,4.22,6.5111,0.2315,575,786
Silverdale Central (Auckland),House,3,9,6,15,709,675,700,750,41,4.12,6.5622,0.0571,681,736
Silverdale Central (Auckland),House,4,6,3,21,834,819,840,850,20,3.98,6.7257,0.0247,820,848
Silverdale Central (Auckland),House,5+,6,0,6,903,858,880,925,68,4.04,6.8031,0.074,857,947
Silverdale Central (Auckland),House,NA,6,9,15,779,768,795,806,55,4,6.6558,0.0721,740,816
Silverdale South (Auckland),House,1,12,3,15,726,580,675,710,262,4.05,6.5382,0.316,558,855
Silverdale South (Auckland),House,2,6,9,15,599,595,613,626,53,3.5,6.3921,0.0928,561,636
Silverdale South (Auckland),House,3,9,3,36,749,635,720,800,162,3.64,6.5998,0.2029,641,843
Silverdale South (Auckland),House,5+,6,3,12,1030,920,1040,1138,118,3.85,6.9317,0.116,947,1108
Snells Beach,Flat,2,6,0,15,550,490,520,580,105,3.09,6.2971,0.1815,480,614
Snells Beach,House,1,30,6,33,631,520,600,715,128,3.9,6.4279,0.2041,539,710
Snells Beach,House,2,21,18,39,539,498,545,580,62,3.66,6.284,0.1151,496,579
Snells Beach,House,3,21,27,93,665,628,660,680,65,3.6,6.4961,0.0941,622,706
Snells Beach,House,4,6,15,39,739,698,720,785,66,3.29,6.6015,0.0883,694,781
Snells Beach,House,NA,12,9,30,658,570,700,750,140,4.13,6.4631,0.2457,543,757
Somerville,House,1,12,3,15,795,743,850,875,171,4.33,6.653,0.244,657,914
Somerville,House,2,6,0,12,604,548,578,634,104,3.08,6.3927,0.1643,535,667
Somerville,House,3,15,21,78,770,725,770,780,51,3.67,6.6444,0.0649,736,803
Somerville,House,4,27,24,90,858,800,845,880,82,3.94,6.7504,0.0882,805,907
Somerville,House,5+,6,9,27,914,833,940,1025,214,4.21,6.7887,0.2697,740,1065
Somerville,House,NA,9,9,24,848,763,820,870,123,4,6.7345,0.1348,768,921
South Head,House,2,6,6,12,503,450,480,559,76,3.25,6.2102,0.1496,450,551
South Head,House,3,6,6,36,736,595,685,826,192,3.08,6.5773,0.2511,607,851
South Head,House,NA,6,3,12,773,454,470,789,619,5.1,6.463,0.6511,413,994
St Lukes,Apartment,1,9,12,18,501,470,500,525,35,3.71,6.214,0.069,477,524
St Lukes,Apartment,2,33,27,99,655,645,660,670,38,3.7,6.4834,0.0595,628,681
St Lukes,Apartment,3,33,27,60,705,670,690,730,59,3.62,6.5554,0.0804,666,742
St Lukes,Flat,1,6,0,18,524,443,490,571,123,3.67,6.2416,0.2239,442,597
St Lukes,Flat,2,6,6,42,549,540,555,564,28,4,6.3067,0.0515,530,568
St Lukes,House,1,33,0,33,652,568,630,683,148,3.95,6.4611,0.1905,563,727
St Lukes,House,2,12,9,27,610,585,620,644,60,3.72,6.4089,0.1022,567,651
St Lukes,House,3,12,24,63,780,743,760,838,71,4.06,6.6555,0.0898,731,826
St Lukes,House,4,6,6,21,814,815,923,996,294,3.9,6.604,0.561,506,1077
Stanley Point,Apartment,2,6,12,24,780,670,815,920,151,3.55,6.6416,0.2058,667,880
Stanley Point,House,1,6,3,12,885,695,745,1088,334,3.86,6.7261,0.365,652,1067
Stanley Point,House,3,6,6,30,1016,966,1050,1100,111,3.75,6.9192,0.1136,937,1092
Stanley Point,House,4,6,3,12,1508,1263,1300,1413,626,4.29,7.2621,0.3451,1129,1799
Stanley Point,House,NA,6,6,6,1183,975,1150,1400,717,3.96,6.7615,1.1009,411,1815
Stanmore Bay East,House,1,24,0,33,587,495,595,650,113,4.21,6.3574,0.1959,505,658
Stanmore Bay East,House,2,30,30,60,598,573,598,643,60,3.96,6.3879,0.1001,556,636
Stanmore Bay East,House,3,24,36,120,685,643,675,698,62,3.96,6.5263,0.0862,644,724
Stanmore Bay East,House,4,6,6,27,791,746,775,820,65,3.5,6.6711,0.081,747,834
Stanmore Bay West,House,1,12,3,15,636,528,680,725,127,4.31,6.4359,0.2115,541,720
Stanmore Bay West,House,2,21,21,42,575,510,585,600,61,3.91,6.3497,0.108,532,616
Stanmore Bay West,House,3,30,39,102,680,650,680,705,41,3.98,6.5201,0.0604,652,707
Stanmore Bay West,House,4,6,3,18,1171,721,843,1293,901,2.08,6.8771,0.6788,614,1533
Stonefields East,Apartment,1,6,9,12,580,553,570,625,57,4,6.359,0.0986,540,617
Stonefields East,Apartment,2,6,9,27,740,734,758,770,47,4,6.6048,0.0656,707,772
Stonefields East,House,1,9,3,9,834,690,860,990,210,4.55,6.6967,0.2644,677,968
Stonefields East,House,2,12,9,33,697,690,725,745,172,3.86,6.5019,0.3554,524,847
Stonefields East,House,3,12,18,63,858,850,860,890,40,3.73,6.7534,0.0482,830,885
Stonefields East,House,4,21,12,57,1034,950,1000,1100,115,4.26,6.936,0.1087,956,1107
Stonefields East,House,5+,6,6,15,1225,1225,1250,1250,50,3.49,7.1101,0.0417,1190,1259
Stonefields East,House,NA,9,12,21,939,825,895,1050,197,4,6.826,0.2081,801,1060
Stonefields West,Apartment,2,6,12,21,731,728,743,750,36,4,6.5937,0.0508,706,756
Stonefields West,House,1,12,3,9,890,723,863,1045,221,3.9,6.7618,0.256,727,1027
Stonefields West,House,3,12,9,33,883,865,880,900,33,3.83,6.7821,0.0372,860,904
Stonefields West,House,4,12,21,42,989,950,965,1000,112,3.7,6.8911,0.1108,913,1060
Stonefields West,House,NA,6,6,18,1067,988,1125,1188,186,3.76,6.958,0.1907,925,1196
Summerland North,House,1,9,0,9,776,645,760,825,170,4.32,6.6354,0.1998,666,871
Summerland North,House,3,18,30,78,707,680,720,730,61,4.03,6.5573,0.0871,664,747
Summerland North,House,4,6,9,42,807,796,810,850,66,4,6.69,0.0844,760,851
Summerland North,House,NA,6,6,9,855,788,810,878,133,4,6.7426,0.1475,767,936
Summerland South,House,1,12,0,12,704,563,760,820,138,4.75,6.5374,0.2072,600,794
Summerland South,House,3,12,6,36,689,650,670,711,53,3.76,6.532,0.0738,653,722
Summerland South,House,4,12,9,69,763,745,840,850,181,4.24,6.5937,0.3563,574,929
Summerland South,House,NA,6,6,18,820,760,800,870,92,3.87,6.7041,0.1081,758,877
Sunkist Bay,Flat,1,6,6,6,363,338,365,390,51,3.1,5.8855,0.1423,327,396
Sunkist Bay,House,1,18,0,24,667,550,633,699,217,4.08,6.4636,0.2711,534,770
Sunkist Bay,House,2,18,24,63,574,520,580,616,59,3.77,6.3466,0.1052,531,613
Sunkist Bay,House,3,21,24,69,704,680,700,745,44,3.75,6.5556,0.0631,674,734
Sunkist Bay,House,4,27,21,54,890,791,850,905,167,3.94,6.7764,0.1681,783,982
Sunnyhills East,House,1,12,0,15,704,653,670,814,117,4.12,6.5422,0.1778,615,782
Sunnyhills East,House,2,12,9,39,631,605,650,650,46,3.81,6.4448,0.0752,598,662
Sunnyhills East,House,3,21,24,111,690,655,680,720,48,4.11,6.5344,0.0683,657,721
Sunnyhills East,House,4,12,9,39,827,770,850,879,83,4.21,6.7132,0.1022,768,882
Sunnyhills East,House,NA,6,3,24,719,701,725,745,72,4,6.5738,0.103,668,768
Sunnyhills West-Pakuranga North,Flat,2,6,6,18,537,491,495,551,77,4,6.2776,0.1334,487,583
Sunnyhills West-Pakuranga North,House,1,15,3,18,694,600,710,800,155,4.06,6.5164,0.2432,574,797
Sunnyhills West-Pakuranga North,House,2,15,9,39,618,550,590,620,117,3.79,6.4116,0.171,543,683
Sunnyhills West-Pakuranga North,House,3,6,21,57,713,678,713,758,66,4,6.5649,0.0954,666,757
Sunnyhills West-Pakuranga North,House,4,18,15,60,857,783,840,880,109,4.06,6.7462,0.1168,786,921
Sunnyhills West-Pakuranga North,House,5+,9,6,15,972,930,1000,1000,96,4.19,6.8752,0.0999,905,1035
Sunnyhills West-Pakuranga North,House,NA,9,12,27,660,635,650,715,111,4,6.4787,0.1751,579,733
Sunnynook North,House,1,27,0,33,735,640,680,810,140,4.15,6.583,0.1834,639,818
Sunnynook North,House,2,6,9,27,591,558,590,625,56,3.96,6.3782,0.0962,552,628
Sunnynook North,House,3,63,57,192,748,680,720,790,129,3.88,6.6038,0.1609,662,822
Sunnynook North,House,4,24,12,48,905,884,900,919,83,3.77,6.8033,0.0932,846,959
Sunnynook South,Flat,2,6,3,18,614,601,638,650,57,4,6.4161,0.0973,573,653
Sunnynook South,House,1,24,3,24,704,650,700,813,168,4.28,6.5256,0.2706,569,819
Sunnynook South,House,2,12,9,21,646,580,595,645,122,4.07,6.4571,0.1675,569,713
Sunnynook South,House,3,45,48,174,724,699,730,753,69,3.86,6.5806,0.099,674,771
Sunnynook South,House,4,12,12,39,801,776,805,868,154,3.94,6.6612,0.2555,658,928
Sunnynook South,House,NA,6,9,24,692,723,795,800,220,3.94,6.4685,0.4671,470,883
Sunnyvale East,Apartment,2,6,3,6,528,473,533,588,73,4,6.2608,0.1404,476,576
Sunnyvale East,House,1,69,6,81,469,162,550,620,235,4.05,5.9499,0.722,236,624
Sunnyvale East,House,2,36,18,114,555,535,560,595,94,3.92,6.2884,0.3121,436,664
Sunnyvale East,House,3,42,48,198,610,600,640,683,158,3.98,6.3339,0.5134,398,796
Sunnyvale East,House,4,18,24,84,653,655,693,720,158,3.94,6.4347,0.3593,489,794
Sunnyvale East,House,NA,21,9,66,522,423,530,725,256,4,6.0497,0.7838,250,719
Sunnyvale West-Parrs Park,House,1,33,3,33,459,162,580,660,256,4.08,5.8769,0.815,206,618
Sunnyvale West-Parrs Park,House,2,9,9,18,556,515,585,590,43,4,6.3176,0.0789,526,585
Sunnyvale West-Parrs Park,House,3,36,45,126,561,586,625,664,182,3.6,6.2404,0.4944,368,716
Sunnyvale West-Parrs Park,House,4,6,6,21,732,693,710,780,55,4,6.5931,0.0734,695,767
Sunnyvale West-Parrs Park,House,NA,6,6,18,579,608,635,653,171,4,6.287,0.4865,387,746
Surfdale,House,1,6,3,12,680,610,700,785,134,3.98,6.5035,0.2107,579,769
Surfdale,House,2,12,9,24,689,650,688,700,91,3.16,6.5281,0.1255,629,745
Surfdale,House,3,24,15,39,926,795,898,1000,195,3.82,6.813,0.1905,800,1034
Surfdale,House,NA,9,9,21,888,680,750,1000,344,3.77,6.7297,0.3536,659,1062
Sutton Park,Flat,2,6,6,9,516,506,523,533,26,4,6.2456,0.0517,498,534
Sutton Park,House,1,30,3,27,575,473,590,666,151,4.05,6.3196,0.2712,463,667
Sutton Park,House,2,6,6,21,593,568,605,643,63,3.83,6.3793,0.1117,547,636
Sutton Park,House,3,6,18,66,525,393,615,673,229,4,6.1448,0.5939,312,696
Swanson,House,1,24,3,30,398,162,318,681,291,4.15,5.6638,0.8686,160,518
Swanson,House,3,6,6,60,684,673,688,721,49,4,6.5258,0.0732,650,717
Swanson,House,4,15,12,39,847,800,850,888,63,3.99,6.7391,0.0757,803,889
Swanson,House,5+,6,3,9,1018,968,1000,1050,136,3.51,6.9185,0.1319,925,1105
Swanson,House,NA,12,6,33,622,570,678,743,240,4,6.2985,0.6479,351,842
Swanson Rural,House,1,9,0,15,806,580,815,1000,241,4.6,6.649,0.3187,623,957
Swanson Rural,House,2,9,6,15,587,560,580,600,39,3.87,6.3735,0.0642,561,612
Symonds Street East,Apartment,1,63,30,105,429,380,400,480,81,3.74,6.0424,0.1972,368,481
Symonds Street East,Apartment,2,60,90,126,550,520,578,615,141,3.52,6.26,0.3594,411,667
Symonds Street East,Apartment,3,24,18,51,581,383,613,788,206,3.59,6.2904,0.4146,408,713
Symonds Street East,Flat,1,12,6,21,436,405,440,475,49,4,6.0709,0.1159,401,468
Symonds Street East,House,1,123,12,120,468,380,420,580,195,4,6.0722,0.3897,333,564
Symonds Street East,House,2,9,6,9,476,433,460,473,156,4,6.1223,0.3127,369,563
Symonds Street East,House,NA,24,33,33,476,420,493,580,135,4,6.1188,0.3286,364,567
Symonds Street East,Room,1,261,174,300,435,439,469,490,84,2.14,6.0501,0.2447,360,500
Symonds Street East,Room,NA,9,24,15,249,245,250,250,11,2.73,5.5169,0.044,242,256
Symonds Street North West,Apartment,1,270,240,555,401,360,400,440,63,3.95,5.9791,0.1827,349,447
Symonds Street North West,Apartment,2,105,90,210,582,520,580,630,97,3.93,6.3497,0.1959,501,653
Symonds Street North West,Apartment,5+,9,0,9,724,533,620,975,259,3.23,6.5277,0.3702,533,878
Symonds Street North West,Apartment,NA,99,90,78,338,250,315,385,99,3.94,5.7868,0.2619,273,389
Symonds Street North West,Boarding House,NA,6,15,0,230,223,230,230,17,2.74,5.4359,0.0711,219,241
Symonds Street North West,Flat,1,9,15,33,422,375,380,455,65,4.15,6.0344,0.1461,378,461
Symonds Street North West,House,1,162,21,162,460,400,440,499,109,4,6.1031,0.2503,378,529
Symonds Street North West,House,NA,39,45,69,494,420,470,550,118,4,6.1764,0.2362,410,564
Symonds Street North West,Room,1,45,24,54,303,240,310,370,66,3.64,5.6877,0.225,254,344
Symonds Street North West,Room,5,9,9,6,314,280,330,345,36,3,5.7446,0.1164,289,338
Symonds Street North West,Room,NA,6,9,9,263,263,270,270,12,2.95,5.5725,0.0475,255,272
Symonds Street West,Apartment,1,129,126,258,436,400,440,460,65,3.88,6.0638,0.1894,378,489
Symonds Street West,Apartment,2,174,258,513,526,480,510,563,92,3.91,6.2437,0.2469,436,608
Symonds Street West,Apartment,NA,6,33,21,468,423,450,525,62,4,6.1412,0.1308,425,507
Symonds Street West,Boarding House,1,6,0,6,278,250,270,298,34,3.22,5.6203,0.121,254,299
Symonds Street West,Flat,1,6,9,24,438,420,430,448,35,16.71,6.0804,0.0775,415,461
Symonds Street West,Flat,2,9,3,21,534,498,510,563,49,4,6.2761,0.0888,501,565
Symonds Street West,Flat,3,6,3,6,468,258,310,520,358,3.53,5.969,0.6468,253,605
Symonds Street West,House,1,234,21,231,502,450,500,550,98,3.96,6.1974,0.2147,425,568
Symonds Street West,House,NA,21,45,51,575,480,555,643,130,6.72,6.3301,0.2213,483,652
Symonds Street West,Room,1,9,0,9,327,260,280,370,112,3.82,5.7452,0.3009,255,383
Tairua,House,2,6,9,15,429,405,435,450,26,2.87,6.0603,0.0604,411,446
Tairua,House,3,18,3,30,599,535,588,613,148,3.37,6.3734,0.2041,511,673
Tairua,House,4,6,3,9,624,613,660,671,83,2.91,6.4284,0.1435,562,682
Takanini North,Apartment,3,6,0,9,407,400,400,415,10,4,6.0077,0.0252,400,414
Takanini North,House,1,48,3,42,551,420,588,684,184,3.96,6.233,0.4428,378,687
Takanini North,House,2,6,3,12,562,578,598,618,106,3.64,6.3121,0.2252,474,642
Takanini North,House,3,21,36,84,658,650,660,705,80,3.63,6.4809,0.1466,591,720
Takanini North,House,NA,24,21,48,595,480,635,700,128,4.01,6.3647,0.2322,497,679
Takanini South,Apartment,1,6,3,9,510,498,500,513,27,4,6.2334,0.0519,492,528
Takanini South,Boarding House,1,6,0,6,459,431,488,515,112,3.34,6.1024,0.2745,371,538
Takanini South,Flat,1,6,3,9,424,399,425,450,30,3.53,6.0472,0.0718,403,444
Takanini South,House,1,75,6,78,706,670,730,790,127,4.09,6.5342,0.2631,576,822
Takanini South,House,2,12,6,15,541,519,608,650,164,3.52,6.2297,0.4164,383,672
Takanini South,House,3,45,42,108,668,665,680,698,83,3.93,6.4893,0.2056,573,756
Takanini South,House,4,48,57,168,769,750,760,799,44,3.88,6.6438,0.0566,739,798
Takanini South,House,5+,6,3,18,1018,913,950,1055,179,3.29,6.9144,0.165,901,1125
Takanini South,House,NA,45,30,108,710,670,710,790,124,3.99,6.5398,0.2712,576,831
Takanini South East,House,1,105,3,105,647,620,680,730,138,4.06,6.4257,0.3795,478,798
Takanini South East,House,2,18,15,36,598,558,585,656,64,3.89,6.3888,0.1099,553,641
Takanini South East,House,3,51,57,96,668,639,670,699,39,3.9,6.5021,0.0588,641,694
Takanini South East,House,4,30,24,45,698,699,720,776,166,3.89,6.4859,0.4504,484,889
Takanini South East,House,5+,6,6,9,816,788,808,836,62,4,6.7026,0.0755,774,857
Takanini South East,House,NA,69,45,141,643,595,650,724,129,3.98,6.4288,0.3296,496,774
Takanini West,Flat,2,9,12,33,1026,500,530,580,1498,2.01,6.5142,0.7574,405,1124
Takanini West,House,1,27,3,30,629,580,620,695,100,4.1,6.4309,0.1653,555,694
Takanini West,House,2,9,9,24,594,590,600,610,86,4.23,6.3784,0.1437,535,649
Takanini West,House,3,24,30,114,632,620,650,683,145,3.79,6.375,0.5361,409,843
Takanini West,House,4,12,9,42,746,720,740,778,47,4.14,6.6129,0.064,713,777
Takanini West,House,NA,18,9,30,699,680,700,753,83,4,6.542,0.1269,637,756
Takapuna Central,Apartment,1,27,33,75,538,483,560,583,65,3.85,6.2806,0.123,492,580
Takapuna Central,Apartment,2,24,30,78,944,685,853,945,631,3.35,6.7585,0.3585,676,1097
Takapuna Central,Flat,2,6,0,30,846,611,865,1100,295,4,6.6927,0.3621,632,1030
Takapuna Central,House,1,18,3,33,827,580,790,1009,284,3.94,6.6608,0.3456,619,986
Takapuna Central,House,2,6,15,30,779,658,725,814,169,3.34,6.6401,0.1997,669,876
Takapuna Central,House,4,9,6,30,1845,1200,1225,1675,1728,3.19,7.3271,0.5419,1055,2192
Takapuna Central,House,5+,6,6,9,2540,1761,2460,3463,992,3.03,7.7715,0.4113,1797,3130
Takapuna Central,House,NA,9,12,24,990,670,1000,1275,409,4,6.8187,0.4385,681,1230
Takapuna South,Flat,2,6,0,24,799,595,683,886,312,4,6.6327,0.3543,598,965
Takapuna South,House,1,6,0,6,889,621,810,959,481,4.77,6.6801,0.4933,571,1111
Takapuna South,House,2,12,3,24,459,270,540,625,198,3.72,6.0206,0.5189,290,584
Takapuna South,House,3,6,9,21,1546,1181,1650,1838,504,4.23,7.2903,0.3624,1148,1872
Takapuna South,House,4,6,3,21,2008,1175,1295,2163,1717,2.66,7.2945,0.8627,823,2634
Takapuna West,Apartment,1,24,15,42,615,578,630,676,80,3.85,6.4129,0.141,554,670
Takapuna West,Apartment,2,54,36,114,729,650,683,840,119,3.85,6.5799,0.1557,649,800
Takapuna West,Apartment,3,6,3,18,809,658,793,944,180,4,6.6767,0.2242,682,923
Takapuna West,Flat,2,21,27,96,632,595,600,660,75,4,6.4426,0.1109,583,677
Takapuna West,House,1,57,9,66,807,610,680,900,314,4.26,6.6317,0.3451,601,958
Takapuna West,House,2,33,36,117,648,600,635,695,84,3.74,6.4658,0.1271,590,700
Takapuna West,House,3,33,45,141,846,750,800,900,319,3.5,6.6898,0.3183,649,997
Takapuna West,House,4,21,24,69,1041,940,1000,1150,177,3.69,6.9349,0.1598,923,1144
Takapuna West,House,5+,6,9,21,1307,920,995,1153,790,3.87,7.0692,0.4579,863,1600
Takapuna West,House,NA,30,24,51,870,625,770,1038,309,4,6.7137,0.329,660,1028
Takapuna West,Room,1,6,3,12,535,510,605,630,158,3.86,6.2396,0.3593,402,653
Tamakae,House,1,18,3,21,586,543,598,628,58,4.08,6.3691,0.1028,544,625
Tamakae,House,2,6,9,33,555,490,550,615,91,4,6.3088,0.1651,491,614
Tamakae,House,3,27,27,81,612,580,600,630,39,4.07,6.4141,0.0623,585,637
Tamakae,House,4,9,9,33,709,680,700,700,49,4,6.5625,0.0667,677,741
Tamakae,House,NA,9,12,15,673,623,700,710,59,4,6.5077,0.0908,630,713
Tamaki,Apartment,1,6,3,15,629,494,558,693,260,4,6.3857,0.3843,458,769
Tamaki,Apartment,2,12,3,21,541,495,600,613,154,3.67,6.2367,0.3991,391,669
Tamaki,House,1,42,3,45,591,526,625,723,220,4.19,6.2606,0.5928,351,781
Tamaki,House,2,27,18,162,341,103,205,600,240,3.48,5.5288,0.8308,144,441
Tamaki,House,3,51,45,351,453,168,600,685,279,3.66,5.855,0.7908,205,595
Tamaki,House,4,18,18,72,576,282,699,773,274,3.6,6.181,0.6951,303,773
Tamaki,House,NA,15,12,51,706,620,700,800,95,4,6.5509,0.1351,639,767
Taupaki,House,1,12,3,9,641,573,630,703,150,4.26,6.4361,0.246,529,737
Taupaki,House,2,12,9,39,630,550,595,635,167,3.64,6.4206,0.2257,528,715
Tawharanui Peninsula,House,1,9,3,6,1055,760,1200,1225,356,4.43,6.909,0.356,788,1273
Tawharanui Peninsula,House,2,6,6,12,625,588,600,638,87,3.04,6.431,0.1326,568,679
Tawharanui Peninsula,House,3,12,9,30,827,750,775,838,165,3.75,6.7022,0.1756,723,917
Tawharanui Peninsula,House,4,9,9,21,930,665,850,1275,427,3.38,6.7242,0.5152,588,1178
Te Atatu Peninsula Central,Apartment,2,6,6,12,588,550,585,623,43,3.76,6.3738,0.0741,558,616
Te Atatu Peninsula Central,House,1,54,9,60,603,550,610,683,156,4.33,6.3372,0.444,419,763
Te Atatu Peninsula Central,House,2,30,27,81,598,571,590,600,64,3.77,6.3884,0.0938,558,634
Te Atatu Peninsula Central,House,3,45,45,138,703,650,680,700,272,3.68,6.5159,0.2563,569,803
Te Atatu Peninsula Central,House,4,6,12,39,779,731,775,838,64,4,6.6554,0.0824,735,821
Te Atatu Peninsula Central,House,5+,6,0,15,962,849,960,1000,141,4.01,6.8601,0.1418,866,1049
Te Atatu Peninsula Central,House,NA,18,15,51,613,590,630,663,87,4,6.4076,0.1588,545,675
Te Atatu Peninsula East,House,1,15,0,15,676,550,660,715,145,4.63,6.4971,0.1963,581,757
Te Atatu Peninsula East,House,3,12,24,81,721,640,695,783,113,3.43,6.5702,0.1525,644,791
Te Atatu Peninsula East,House,4,6,3,30,945,888,918,979,92,3.85,6.8468,0.093,884,1002
Te Atatu Peninsula East,House,5+,6,0,21,1000,958,980,1023,64,4.48,6.9063,0.0625,957,1042
Te Atatu Peninsula North West,House,1,63,12,84,555,500,595,680,193,4.06,6.2129,0.5483,345,723
Te Atatu Peninsula North West,House,2,27,42,90,596,580,595,618,30,3.91,6.3885,0.0514,575,616
Te Atatu Peninsula North West,House,3,48,45,159,636,596,650,694,103,4.02,6.4276,0.2973,506,756
Te Atatu Peninsula North West,House,4,12,12,33,793,715,850,884,138,3.93,6.6607,0.1887,688,887
Te Atatu Peninsula North West,House,NA,33,30,81,587,558,580,628,81,4.03,6.3654,0.1407,529,639
Te Atatu Peninsula West,Flat,1,6,0,9,455,446,488,496,74,3.27,6.1091,0.1779,399,507
Te Atatu Peninsula West,House,1,45,3,63,609,570,620,673,140,4.32,6.3657,0.372,452,747
Te Atatu Peninsula West,House,2,48,33,123,593,563,590,614,49,3.86,6.3814,0.0826,559,625
Te Atatu Peninsula West,House,3,36,48,150,661,649,665,693,60,3.79,6.4897,0.0971,617,703
Te Atatu Peninsula West,House,4,6,12,51,806,769,790,838,54,4.67,6.6901,0.0658,769,841
Te Atatu Peninsula West,House,NA,30,24,69,563,535,580,650,170,4.02,6.2413,0.532,359,735
Te Atatu South-Central,Flat,2,6,12,27,533,496,515,560,130,3.42,6.2526,0.2464,440,613
Te Atatu South-Central,House,1,42,9,63,640,570,645,700,112,4.44,6.4469,0.1743,561,709
Te Atatu South-Central,House,2,27,27,81,562,523,590,610,92,3.74,6.3145,0.2005,483,633
Te Atatu South-Central,House,3,48,48,177,639,630,660,695,117,3.6,6.426,0.3247,496,769
Te Atatu South-Central,House,4,9,18,69,723,625,790,868,216,3.76,6.517,0.4401,503,910
Te Atatu South-Central,House,NA,18,15,60,585,573,650,700,194,4,6.2617,0.5947,351,783
Te Atatu South-Edmonton,House,1,33,3,42,586,530,590,710,164,4.06,6.2941,0.504,385,761
Te Atatu South-Edmonton,House,2,24,24,93,548,525,560,583,50,3.62,6.3024,0.0942,512,582
Te Atatu South-Edmonton,House,3,63,54,228,643,620,650,690,88,3.88,6.446,0.2591,529,751
Te Atatu South-Edmonton,House,4,9,9,48,772,750,790,830,86,3.87,6.6424,0.1207,707,832
Te Atatu South-Edmonton,House,NA,15,18,39,656,558,675,713,97,3.92,6.4758,0.1483,587,718
Te Atatu South-McLeod North,Apartment,2,9,3,12,559,550,570,580,44,3.54,6.3239,0.085,527,591
Te Atatu South-McLeod North,House,1,132,3,129,580,530,565,590,87,4.1,6.3527,0.1388,523,630
Te Atatu South-McLeod North,House,2,15,24,87,571,525,560,595,73,3.8,6.3402,0.1146,525,612
Te Atatu South-McLeod North,House,3,39,39,171,648,610,650,680,56,4.09,6.4711,0.0844,610,684
Te Atatu South-McLeod North,House,4,6,27,45,754,728,765,783,62,3.72,6.622,0.0837,710,795
Te Atatu South-McLeod North,House,NA,57,30,93,615,550,580,670,102,4.08,6.4101,0.1486,550,672
Te Atatu South-McLeod South,Flat,1,6,3,9,552,480,585,668,153,3.7,6.2742,0.3205,428,659
Te Atatu South-McLeod South,House,1,27,0,36,684,590,650,780,187,4.32,6.4674,0.4289,482,860
Te Atatu South-McLeod South,House,2,15,18,45,553,540,550,588,53,3.75,6.3109,0.0984,515,588
Te Atatu South-McLeod South,House,3,30,30,120,675,643,650,700,71,3.91,6.5091,0.098,628,717
Te Atatu South-McLeod South,House,4,15,21,54,757,700,720,822,109,4.05,6.6198,0.1397,682,824
Te Atatu South-McLeod South,House,NA,18,12,48,648,578,630,705,288,4,6.3204,0.68,351,879
Te Kuru,House,1,6,0,9,661,534,583,708,245,4.51,6.4412,0.3387,499,788
Te Kuru,House,2,6,3,30,498,468,520,550,71,4.06,6.2014,0.1502,446,546
Te Kuru,House,3,6,3,21,668,628,680,720,83,3.47,6.4976,0.1275,609,723
Te Papapa,Apartment,2,9,0,18,537,499,550,558,38,3.86,6.283,0.0711,510,562
Te Papapa,House,1,21,6,24,669,565,670,775,139,3.94,6.4842,0.212,567,755
Te Papapa,House,2,21,24,72,604,550,620,650,68,3.8,6.397,0.1159,555,649
Te Papapa,House,3,24,24,126,706,655,730,780,144,3.86,6.5247,0.3187,550,845
Te Papapa,House,4,6,12,27,906,838,900,973,145,3.7,6.7978,0.1633,802,1000
Te Papapa,House,NA,6,3,15,814,728,760,886,144,3.85,6.6899,0.1691,718,901
Te Puru,Apartment,2,6,6,9,657,585,625,725,98,4,6.4783,0.145,590,718
Te Puru,House,1,42,3,45,792,620,830,904,175,4.1,6.651,0.221,666,898
Te Puru,House,2,12,12,33,607,595,610,620,34,3.83,6.4066,0.0557,583,629
Te Puru,House,3,9,15,33,721,680,750,785,84,3.22,6.5751,0.122,660,779
Te Puru,House,4,24,27,66,926,850,950,978,86,4.08,6.8264,0.0924,866,981
Te Puru,House,5+,6,12,21,1146,949,1128,1280,242,3.45,7.0255,0.2091,977,1295
Te Puru,House,NA,21,33,60,851,780,880,955,178,3.94,6.7202,0.2504,700,982
Thames Central,House,1,9,0,9,485,385,470,588,142,4.19,6.1465,0.2986,382,571
Thames Central,House,2,6,3,12,495,470,525,550,80,2.89,6.1937,0.1749,435,551
Thames Central,House,3,6,6,21,558,548,550,560,22,2.45,6.3229,0.0391,543,572
Thames Central,House,NA,6,6,3,514,389,495,620,149,4,6.2096,0.2931,408,606
Thames Coast,House,2,6,3,9,471,373,465,569,116,3.45,6.1288,0.2494,388,543
Thames Coast,House,3,6,6,30,600,588,600,613,41,4,6.3952,0.0682,572,627
Thames Coast,House,NA,6,3,6,524,488,505,541,79,3.98,6.253,0.1446,471,573
Thames North,House,1,12,3,9,552,523,558,580,84,4.07,6.3032,0.1518,493,605
Thames North,House,3,6,15,45,527,475,513,588,65,4,6.2603,0.1227,482,569
Thames South,House,1,18,0,21,568,540,578,629,103,3.74,6.3246,0.2029,487,640
Thames South,House,2,6,6,21,530,510,550,570,77,4.23,6.2642,0.1555,473,584
Thames South,House,3,24,15,96,590,578,600,630,64,3.49,6.3747,0.1159,543,635
Thames South,House,NA,6,0,15,648,628,665,685,62,4,6.4695,0.0992,603,690
The Gardens (Auckland),House,1,9,3,9,724,490,750,850,266,4.23,6.5259,0.3638,534,872
The Gardens (Auckland),House,2,6,3,6,529,525,543,546,33,3.49,6.269,0.0639,506,551
The Gardens (Auckland),House,3,12,9,39,741,734,770,810,176,4.08,6.5668,0.3429,564,896
The Gardens (Auckland),House,4,15,12,72,843,800,825,850,116,4.22,6.7292,0.124,769,909
The Gardens (Auckland),House,5+,6,9,21,1038,1025,1050,1063,63,3.49,6.9432,0.0618,994,1080
The Gardens (Auckland),House,NA,6,6,21,1002,873,993,1086,162,4,6.8987,0.1597,890,1104
The Strand,Apartment,1,141,93,165,379,345,389,399,50,3.91,5.9299,0.1249,346,409
The Strand,Apartment,2,33,30,99,568,540,560,650,119,3.64,6.3166,0.2485,468,655
The Strand,Apartment,3,18,18,42,541,280,525,788,271,3.41,6.1621,0.5408,329,683
The Strand,Apartment,NA,45,87,24,391,369,389,389,76,4.23,5.956,0.1458,350,426
The Strand,House,1,63,15,63,532,390,500,620,169,3.98,6.2277,0.3135,410,626
The Strand,House,3,24,27,60,761,733,750,830,135,3.78,6.6122,0.2424,632,876
The Strand,House,NA,18,21,30,453,349,485,524,100,4,6.0925,0.2289,379,516
The Strand,Room,1,12,0,9,345,320,335,340,46,3.8,5.8361,0.1255,315,373
Three Kings East,Apartment,2,9,9,15,670,625,650,730,82,3.85,6.5009,0.1227,613,723
Three Kings East,House,1,12,9,15,754,550,678,900,295,4.25,6.5601,0.368,551,905
Three Kings East,House,2,9,12,36,660,655,660,660,10,4.13,6.4921,0.015,653,667
Three Kings East,House,3,18,18,48,806,735,823,878,82,3.88,6.6874,0.1042,748,861
Three Kings East,House,4,6,6,27,1150,1125,1200,1225,173,4.13,7.0382,0.1616,1022,1271
Three Kings East,House,NA,9,6,18,781,700,750,890,176,4.1,6.6387,0.2217,658,887
Three Kings East,Room,1,27,3,24,347,330,350,360,26,2.43,5.846,0.0777,328,364
Three Kings West,Boarding House,1,6,3,3,265,250,265,280,17,3,5.5781,0.0654,253,277
Three Kings West,House,1,9,0,12,802,660,850,863,220,4.46,6.6534,0.2744,644,933
Three Kings West,House,2,9,9,21,621,565,640,670,82,3.85,6.4243,0.1349,563,675
Three Kings West,House,3,12,21,51,647,604,715,852,245,3.5,6.3673,0.5366,406,837
Three Kings West,House,4,6,6,12,915,838,880,958,131,4,6.8116,0.1381,828,997
Tindalls-Matakatia,House,1,9,3,9,828,450,680,950,506,4.63,6.5725,0.558,491,1042
Tindalls-Matakatia,House,2,6,12,21,593,574,605,655,106,3.24,6.368,0.2019,509,668
Tindalls-Matakatia,House,3,6,9,24,820,773,790,838,89,4.44,6.7051,0.1043,761,876
Tindalls-Matakatia,House,4,6,9,24,948,784,860,983,280,3.78,6.8242,0.249,778,1088
Titirangi South,House,1,6,3,12,738,538,743,935,209,4,6.5671,0.2948,583,868
Titirangi South,House,2,9,3,21,796,520,625,685,573,3.89,6.5372,0.5136,488,976
Titirangi South,House,3,9,6,39,729,680,700,735,80,3.92,6.5873,0.1039,677,779
Titirangi South,House,4,9,18,30,894,780,845,985,145,3.39,6.7845,0.1554,796,982
Titirangi South,House,5+,6,3,9,1141,1068,1095,1169,162,5.08,7.0327,0.1359,1034,1242
Torbay,Flat,1,9,3,18,404,400,450,480,134,3.83,5.9186,0.5108,264,525
Torbay,Flat,2,9,6,15,537,470,550,585,76,3.16,6.2777,0.1415,484,586
Torbay,House,1,21,6,18,688,525,680,850,232,4.59,6.4771,0.3554,512,826
Torbay,House,2,6,9,36,613,580,600,643,40,4.15,6.4172,0.0643,586,639
Torbay,House,3,21,24,99,746,670,725,780,204,3.63,6.5886,0.2173,628,841
Torbay,House,4,18,21,66,850,804,830,900,95,3.83,6.7391,0.1153,782,913
Torbay,House,5+,12,12,21,1001,950,1038,1199,288,3.81,6.8452,0.4344,701,1259
Torbay,House,NA,12,9,27,805,740,760,875,158,4,6.6744,0.1907,696,901
Totara Heights,House,1,30,0,30,730,681,730,778,149,4.05,6.5732,0.2005,625,819
Totara Heights,House,2,6,3,6,620,588,610,643,67,4,6.4255,0.106,575,663
Totara Heights,House,3,18,18,90,683,660,695,750,135,4.34,6.493,0.3117,535,815
Totara Heights,House,4,9,12,39,747,699,710,785,75,3.9,6.612,0.0966,697,794
Totara Vale North,House,1,18,0,21,703,669,690,750,90,3.85,6.5474,0.1322,638,762
Totara Vale North,House,3,51,45,180,696,650,683,756,95,3.94,6.5352,0.1547,621,765
Totara Vale North,House,4,9,15,27,1086,800,840,900,864,2.84,6.8492,0.4621,691,1288
Totara Vale North,House,NA,6,9,24,738,675,765,780,87,4,6.5984,0.1205,677,796
Totara Vale South,Apartment,2,6,3,9,560,548,550,563,27,3.91,6.3271,0.0474,542,578
Totara Vale South,Flat,2,6,3,42,555,525,545,558,62,3.69,6.3142,0.1058,514,593
Totara Vale South,House,1,33,3,39,680,605,680,740,130,4.29,6.5031,0.2105,579,769
Totara Vale South,House,2,21,21,75,609,570,600,640,123,3.9,6.3938,0.1935,525,682
Totara Vale South,House,3,30,54,174,675,650,690,740,97,3.87,6.5019,0.1737,593,749
Totara Vale South,House,4,12,15,54,799,699,830,895,113,3.49,6.6737,0.1444,718,872
Totara Vale South,House,NA,12,3,30,681,650,665,794,110,4,6.5105,0.1727,598,755
Totora-Kopu,House,1,6,0,6,673,673,680,680,15,3.74,6.5108,0.0226,662,683
Tuakau Rural,House,2,6,3,3,563,460,545,648,122,3.59,6.3148,0.2163,478,640
Tuakau Rural,House,3,6,3,18,651,599,625,678,77,4,6.4739,0.1135,600,700
Turanga,House,1,6,3,9,1045,650,1100,1438,444,4.33,6.8629,0.4805,691,1322
Turanga,House,3,12,9,36,650,633,665,700,157,3.95,6.4389,0.3182,505,776
Turanga,House,4,6,6,33,1201,1000,1100,1363,302,4.38,7.0658,0.236,999,1373
Turanga,House,5+,6,6,12,1220,915,1180,1315,652,3.15,6.9827,0.555,741,1567
Tuscany Heights,House,1,6,3,6,883,595,850,1126,319,3.91,6.7242,0.3701,648,1068
Tuscany Heights,House,5+,9,6,15,1417,1300,1600,1700,418,3.56,7.1978,0.404,1018,1755
Unsworth Heights East,House,1,12,3,15,702,626,710,795,135,4.09,6.5354,0.2027,601,790
Unsworth Heights East,House,3,66,57,201,693,680,700,750,86,3.94,6.5303,0.1634,614,765
Unsworth Heights East,House,4,18,18,45,756,703,790,850,127,4.26,6.6121,0.1939,653,848
Unsworth Heights East,House,5+,6,6,9,753,628,875,1000,349,4,6.4991,0.6401,432,1023
Unsworth Heights East,House,NA,6,6,24,721,653,695,854,158,4,6.5593,0.2285,605,823
Unsworth Heights East,Room,1,39,24,69,446,400,415,420,204,3.65,6.0601,0.23,367,500
Unsworth Heights East,Room,NA,27,39,27,410,400,400,415,18,4,6.0148,0.0425,398,421
Unsworth Heights West,Flat,2,6,3,12,585,569,585,601,30,4,6.3706,0.0509,565,605
Unsworth Heights West,House,1,6,0,9,759,724,765,829,102,3.93,6.623,0.1452,682,830
Unsworth Heights West,House,3,6,18,45,735,718,750,788,74,3.63,6.5949,0.1099,679,788
Unsworth Heights West,House,4,15,15,57,1053,800,830,850,863,3.37,6.8208,0.4437,680,1237
Victoria Park,Apartment,1,141,162,318,483,395,450,525,181,3.83,6.1401,0.2565,390,552
Victoria Park,Apartment,2,147,117,261,591,503,600,650,162,3.89,6.3403,0.3026,462,695
Victoria Park,Apartment,3,21,21,30,710,270,780,850,369,3.93,6.3822,0.6867,372,940
Victoria Park,Apartment,4,6,0,3,341,275,275,341,133,2.19,5.7855,0.3374,259,409
Victoria Park,Apartment,NA,24,27,45,556,473,560,633,90,4.1,6.3076,0.1621,492,612
Victoria Park,Boarding House,1,9,0,9,243,205,230,270,57,4,5.4681,0.2275,203,276
Victoria Park,Flat,1,6,3,9,467,431,473,499,61,4,6.1384,0.1321,424,506
Victoria Park,Flat,2,6,18,12,286,235,263,290,90,3.13,5.6196,0.2691,230,331
Victoria Park,House,1,168,18,180,551,456,545,600,165,4.04,6.2633,0.3353,419,658
Victoria Park,House,2,15,24,24,707,565,750,785,146,3.78,6.5413,0.2091,602,798
Victoria Park,House,3,6,6,12,524,190,430,764,432,3.69,5.9615,0.921,209,722
Victoria Park,House,NA,87,93,132,616,529,568,655,167,3.99,6.3938,0.2291,512,698
Victoria Park,Room,1,9,9,9,281,240,260,320,52,4,5.6244,0.1769,246,312
Victoria Park,Room,NA,6,3,3,308,183,195,223,281,2.57,5.5153,0.628,163,380
Vipond,House,1,9,0,9,785,650,680,763,383,4.47,6.5835,0.4206,544,960
Vipond,House,3,30,24,90,709,660,690,710,109,3.7,6.5554,0.1303,644,768
Vipond,House,NA,6,6,21,770,678,820,820,138,3.87,6.6322,0.1873,669,861
Waiake,House,1,30,0,30,760,584,758,843,275,4.23,6.5858,0.3005,592,888
Waiake,House,2,6,3,24,545,563,615,658,232,4.1,5.894,1.5007,132,998
Waiake,House,3,24,24,96,742,699,750,780,100,3.81,6.5999,0.1388,669,807
Waiake,House,4,12,21,60,808,758,800,820,68,3.94,6.6915,0.0823,762,852
Waiake,House,5+,6,6,21,1138,915,1110,1313,257,3.82,7.0155,0.2248,957,1296
Waiake,House,NA,6,3,15,805,645,745,905,218,4,6.6648,0.2597,658,934
Waiatarua,Flat,1,6,0,9,326,281,340,385,80,3.56,5.7629,0.263,267,380
Waiatarua,House,2,6,6,18,548,528,570,590,105,3.92,6.2899,0.2084,468,620
Waiatarua,House,3,6,6,15,785,678,745,798,166,3.69,6.6492,0.1931,678,880
Waiheke East,House,2,6,6,21,642,600,750,750,211,3.41,6.396,0.4486,443,811
Waihi East,House,1,18,3,15,525,460,500,591,79,4.01,6.253,0.1476,470,574
Waihi East,House,3,9,18,60,596,550,580,650,45,3.62,6.3882,0.0757,565,626
Waihi North,House,1,15,0,15,576,580,595,600,63,4.4,6.35,0.1226,527,622
Waihi North,House,3,21,15,57,572,490,580,640,97,3.83,6.3344,0.1731,502,633
Waihi North,House,NA,6,3,12,524,420,500,620,114,4,6.2402,0.2181,443,594
Waihi Rural,House,1,6,3,9,663,613,670,698,82,4.02,6.4895,0.1249,605,716
Waihi Rural,House,3,9,3,33,519,450,575,650,169,3.76,6.1909,0.4,373,640
Waihi Rural,House,4,6,3,12,656,625,655,686,88,2.91,6.4798,0.135,595,714
Waihi South,House,1,18,3,18,582,538,578,623,82,3.54,6.3575,0.1416,524,635
Waihi South,House,2,9,12,24,536,500,550,598,80,3.71,6.273,0.1609,476,591
Waihi South,House,3,12,21,69,542,535,570,635,157,3.78,6.1863,0.641,315,749
Waihi South,House,NA,12,12,12,535,513,593,621,153,3.77,6.2134,0.4616,366,682
Waikowhai North,House,1,21,3,21,653,575,650,695,164,4.22,6.4544,0.2371,542,746
Waikowhai North,House,2,6,3,18,529,485,565,609,127,4,6.2453,0.2691,430,618
Waikowhai North,House,3,18,15,78,688,636,655,680,123,3.94,6.5219,0.1459,616,750
Waikowhai North,House,4,6,6,18,718,713,720,743,39,4.35,6.5757,0.0551,691,745
Waikowhai South,Flat,1,6,6,18,479,438,478,514,47,3.65,6.1681,0.097,447,510
Waikowhai South,House,1,15,3,18,821,700,750,970,210,3.83,6.6825,0.2392,679,938
Waikowhai South,House,2,6,6,12,583,495,575,663,109,3.78,6.3541,0.1879,506,653
Waikowhai South,House,3,15,9,54,732,700,730,750,66,3.82,6.592,0.091,686,775
Waikowhai South,House,4,9,12,27,863,756,885,948,135,3.34,6.7496,0.1597,767,951
Waikowhai South,House,5+,9,9,18,1141,1020,1200,1275,166,4.34,7.0298,0.1521,1020,1252
Waikowhai South,House,NA,6,6,6,706,631,775,850,200,4,6.5234,0.3273,546,849
Waima-Woodlands Park,Flat,1,6,6,3,435,383,395,448,105,3.1,6.056,0.2207,368,495
Waima-Woodlands Park,House,1,9,0,6,674,565,720,768,146,3.7,6.4906,0.2318,564,770
Waima-Woodlands Park,House,3,12,15,42,687,699,730,750,128,3.88,6.5113,0.2313,576,786
Waima-Woodlands Park,House,4,6,3,15,804,714,810,900,112,4,6.682,0.1398,726,877
Waimauku,House,1,9,3,15,587,500,595,670,150,4.51,6.3421,0.2787,471,685
Waimauku,House,4,9,3,15,826,773,860,880,93,3.44,6.7105,0.1172,759,889
Wainui-Waiwera,House,1,12,0,12,798,613,770,901,293,4.97,6.6202,0.3723,584,964
Wainui-Waiwera,House,2,9,3,15,648,610,650,688,46,4,6.4715,0.071,616,678
Wainui-Waiwera,House,4,6,6,15,898,858,880,920,59,4,6.798,0.0646,858,936
Wainui-Waiwera,House,5+,6,3,15,1122,958,1115,1344,308,3.33,6.9882,0.2947,888,1322
Waitakere Ranges South,House,1,6,6,18,353,290,320,383,111,3.51,5.8284,0.2885,280,413
Waitoki,House,2,12,9,24,574,526,588,600,57,3.29,6.3482,0.1001,534,611
Waitoki,House,4,6,6,21,1100,1100,1150,1200,155,3.64,6.9935,0.1572,980,1211
Waiuku Central,House,1,9,0,9,540,428,500,645,129,4.37,6.2659,0.2366,449,617
Waiuku Central,House,3,15,18,30,620,593,630,650,35,3.63,6.429,0.0566,596,644
Waiuku Central,House,4,6,6,27,693,658,695,733,64,4,6.5379,0.0939,648,736
Waiuku East,House,1,12,0,12,646,628,660,695,76,3.91,6.464,0.1257,589,698
Waiuku East,House,3,18,18,54,595,580,595,600,30,4.04,6.3874,0.0495,575,614
Waiuku East,House,4,6,12,30,626,600,615,658,72,4.48,6.4338,0.1175,575,674
Warkworth East,House,1,39,0,33,665,550,690,750,121,4.14,6.4829,0.186,577,741
Warkworth East,House,2,18,21,45,555,500,535,570,78,3.75,6.3104,0.1247,506,599
Warkworth East,House,3,27,45,99,658,638,670,700,132,3.64,6.4656,0.2328,549,752
Warkworth East,House,4,33,30,81,749,730,750,789,63,3.71,6.6144,0.094,700,795
Warkworth East,House,NA,21,9,45,698,610,720,775,108,4,6.5369,0.1585,620,768
Warkworth West,House,1,15,0,15,703,630,720,750,104,4.28,6.5454,0.1497,629,770
Warkworth West,House,2,9,9,18,575,555,570,585,64,3.74,6.3492,0.1094,531,616
Warkworth West,House,3,9,15,63,677,630,700,720,61,3.81,6.5142,0.0928,634,718
Warkworth West,House,4,12,12,33,791,754,800,826,50,3.85,6.672,0.0632,757,824
Warkworth West,House,NA,18,6,21,688,630,700,728,70,4,6.5279,0.1061,637,735
Waterview,Apartment,2,6,3,18,594,549,588,631,54,3.61,6.384,0.0893,558,629
Waterview,Apartment,NA,18,0,21,586,530,540,628,92,4.16,6.3637,0.143,527,639
Waterview,Flat,2,6,6,30,573,538,540,600,59,3.76,6.3457,0.0977,534,609
Waterview,House,1,42,6,48,648,548,655,728,153,4.25,6.4283,0.372,482,796
Waterview,House,2,15,15,57,660,600,650,690,157,3.95,6.463,0.2594,538,764
Waterview,House,3,30,33,108,697,650,703,811,161,4.01,6.5073,0.3247,538,834
Waterview,House,4,9,12,45,874,823,890,900,65,4.02,6.7702,0.0744,829,916
Waterview,House,NA,24,12,36,640,548,630,723,100,3.54,6.4506,0.1549,570,703
Waterview,Room,1,6,0,6,403,348,390,445,71,2.61,5.9863,0.1737,354,447
Wattle Downs East,House,3,9,9,42,709,680,700,750,50,4.22,6.5623,0.07,675,742
Wattle Downs East,House,4,9,18,33,809,710,820,865,111,3.48,6.6874,0.1304,735,876
Wattle Downs East,House,NA,12,6,18,721,673,680,793,90,4,6.5737,0.1235,659,778
Wattle Downs North,House,1,45,3,42,531,400,600,695,226,4.28,6.1361,0.5948,309,690
Wattle Downs North,House,2,9,9,21,562,550,560,588,34,4,6.3301,0.0621,538,585
Wattle Downs North,House,3,30,27,150,677,636,680,700,63,4.02,6.5131,0.0895,634,716
Wattle Downs North,House,NA,6,6,27,545,466,615,721,230,4,6.1794,0.5884,325,718
Wattle Downs West,House,1,18,3,18,779,699,825,876,126,4.15,6.645,0.174,684,865
Wattle Downs West,House,3,12,9,78,664,643,650,728,63,4,6.4942,0.0962,620,706
Wattle Downs West,House,4,12,24,75,783,750,785,825,66,3.64,6.659,0.0885,735,828
Wellsford,House,1,18,6,21,535,435,535,615,103,4.1,6.2643,0.1991,459,601
Wellsford,House,2,9,9,33,523,500,530,538,67,4,6.2526,0.1262,477,566
Wellsford,House,3,24,24,66,596,565,585,615,52,4.11,6.3861,0.087,560,629
Wellsford,House,4,6,6,18,645,620,640,668,48,2.89,6.4674,0.0737,613,677
Wellsford,House,NA,6,6,12,592,563,605,633,57,4,6.3789,0.0997,551,630
Wesley East,House,1,12,3,9,602,565,640,750,204,3.92,6.2792,0.6509,344,827
Wesley East,House,3,15,15,45,664,650,680,750,132,3.75,6.4756,0.2374,553,762
Wesley East,House,4,6,0,15,869,783,843,929,122,3.78,6.7599,0.1373,786,946
Wesley East,Room,NA,6,0,6,356,288,360,450,103,2.4,5.8331,0.3141,276,422
Wesley West,Apartment,NA,6,0,6,418,400,410,428,24,4,6.0331,0.0557,402,433
Wesley West,House,1,21,6,21,644,450,620,770,195,4,6.4235,0.3044,502,757
Wesley West,House,2,6,3,15,564,564,585,585,43,3.94,6.3324,0.0785,533,593
Wesley West,House,3,39,27,93,662,649,660,720,126,3.73,6.3952,0.7568,360,998
Wesley West,House,NA,21,18,39,569,420,420,730,222,3.99,6.2798,0.3528,421,677
West Harbour Clearwater Cove,House,1,12,0,15,855,749,785,925,191,4.29,6.7303,0.2085,728,964
West Harbour Clearwater Cove,House,2,6,6,21,636,586,620,650,91,3.87,6.4467,0.1314,577,689
West Harbour Clearwater Cove,House,3,12,15,75,794,748,768,808,105,3.92,6.67,0.1229,726,857
West Harbour Clearwater Cove,House,4,12,9,63,855,831,865,875,83,4.03,6.747,0.0991,796,910
West Harbour Clearwater Cove,House,5+,6,6,21,972,885,950,1038,116,3.33,6.8732,0.1171,893,1045
West Harbour Luckens Point,House,1,9,0,12,848,775,880,955,172,4.21,6.7208,0.2258,712,966
West Harbour Luckens Point,House,3,9,6,57,729,680,745,780,78,3.9,6.5871,0.1092,674,781
West Harbour Luckens Point,House,4,9,9,48,926,840,870,985,146,4,6.8205,0.1507,828,1014
West Harbour Luckens Point,House,NA,6,6,21,743,699,834,888,279,4,6.5165,0.5197,476,960
West Harbour West,House,1,63,3,75,683,628,670,735,123,4.27,6.505,0.2331,571,782
West Harbour West,House,2,15,12,36,556,550,595,595,122,3.94,6.2776,0.3611,417,679
West Harbour West,House,3,69,96,276,652,620,650,680,100,4.19,6.4578,0.2646,533,762
West Harbour West,House,4,21,21,72,778,740,780,795,51,3.87,6.6546,0.0651,743,811
West Harbour West,House,NA,9,18,36,635,538,690,760,182,4.22,6.4016,0.373,469,775
West Lynn,House,1,18,0,18,591,479,600,705,197,4.31,6.3115,0.4227,414,733
West Lynn,House,2,6,9,21,594,580,590,605,58,3.87,6.3823,0.0972,554,631
West Lynn,House,3,27,27,78,674,655,680,720,56,3.85,6.5092,0.0873,633,712
West Lynn,House,4,12,9,27,850,800,850,880,132,3.82,6.7345,0.1543,758,933
West Lynn,House,NA,15,6,30,510,346,570,730,265,3.9,5.9878,0.8579,223,711
Western Heights (Auckland),House,1,18,3,18,709,593,725,855,218,4.52,6.4764,0.5355,453,932
Western Heights (Auckland),House,3,15,18,72,678,620,650,750,78,4.24,6.5135,0.1105,626,726
Western Heights (Auckland),House,4,18,9,60,765,679,830,850,153,4.08,6.6152,0.2475,632,882
Western Heights (Auckland),House,5+,6,6,24,929,898,960,985,83,3.62,6.8302,0.0931,869,985
Western Heights (Auckland),House,NA,9,6,27,781,715,770,850,138,4,6.6464,0.1805,682,870
Westgate South,House,1,39,3,39,659,600,650,693,77,4.37,6.4836,0.1147,606,707
Westgate South,House,2,21,18,60,625,600,650,650,43,4.1,6.4346,0.0718,594,654
Westgate South,House,3,42,39,120,690,664,693,704,41,3.95,6.5355,0.0597,662,717
Westgate South,House,4,9,9,54,768,748,780,858,211,3.95,6.579,0.446,533,972
Westgate South,House,NA,69,45,129,678,600,680,715,91,3.97,6.5112,0.1319,615,735
Westlake,Apartment,2,9,9,21,622,590,620,630,48,4,6.4307,0.0765,589,653
Westlake,Boarding House,1,6,0,6,219,200,210,210,37,4,5.3775,0.1471,196,239
Westlake,Flat,2,6,6,42,626,614,638,650,33,4,6.4387,0.0537,603,649
Westlake,House,1,24,3,33,766,653,745,835,167,3.94,6.6198,0.2046,653,861
Westlake,House,2,24,24,78,658,600,660,719,77,3.79,6.4828,0.1206,603,709
Westlake,House,3,39,33,96,813,740,820,890,149,3.94,6.6795,0.2271,683,928
Westlake,House,4,33,30,51,890,848,950,990,275,3.98,6.7139,0.465,602,1127
Westlake,Room,1,15,6,9,202,200,200,200,4,3.85,5.3096,0.0214,199,205
Westmere North,House,2,6,6,15,897,706,838,1036,229,4.02,6.7725,0.2482,739,1033
Westmere North,House,3,21,15,54,1100,948,1080,1200,209,3.56,6.9871,0.1832,957,1225
Westmere South-Western Springs,House,1,24,6,27,1134,869,933,1486,435,4.4,6.9689,0.3596,834,1355
Westmere South-Western Springs,House,2,6,12,24,804,738,750,906,144,3.75,6.6751,0.1803,702,895
Westmere South-Western Springs,House,3,24,33,90,960,819,898,1159,196,3.76,6.8484,0.1966,825,1076
Westmere South-Western Springs,House,4,12,15,42,1605,1110,1500,1970,613,3.47,7.3191,0.3629,1181,1927
Westmere South-Western Springs,House,NA,6,6,6,1285,835,1300,1413,710,3.35,7.0232,0.587,755,1668
Weymouth East,House,1,39,0,42,504,162,630,690,261,4.04,5.9762,0.8379,224,693
Weymouth East,House,2,9,3,33,373,162,373,560,201,3.83,5.7683,0.6081,212,482
Weymouth East,House,3,36,39,147,683,650,685,720,63,3.87,6.5232,0.0897,641,723
Weymouth East,House,4,9,6,51,774,758,780,800,40,4.28,6.6498,0.0526,746,801
Weymouth East,House,NA,6,9,30,533,473,670,678,258,4,6.0699,0.8203,249,752
Weymouth North,House,1,33,3,36,682,630,680,710,90,4.01,6.5168,0.1242,622,736
Weymouth North,House,3,39,45,210,653,620,650,700,88,5.4,6.4715,0.1559,582,718
Weymouth North,House,4,6,15,60,726,703,750,760,54,3.65,6.5845,0.0771,687,762
Weymouth North,House,NA,6,9,24,618,598,625,668,74,4,6.4193,0.1257,564,668
Weymouth South,Flat,2,6,6,15,595,550,580,625,77,3.56,6.3824,0.1267,543,644
Weymouth South,House,1,42,3,48,544,451,600,696,255,4.22,6.0954,0.7672,265,745
Weymouth South,House,2,18,18,45,654,650,670,680,51,4.12,6.48,0.0842,616,690
Weymouth South,House,3,27,36,132,597,595,680,700,181,3.89,6.3184,0.4489,410,751
Weymouth South,House,4,9,6,57,765,735,840,850,140,3.69,6.6203,0.2274,643,875
Weymouth South,House,NA,15,12,42,640,620,670,680,78,4,6.453,0.1348,579,695
Whangamata,House,1,30,6,24,745,550,600,688,778,3.24,6.4597,0.4195,481,848
Whangamata,House,2,12,15,36,533,513,550,580,65,3.42,6.2712,0.1304,485,578
Whangamata,House,3,15,27,57,625,610,630,650,45,3.43,6.4358,0.0742,593,656
Whangamata,House,4,6,3,12,768,688,695,775,155,3.12,6.6294,0.1859,668,858
Whangamata,House,NA,9,12,9,536,500,500,550,69,4,6.2784,0.1203,491,578
Whangaparoa Central,Apartment,2,6,9,21,552,530,535,553,41,3.39,6.3111,0.0705,525,577
Whangaparoa Central,House,1,15,3,15,706,550,690,825,201,4.5,6.5196,0.3022,553,832
Whangaparoa Central,House,2,12,12,51,583,550,560,596,92,4,6.3569,0.1499,521,638
Whangaparoa Central,House,3,36,27,129,680,650,700,710,93,3.73,6.5083,0.1954,588,765
Whangaparoa Central,House,4,24,21,57,805,730,788,886,125,3.65,6.6794,0.1554,717,884
Whangaparoa Central,House,NA,12,12,33,676,576,673,773,120,4,6.5014,0.179,590,752
Whenuapai,Flat,1,6,3,6,521,459,538,600,95,4,6.2433,0.1873,453,584
Whenuapai,House,1,66,3,69,681,638,683,775,185,4.3,6.4489,0.4878,455,878
Whenuapai,House,2,33,24,75,622,600,620,640,49,3.76,6.4295,0.0818,587,655
Whenuapai,House,3,45,45,156,683,655,700,730,100,3.85,6.5113,0.1979,589,769
Whenuapai,House,4,39,27,105,830,760,800,850,142,3.87,6.7064,0.1766,726,921
Whenuapai,House,5+,6,3,33,1044,900,1005,1113,170,4.21,6.9395,0.1567,929,1147
Whenuapai,House,NA,42,21,114,706,620,700,780,122,4,6.5449,0.1738,619,782
Whitianga North,Apartment,2,6,6,6,485,465,480,500,57,3.21,6.1789,0.1176,446,522
Whitianga North,Flat,1,6,3,3,320,270,320,370,58,3.08,5.756,0.1819,280,357
Whitianga North,House,1,12,6,15,551,458,520,620,193,4.09,6.2215,0.5162,355,713
Whitianga North,House,3,6,9,27,591,569,598,620,35,4.23,6.3809,0.0592,567,615
Whitianga North,House,NA,9,9,18,487,400,450,500,133,4,6.1576,0.2534,398,560
Whitianga South,Apartment,2,6,0,9,506,464,495,538,109,3.81,6.2098,0.2141,431,575
Whitianga South,House,1,51,9,51,552,480,580,620,98,3.83,6.2953,0.1959,475,619
Whitianga South,House,2,9,12,60,470,450,450,480,55,3.64,6.1464,0.1198,431,506
Whitianga South,House,3,21,33,105,586,550,600,650,85,3.56,6.3604,0.1698,516,649
Whitianga South,House,4,6,24,24,681,650,675,706,38,3.74,6.5228,0.0548,656,706
Whitianga South,House,NA,12,6,24,546,458,505,661,118,4,6.2807,0.2162,462,618
Windsor Park,House,1,18,3,21,913,805,978,1025,140,4,6.8046,0.1587,810,1004
Windsor Park,House,2,6,3,18,631,584,618,665,61,3.02,6.4442,0.0959,590,671
Windsor Park,House,3,12,18,45,701,693,725,788,134,3.79,6.5321,0.2247,590,799
Windsor Park,House,4,9,9,39,786,720,800,920,164,4,6.6435,0.2372,654,901
Windsor Park,House,NA,18,6,24,867,680,923,998,251,4,6.7139,0.3608,646,1051
Wiri East,Apartment,1,27,9,27,475,450,490,500,59,4,6.1556,0.138,429,517
Wiri East,Apartment,2,6,6,3,631,621,640,650,26,3.18,6.4471,0.0417,613,649
Wiri East,House,1,48,6,51,591,548,600,650,109,4.04,6.3636,0.1974,508,663
Wiri East,House,2,18,24,69,600,599,600,620,25,3.87,6.3966,0.0435,582,618
Wiri East,House,3,24,27,93,658,628,650,680,65,4,6.4855,0.094,615,698
Wiri East,House,NA,30,21,69,509,445,475,588,95,4.02,6.2151,0.1828,442,566
Wiri West,Boarding House,1,117,102,105,504,475,500,500,36,3,6.2207,0.0688,480,527
Wiri West,House,1,12,0,12,573,513,585,620,59,3.81,6.3451,0.1052,531,612
Wiri West,House,2,15,9,18,570,595,610,620,112,2.69,6.3102,0.3233,442,684
Wiri West,House,3,12,3,21,646,620,620,686,35,2.3,6.4687,0.0544,621,669
Wiri West,House,NA,24,18,42,615,580,620,648,44,3.92,6.4185,0.0718,584,644
Wynyard-Viaduct,Apartment,1,72,72,150,796,553,650,740,548,3.37,6.4143,1.4012,237,1571
Wynyard-Viaduct,Apartment,2,30,33,81,1358,833,900,1444,879,3.21,7.0568,0.5333,810,1663
Wynyard-Viaduct,House,1,57,6,57,1021,608,750,1100,830,3.87,6.7543,0.5268,601,1224
Wynyard-Viaduct,House,NA,39,48,54,910,700,850,1050,360,3.87,6.7439,0.3713,661,1090
