area,dwell,nBedrms,nLodged,nClosed,nCurr,mean,lq,med,uq,sd,brr,lmean,lsd,slq,suq
Algies Bay-Scotts Landing,House,3,6,9,21,649,610,640,648,69,2.53,6.4713,0.101,604,692
Algies Bay-Scotts Landing,House,NA,6,3,6,734,708,760,775,80,4,6.5934,0.115,676,789
Cape Rodney,House,1,6,3,12,451,340,463,551,153,3.3,6.0583,0.3652,334,547
Cape Rodney,House,2,9,3,24,556,500,570,635,98,3.76,6.3057,0.1884,482,622
Cape Rodney,House,3,21,18,60,610,553,630,678,113,3.65,6.3943,0.2126,518,691
Cape Rodney,House,4,6,9,21,820,675,790,935,220,3.88,6.6827,0.2653,668,955
Cape Rodney,House,NA,6,9,15,918,715,825,1013,375,3.77,6.7531,0.3915,658,1116
Dairy Flat North,Flat,1,6,3,3,400,350,388,438,114,3.17,5.9613,0.2842,320,470
Dairy Flat North,Flat,2,6,0,9,513,490,540,563,78,4,6.2297,0.1637,455,567
Dairy Flat North,House,1,9,3,6,772,465,500,1100,418,4,6.5238,0.5375,474,979
Dairy Flat North,House,2,24,6,45,627,553,600,648,135,3.88,6.4193,0.2178,530,711
Dairy Flat North,House,3,36,6,63,752,705,750,800,146,4,6.5971,0.2582,616,872
Dairy Flat North,House,4,75,12,132,885,846,860,900,136,3.89,6.7742,0.1483,792,967
Dairy Flat North,House,5+,18,9,48,1152,940,1000,1210,329,3.87,7.0169,0.2472,944,1318
Dairy Flat North,House,NA,51,12,66,839,680,833,903,238,4.06,6.6959,0.2667,676,969
Dairy Flat West,House,2,9,9,33,603,580,600,635,40,3.87,6.3992,0.0661,575,629
Dairy Flat West,House,3,6,6,30,783,683,750,878,148,4,6.649,0.1855,681,875
Dairy Flat West,House,4,9,9,33,1077,710,800,1450,436,4,6.9118,0.3915,771,1307
Dairy Flat West,House,5+,6,6,9,1408,1038,1215,1585,555,4,7.1976,0.3614,1047,1705
Dairy Flat West,House,NA,6,3,12,783,691,695,886,141,4,6.6509,0.1716,689,868
Dome Valley-Matakana,House,2,6,6,12,570,550,550,570,40,3.04,6.3439,0.0679,544,596
Dome Valley-Matakana,House,3,9,9,21,726,650,650,700,216,3.56,6.5556,0.2518,593,833
Dome Valley-Matakana,House,4,9,3,18,743,670,815,850,185,3.4,6.5778,0.2834,594,870
Dome Valley-Matakana,House,NA,6,0,6,774,629,800,850,176,3.89,6.6287,0.2259,650,881
Hatfields Beach,Flat,1,12,3,6,460,413,500,500,81,3.78,6.1145,0.192,397,515
Hatfields Beach,House,2,6,3,12,548,533,550,565,53,3.75,6.3018,0.0983,511,583
Hatfields Beach,House,3,6,9,36,667,603,675,718,69,4.01,6.4977,0.105,618,712
Hatfields Beach,House,4,6,0,12,773,689,745,829,149,4,6.6362,0.1876,672,865
Helensville,Flat,1,6,0,15,374,340,340,423,97,3.67,5.8968,0.2585,306,433
Helensville,House,1,9,0,15,574,565,630,680,143,3.94,6.3185,0.2977,454,678
Helensville,House,2,6,6,15,503,470,520,535,72,3.65,6.2121,0.1476,451,551
Helensville,House,3,12,21,57,621,591,630,650,59,3.85,6.4264,0.099,578,661
Helensville,House,4,12,9,30,689,645,695,739,63,3.82,6.5316,0.092,645,730
Helensville,House,NA,12,0,18,647,578,650,703,88,3.65,6.4645,0.1341,586,703
Helensville Rural,House,1,9,0,12,585,435,635,710,196,4,6.3175,0.3662,433,709
Helensville Rural,House,2,6,3,12,510,475,490,525,62,4.24,6.2291,0.1169,469,549
Helensville Rural,House,3,6,6,12,717,700,700,725,29,3.35,6.5741,0.0398,697,736
Helensville Rural,House,4,9,3,12,701,650,700,755,72,3.74,6.5486,0.1033,651,749
Helensville Rural,House,NA,6,6,6,730,718,750,763,77,2.97,6.5886,0.1102,675,783
Kaipara Hills,House,2,9,3,15,567,535,600,615,84,3.53,6.3301,0.1606,504,625
Kaipara Hills,House,3,6,3,12,648,585,650,713,95,3.21,6.4649,0.1485,581,710
Kaipara Hills,House,NA,6,0,9,825,555,830,1100,318,3.95,6.6564,0.4006,594,1019
Kingsway,House,2,6,6,12,623,544,625,650,102,3.68,6.4244,0.1586,554,686
Kingsway,House,3,21,15,36,719,705,720,750,82,3.51,6.5713,0.1237,657,776
Kingsway,House,4,12,9,45,853,828,850,868,43,3.79,6.7474,0.0497,824,881
Kingsway,House,NA,6,3,9,678,535,650,763,166,4,6.4944,0.2356,564,775
Kumeu Rural West,House,2,9,3,33,602,550,560,600,138,3.91,6.3815,0.1891,520,671
Kumeu Rural West,House,3,9,6,30,707,595,650,800,132,3.9,6.5454,0.1841,615,788
Kumeu Rural West,House,4,9,6,27,925,750,950,1180,437,4.25,6.1452,2.3193,98,2230
Kumeu Rural West,House,NA,15,0,24,932,630,850,1025,434,4.14,6.7404,0.4582,621,1152
Mangawhai,House,1,6,3,6,633,581,625,673,77,3.04,6.4437,0.1197,580,682
Mangawhai,House,3,21,24,33,649,600,650,680,53,3.9,6.4724,0.08,613,683
Mangawhai,House,NA,12,9,15,690,650,700,750,77,3.97,6.5305,0.1178,633,742
Millwater North,Apartment,2,6,9,9,634,626,630,638,26,4,6.4516,0.0408,617,651
Millwater North,House,3,9,6,18,758,745,760,780,67,3.73,6.6271,0.0936,709,805
Millwater North,House,4,33,24,57,869,848,875,893,65,3.96,6.7642,0.0777,822,913
Millwater North,House,5+,9,9,15,1062,998,1050,1135,90,4,6.9648,0.0835,1001,1120
Millwater North,House,NA,15,3,18,824,761,820,878,98,4.02,6.7076,0.1246,753,890
Millwater South,House,1,9,0,9,789,630,860,925,226,4,6.6311,0.3108,615,935
Millwater South,House,3,12,21,18,747,695,780,795,76,3.96,6.6108,0.1049,692,798
Millwater South,House,4,36,39,48,881,843,880,900,102,3.94,6.7748,0.1064,815,941
Millwater South,House,5+,15,21,21,1068,980,1050,1200,119,3.86,6.9674,0.1105,985,1144
Millwater South,House,NA,69,9,78,794,685,775,880,152,3.96,6.6596,0.184,689,883
Muriwai,House,1,6,0,6,575,475,513,613,154,3.24,6.3303,0.2461,475,663
Muriwai,House,3,6,3,24,728,570,595,753,283,3.21,6.5421,0.3393,552,872
Okahukura Peninsula,House,1,6,3,3,415,370,400,445,124,3.66,5.9952,0.2973,329,491
Okahukura Peninsula,House,3,6,9,24,576,538,570,605,66,4,6.351,0.1121,531,618
Okahukura Peninsula,House,NA,9,0,9,645,540,595,684,210,3.87,6.4295,0.3026,505,760
Okura Bush,House,4,9,6,27,1140,935,960,1350,302,3.89,7.0106,0.2524,935,1314
Okura Bush,House,NA,6,0,9,1066,956,1025,1135,236,4,6.9542,0.2154,906,1211
Orewa Central,Apartment,1,6,0,15,497,460,495,508,59,3.65,6.2022,0.1157,457,534
Orewa Central,Apartment,2,15,15,36,663,630,680,695,66,3.33,6.4925,0.1029,616,708
Orewa Central,Apartment,3,6,6,18,687,680,680,688,48,3.29,6.5298,0.069,654,718
Orewa Central,Flat,1,6,6,12,515,478,495,533,59,4,6.2395,0.1105,476,552
Orewa Central,Flat,2,6,0,27,620,528,570,613,185,3.09,6.3987,0.261,504,717
Orewa Central,House,1,12,3,21,636,539,605,730,114,4.2,6.4413,0.1761,557,706
Orewa Central,House,2,30,42,81,635,591,630,648,170,3.94,6.4322,0.1849,549,704
Orewa Central,House,3,39,33,93,710,680,730,750,75,3.79,6.56,0.1121,655,762
Orewa Central,House,4,9,9,18,929,820,895,1000,175,3.78,6.8194,0.1835,809,1036
Orewa Central,House,NA,18,12,21,622,529,630,770,193,3.98,5.9105,2.4832,69,1969
Orewa North,Apartment,2,6,6,18,681,671,693,703,36,4,6.5229,0.0535,656,706
Orewa North,House,1,9,3,9,551,473,520,620,100,4.18,6.2976,0.177,482,612
Orewa North,House,2,18,15,18,604,550,595,621,66,4,6.3983,0.1027,561,644
Orewa North,House,3,27,21,54,759,720,750,780,85,3.82,6.6262,0.1084,701,812
Orewa North,House,4,24,21,48,884,843,860,923,79,4.11,6.7811,0.0862,831,934
Orewa North,House,5+,15,21,21,1072,980,1100,1165,131,3.77,6.9706,0.1227,980,1157
Orewa North,House,NA,78,12,90,750,600,720,850,161,4.04,6.5988,0.2076,638,845
Orewa South,Apartment,2,6,0,3,560,550,555,565,14,4,6.3277,0.025,551,569
Orewa South,House,2,18,24,51,599,558,592,623,84,3.82,6.3865,0.1289,544,648
Orewa South,House,3,27,27,81,738,680,720,740,143,3.7,6.586,0.1899,638,824
Orewa South,House,4,21,18,33,767,795,840,864,263,3.93,6.119,1.9837,119,1732
Orewa South,House,5+,6,6,6,1088,988,1100,1200,151,4,6.983,0.1419,980,1186
Orewa South,House,NA,33,6,30,883,790,875,970,203,3.92,6.7593,0.225,741,1003
Parakai,Apartment,1,6,3,9,342,320,320,320,53,3.77,5.8251,0.1392,308,372
Parakai,House,2,6,0,12,485,468,510,528,79,3.64,6.173,0.1773,426,541
Parakai,House,3,9,12,27,573,553,568,588,32,3.36,6.3486,0.0554,551,593
Puhoi Valley,House,1,6,0,15,695,415,533,813,418,3.7,6.4259,0.5393,429,889
Puhoi Valley,House,2,9,12,18,534,495,500,585,82,3.4,6.27,0.152,477,586
Puhoi Valley,House,3,21,15,54,623,550,600,700,202,3.44,6.3713,0.4027,446,767
Puhoi Valley,House,4,6,9,24,726,673,740,813,119,4,6.5749,0.1773,636,808
Puhoi Valley,House,5+,6,3,9,997,693,970,1180,358,4,6.8508,0.3586,742,1203
Puhoi Valley,House,NA,12,6,24,718,675,750,778,84,3.91,6.5694,0.1241,656,775
Red Beach East,House,2,15,15,51,595,550,600,645,56,3.41,6.3849,0.0949,556,632
Red Beach East,House,3,33,30,78,700,665,700,730,50,3.73,6.549,0.0725,665,734
Red Beach East,House,4,12,12,42,862,790,830,850,132,3.69,6.7499,0.1391,777,938
Red Beach East,House,NA,6,3,12,926,696,800,925,529,3.13,6.7238,0.4683,607,1141
Red Beach West,House,1,6,0,6,755,720,725,760,64,4,6.6242,0.081,713,795
Red Beach West,House,2,15,12,27,605,580,630,650,57,3.79,6.4002,0.1004,563,644
Red Beach West,House,3,6,15,42,737,688,735,778,59,4,6.5996,0.0803,696,776
Red Beach West,House,4,12,18,27,1073,800,848,890,781,2.81,6.85,0.4524,696,1281
Red Beach West,House,NA,12,0,18,768,699,750,835,117,4.03,6.6322,0.1593,682,845
Sandspit,House,1,6,0,6,725,575,700,850,222,4.07,6.551,0.3066,569,861
Sandspit,House,NA,6,3,3,725,550,725,900,202,4,6.5562,0.2843,581,852
Silverdale Central (Auckland),House,3,6,3,15,683,665,685,698,24,4,6.5252,0.0359,666,699
Silverdale Central (Auckland),House,4,12,15,18,817,795,810,849,43,4,6.7049,0.0531,788,846
Silverdale Central (Auckland),House,5+,6,3,3,900,858,875,918,69,4.04,6.8003,0.0743,854,944
Silverdale Central (Auckland),House,NA,18,6,24,819,780,825,845,100,4,6.7009,0.1237,748,884
Silverdale South (Auckland),Flat,2,6,0,3,548,520,540,568,34,3.27,6.3039,0.0616,524,570
Silverdale South (Auckland),House,2,6,9,18,579,555,593,611,46,3.61,6.358,0.0812,546,610
Silverdale South (Auckland),House,3,9,6,39,706,630,720,750,93,3.26,6.5513,0.1306,641,765
Silverdale South (Auckland),House,4,9,9,24,901,814,905,991,109,3.93,6.7973,0.1225,824,973
Snells Beach,Flat,2,6,3,12,565,464,488,650,148,3.73,6.3109,0.2437,467,649
Snells Beach,House,1,6,6,15,487,405,435,525,129,3.58,6.1617,0.2416,403,558
Snells Beach,House,2,18,18,36,570,541,573,595,75,3.92,6.3385,0.1256,520,616
Snells Beach,House,3,30,36,90,658,600,650,680,67,3.55,6.4842,0.0999,612,700
Snells Beach,House,4,18,18,45,704,679,700,798,112,3.29,6.5443,0.171,620,780
Snells Beach,House,NA,30,9,39,674,595,700,750,127,4.02,6.4939,0.2093,574,761
South Head,House,2,6,3,9,505,450,480,535,75,2.89,6.2166,0.1439,455,552
South Head,House,3,9,3,36,638,585,600,600,128,3.94,6.4434,0.1764,558,708
South Head,House,NA,6,3,15,713,470,600,650,444,4.3,6.4576,0.4612,467,870
Stanmore Bay West,House,1,6,3,6,514,424,478,568,122,4,6.2218,0.227,432,587
Stanmore Bay West,House,2,21,18,36,572,510,585,610,61,3.95,6.3433,0.1097,528,612
Stanmore Bay West,House,3,33,33,108,662,650,670,700,93,3.96,6.4764,0.2315,556,759
Stanmore Bay West,House,4,6,3,21,1171,721,843,1293,901,2.08,6.8771,0.6788,614,1533
Stanmore Bay West,House,NA,9,6,12,553,490,585,620,120,4,6.2946,0.2208,467,629
Tawharanui Peninsula,House,2,6,6,15,543,550,563,594,83,3.39,6.2847,0.1732,477,603
Tawharanui Peninsula,House,3,9,9,33,825,750,750,825,155,3.47,6.7022,0.1624,730,908
Tawharanui Peninsula,House,4,6,3,18,980,863,925,1194,253,3.56,6.8585,0.2673,795,1140
Te Kuru,House,3,6,3,21,647,569,653,721,83,3.63,6.4648,0.13,588,701
Te Kuru,House,4,6,6,18,784,750,760,815,44,3.89,6.6635,0.0551,755,813
Te Kuru,House,NA,9,3,24,661,473,600,808,232,3.63,6.4435,0.3264,504,783
Vipond,House,1,6,0,6,550,435,555,670,153,4,6.2797,0.2865,440,647
Vipond,House,3,30,24,90,705,655,680,728,116,3.6,6.5477,0.1451,633,769
Vipond,House,4,9,15,30,813,770,825,859,92,3.59,6.6942,0.1159,747,873
Vipond,House,NA,15,3,21,752,638,765,858,135,3.98,6.6072,0.1822,655,837
Waimauku,House,3,6,9,12,780,686,803,821,142,3.86,6.6454,0.1831,680,870
Waimauku,House,4,12,6,15,894,850,875,915,174,3.79,6.7794,0.1838,777,996
Waimauku,House,NA,9,0,9,754,568,860,915,198,4,6.5926,0.2796,604,881
Wainui-Waiwera,House,2,6,3,9,615,600,600,638,27,3.35,6.4208,0.044,597,633
Wainui-Waiwera,House,4,12,0,18,963,858,900,1035,177,3.94,6.8547,0.1783,841,1070
Wainui-Waiwera,House,NA,9,3,12,779,680,780,900,219,4,6.6107,0.3543,585,944
Waitoki,House,2,15,6,27,663,585,600,650,162,3.51,6.4747,0.2056,565,745
Waitoki,House,3,9,9,27,669,575,680,765,101,3.65,6.4953,0.1532,597,734
Warkworth East,Flat,2,6,3,9,498,470,485,513,38,3.48,6.2075,0.0742,472,522
Warkworth East,House,1,9,3,9,609,550,550,680,149,3.48,6.3876,0.2279,510,693
Warkworth East,House,2,15,12,45,546,530,550,570,30,4.07,6.3021,0.0554,526,566
Warkworth East,House,3,39,45,108,655,650,670,680,77,3.44,6.4762,0.1458,589,717
Warkworth East,House,4,30,33,75,726,708,738,786,107,3.69,6.5738,0.1866,631,812
Warkworth East,House,NA,48,18,51,698,635,720,750,93,3.93,6.5385,0.1394,629,759
Warkworth West,Apartment,2,6,3,3,540,528,540,553,18,3.96,6.2911,0.0338,528,552
Warkworth West,House,2,12,6,24,565,550,555,578,56,3.72,6.3318,0.0949,527,599
Warkworth West,House,3,18,21,72,651,600,670,700,62,3.68,6.4737,0.1008,605,693
Warkworth West,House,4,9,12,30,750,715,750,773,61,3.99,6.6165,0.0812,707,789
Warkworth West,House,NA,21,6,21,689,630,710,745,74,3.96,6.5299,0.1119,636,739
Wellsford,House,1,15,0,15,536,500,540,580,95,3.76,6.2688,0.1875,465,599
Wellsford,House,2,9,12,30,649,475,545,640,326,3.12,6.3964,0.3991,458,785
Wellsford,House,3,21,27,69,600,580,590,640,45,3.98,6.3934,0.0758,568,629
Wellsford,House,4,6,6,18,634,550,575,659,136,3.1,6.436,0.1985,546,713
Wellsford,House,NA,15,6,18,553,508,530,603,57,4.03,6.3098,0.1003,514,588
Whangaparoa Central,Apartment,2,12,9,24,549,528,530,555,42,3.72,6.3049,0.0734,521,575
Whangaparoa Central,House,2,15,18,45,567,510,575,600,91,4,6.3296,0.1543,505,622
Whangaparoa Central,House,3,36,27,120,716,650,670,700,381,3.77,6.4763,0.5047,462,913
Whangaparoa Central,House,4,24,21,63,816,750,795,875,108,3.79,6.6958,0.1275,742,882
Whangaparoa Central,House,NA,24,6,36,692,578,700,800,156,4,6.5125,0.2411,572,792
Albany Central,Apartment,1,36,30,84,502,423,545,591,129,3.8,6.1686,0.3705,372,613
Albany Central,Apartment,2,42,51,99,720,600,653,740,364,3.71,6.531,0.2518,579,813
Albany Central,Apartment,3,9,12,21,823,843,875,888,124,3.52,6.6993,0.1814,718,918
Albany Central,Apartment,NA,12,12,21,602,544,635,660,105,3.89,6.384,0.1912,521,674
Albany Central,Flat,1,6,3,3,318,318,320,320,5,3.28,5.7604,0.0159,314,321
Albany Central,House,1,9,6,9,609,500,600,730,189,3.89,6.3642,0.3415,461,731
Albany Central,House,2,6,21,15,660,605,680,680,80,4,6.4861,0.1217,604,712
Albany Central,House,NA,60,12,84,654,600,645,688,82,3.92,6.4753,0.1245,597,706
Albany Heights,Apartment,2,15,15,18,599,570,610,650,47,3.86,6.392,0.0806,565,630
Albany Heights,Apartment,NA,6,0,6,475,438,440,466,75,2.29,6.1536,0.1443,427,518
Albany Heights,House,1,6,0,12,768,638,760,800,230,4,6.6087,0.2733,617,892
Albany Heights,House,2,9,12,18,644,610,650,695,67,3.75,6.4633,0.1073,596,689
Albany Heights,House,3,33,42,99,796,690,735,760,352,3.67,6.6374,0.2422,648,899
Albany Heights,House,4,33,21,72,901,800,850,900,191,3.93,6.7877,0.1647,794,991
Albany Heights,House,5+,9,9,36,1056,925,1020,1175,178,4,6.9502,0.1638,934,1165
Albany Heights,House,NA,54,21,75,754,680,730,800,151,3.99,6.6077,0.1829,655,838
Albany Heights,Room,1,6,18,9,402,300,468,485,118,3.71,5.9525,0.3353,307,482
Albany Heights,Room,NA,51,24,39,265,235,245,245,70,3.02,5.5541,0.206,225,297
Albany South,Apartment,1,6,3,36,538,498,520,524,80,4,6.2788,0.1358,486,584
Albany South,Apartment,2,12,9,33,571,528,558,601,58,4,6.3426,0.098,532,607
Albany South,Apartment,3,6,0,9,709,706,738,740,59,3.78,6.5607,0.0874,666,750
Albany South,House,1,12,3,18,819,695,835,961,177,4,6.6844,0.2327,684,936
Albany South,House,3,24,27,96,811,753,795,894,80,3.92,6.6941,0.0991,755,863
Albany South,House,4,24,30,99,861,850,920,950,205,3.99,6.7049,0.3973,624,1067
Albany South,House,NA,12,6,24,875,661,805,1148,285,3.87,6.7246,0.3325,665,1042
Albany West,House,2,6,3,21,635,550,560,608,171,4,6.4291,0.23,531,724
Albany West,House,3,15,15,42,751,725,750,790,63,3.72,6.618,0.0859,706,793
Albany West,House,4,24,24,66,940,883,950,988,115,3.95,6.8389,0.1177,862,1011
Albany West,House,5+,9,6,18,1092,1000,1000,1180,180,3.9,6.9843,0.1604,969,1203
Albany West,House,NA,6,3,12,1060,950,950,1250,175,3.95,6.9554,0.1617,940,1170
Albany West,Room,1,21,15,72,439,225,235,720,257,3.65,5.9106,0.6035,246,554
Army Bay,House,2,9,3,27,559,520,550,595,50,3.74,6.3219,0.0898,524,591
Army Bay,House,3,12,9,33,699,650,665,760,86,3.97,6.5433,0.1182,641,752
Army Bay,House,4,12,6,27,770,735,770,811,158,4,6.6265,0.2088,656,869
Army Bay,House,NA,9,6,9,766,750,795,860,195,4,6.6062,0.2914,608,900
Awaruku,Flat,1,9,6,15,411,390,400,420,34,4,6.0168,0.0801,389,433
Awaruku,Flat,2,6,6,9,518,490,515,543,51,4,6.2454,0.0976,483,551
Awaruku,House,1,6,0,6,605,450,510,735,233,4,6.3483,0.3622,448,730
Awaruku,House,2,15,9,30,595,585,600,618,49,3.68,6.3844,0.0896,558,629
Awaruku,House,3,42,27,117,781,683,705,758,330,3.67,6.6108,0.2919,610,905
Awaruku,House,4,33,33,87,870,835,880,899,61,3.98,6.7656,0.0698,828,909
Awaruku,House,5+,6,6,21,933,843,910,1018,126,3.74,6.83,0.1335,846,1012
Awaruku,House,NA,12,3,24,715,560,755,850,178,4,6.5401,0.2735,576,833
Awaruku,Room,NA,6,3,3,405,375,410,440,82,2,5.9875,0.212,345,460
Browns Bay Central,Apartment,2,18,18,66,659,568,670,720,80,3.56,6.4837,0.1265,601,713
Browns Bay Central,Flat,2,12,6,45,555,541,555,575,47,3.83,6.3149,0.0861,522,586
Browns Bay Central,House,1,12,6,15,633,551,595,638,166,3.96,6.4213,0.2431,522,724
Browns Bay Central,House,2,15,24,54,640,560,580,655,163,3.82,6.4392,0.1991,547,716
Browns Bay Central,House,3,15,15,54,740,673,735,790,111,3.88,6.5962,0.1498,662,810
Browns Bay Central,House,4,18,9,39,904,796,880,956,171,3.83,6.7908,0.1847,785,1008
Browns Bay Central,House,NA,18,18,27,779,638,750,888,177,3.95,6.6354,0.2207,656,884
Browns Bay South East,Apartment,2,6,3,6,641,595,605,651,90,3.53,6.4566,0.1325,582,696
Browns Bay South East,Flat,2,6,6,9,563,535,575,603,55,2.97,6.3287,0.1004,524,600
Browns Bay South East,House,2,15,12,39,590,510,590,620,89,3.78,6.3699,0.1453,529,644
Browns Bay South East,House,3,24,18,81,716,680,700,750,154,3.63,6.5522,0.2172,605,811
Browns Bay South East,House,4,9,12,63,845,690,900,965,162,3.37,6.7228,0.1948,729,948
Browns Bay South East,House,5+,6,6,27,905,813,875,975,124,3.34,6.8004,0.1334,821,983
Browns Bay South East,House,NA,6,6,18,817,674,870,893,195,4,6.6792,0.2492,673,941
Browns Bay South West,House,1,6,6,6,592,460,593,710,142,4,6.3582,0.2448,489,681
Browns Bay South West,House,2,9,6,27,638,550,655,730,134,3.67,6.4365,0.2258,536,727
Browns Bay South West,House,3,63,54,150,742,695,780,840,144,3.88,6.5821,0.2655,604,864
Browns Bay South West,House,4,30,18,87,826,770,868,930,161,3.96,6.6944,0.2275,693,942
Browns Bay South West,House,5+,9,6,27,1125,1000,1200,1250,151,4,7.0164,0.1407,1014,1226
Browns Bay South West,House,NA,12,15,27,839,775,820,915,180,3.79,6.7079,0.2394,697,962
Coatesville,House,1,9,3,12,874,653,950,1125,304,4.16,6.7107,0.3984,628,1074
Coatesville,House,2,12,12,27,636,590,623,650,108,3.33,6.4445,0.1496,569,696
Coatesville,House,3,6,3,21,744,668,698,774,142,4,6.5991,0.1793,651,829
Coatesville,House,5+,6,6,21,1743,1518,1875,2100,671,4,7.3902,0.472,1178,2227
Coatesville,House,NA,6,3,9,1263,738,750,1275,1059,4,6.9366,0.6798,651,1628
Dairy Flat South,House,2,6,3,18,568,543,575,600,39,2.77,6.3394,0.0703,540,594
Dairy Flat South,House,4,6,3,24,1647,890,1210,1263,1608,2.72,7.1782,0.6139,866,1983
Fairview Heights,Flat,1,6,0,9,745,400,805,1150,478,3.85,6.405,0.8007,352,1038
Fairview Heights,Flat,2,9,0,21,553,525,560,590,52,3.93,6.3114,0.0979,516,588
Fairview Heights,House,2,6,9,27,650,475,500,675,370,3.62,6.3777,0.4864,424,817
Fairview Heights,House,3,15,15,45,836,778,860,896,100,4.05,6.7215,0.1243,763,903
Fairview Heights,House,4,12,24,57,919,856,893,958,111,4.09,6.8167,0.1231,840,992
Fairview Heights,House,5,12,0,15,954,930,980,1000,164,3.99,6.8448,0.1971,822,1072
Fairview Heights,House,5+,9,21,54,1588,1100,1100,1300,1360,2.91,7.1995,0.5198,943,1901
Fairview Heights,House,NA,33,9,42,814,610,900,1075,339,3.85,6.5822,0.5461,500,1044
Glamorgan,House,1,9,6,12,570,450,580,720,156,3.91,6.3115,0.2785,457,665
Glamorgan,House,2,6,9,36,568,533,578,598,87,3.75,6.3319,0.1562,506,625
Glamorgan,House,3,39,30,114,744,690,735,788,83,3.85,6.6057,0.1113,686,797
Glamorgan,House,4,21,18,54,839,813,875,898,120,3.78,6.7195,0.1746,736,932
Glamorgan,House,NA,9,9,15,705,670,700,750,111,4,6.5464,0.1659,623,779
Greenhithe East,House,1,6,3,6,708,443,670,935,297,3.9,6.4859,0.4335,490,879
Greenhithe East,House,2,6,6,15,653,625,645,658,80,3.66,6.4748,0.1193,598,703
Greenhithe East,House,3,12,0,36,799,743,773,828,108,4.16,6.6757,0.1231,730,862
Greenhithe East,House,4,24,27,93,865,823,865,898,73,3.95,6.7591,0.0831,815,912
Greenhithe East,House,NA,6,3,18,817,680,868,965,190,4,6.6802,0.2513,672,944
Greenhithe South,House,2,12,6,27,629,568,625,656,105,3.87,6.4319,0.1579,559,691
Greenhithe South,House,4,9,12,27,899,870,900,943,105,3.64,6.7947,0.1204,823,969
Greenhithe South,House,5+,12,9,27,1182,1163,1200,1200,153,4.17,7.0669,0.1306,1074,1280
Greenhithe South,House,NA,9,0,12,848,770,795,970,223,4,6.7091,0.2813,678,991
Greenhithe West,Flat,2,6,0,6,630,520,655,765,187,2.32,6.4091,0.3206,489,754
Greenhithe West,House,2,9,12,18,712,600,680,700,201,3.72,6.5387,0.2431,587,815
Greenhithe West,House,3,12,9,27,753,735,765,799,88,3.94,6.6169,0.1216,689,812
Greenhithe West,House,4,12,6,36,1032,884,970,1050,296,3.7,6.9116,0.2284,861,1171
Greenhithe West,House,NA,12,3,21,1018,800,1073,1300,316,4,6.8757,0.339,771,1217
Gulf Harbour North,House,2,6,6,12,490,490,500,500,30,4.22,6.1928,0.0631,469,510
Gulf Harbour North,House,3,12,12,51,685,675,700,740,99,3.81,6.5167,0.1723,602,760
Gulf Harbour North,House,4,21,27,96,741,723,748,750,33,4,6.6074,0.0442,719,763
Gulf Harbour South,Apartment,1,6,6,6,400,393,400,423,41,3.74,5.9869,0.1064,371,428
Gulf Harbour South,Apartment,2,12,6,15,561,540,550,600,55,3.92,6.3244,0.1027,521,598
Gulf Harbour South,Apartment,3,9,6,30,671,620,650,750,90,3.74,6.5005,0.134,608,728
Gulf Harbour South,House,1,6,0,6,710,620,650,819,129,4,6.5521,0.1751,623,789
Gulf Harbour South,House,2,6,3,9,605,590,625,640,52,3.78,6.4023,0.0892,568,641
Gulf Harbour South,House,3,21,30,84,662,650,650,700,51,3.97,6.4918,0.078,626,695
Gulf Harbour South,House,4,21,18,60,879,790,800,863,177,3.85,6.7636,0.1712,771,972
Gulf Harbour South,House,NA,18,6,30,812,760,800,850,113,3.97,6.6913,0.1302,738,879
Hobsonville,House,3,12,12,54,764,699,770,813,87,4,6.6321,0.1169,702,821
Hobsonville,House,4,9,6,42,884,820,870,935,78,4.17,6.7811,0.0866,831,934
Hobsonville,House,NA,21,6,39,757,728,780,824,135,3.97,6.6119,0.1936,653,848
Kumeu Rural East,House,1,6,0,9,672,413,675,773,346,4,6.3948,0.5345,417,859
Kumeu Rural East,House,2,9,3,24,581,480,580,580,117,4,6.348,0.1842,505,647
Kumeu Rural East,House,3,15,9,33,716,630,705,800,135,3.59,6.5557,0.1996,615,805
Kumeu Rural East,House,4,9,6,24,956,810,930,1075,212,4,6.8425,0.2183,809,1085
Kumeu Rural East,House,NA,15,6,21,901,720,840,900,301,4,6.7574,0.3076,699,1059
Kumeu-Huapai,Apartment,2,9,6,9,561,560,560,565,19,3.85,6.3287,0.0346,547,574
Kumeu-Huapai,Flat,2,6,3,6,540,525,540,555,26,3.45,6.2907,0.0479,522,557
Kumeu-Huapai,House,1,6,3,6,579,533,548,623,185,4.16,6.3097,0.3593,432,701
Kumeu-Huapai,House,2,33,33,42,579,550,580,600,70,4.56,6.355,0.1174,532,623
Kumeu-Huapai,House,3,21,33,48,735,665,710,750,177,3.99,6.5805,0.183,637,816
Kumeu-Huapai,House,4,39,48,81,864,820,850,890,93,3.88,6.7565,0.096,806,917
Kumeu-Huapai,House,NA,75,15,90,786,700,795,850,160,4.03,6.6483,0.1926,677,878
Long Bay,Apartment,1,30,0,30,574,560,580,580,29,4.01,6.3507,0.0501,554,593
Long Bay,Apartment,2,15,3,12,692,675,690,725,39,4.05,6.5384,0.0576,665,719
Long Bay,House,1,6,3,12,519,371,555,588,204,3.4,6.1821,0.4087,367,638
Long Bay,House,2,12,6,15,740,680,688,700,162,4,6.5901,0.1726,648,818
Long Bay,House,3,27,18,42,789,780,820,850,194,3.93,6.5704,0.6555,459,1110
Long Bay,House,4,27,24,45,953,900,950,995,61,4.01,6.8581,0.0626,912,993
Long Bay,House,5+,9,18,51,1217,1115,1250,1300,200,3.78,7.0919,0.1636,1077,1342
Long Bay,House,NA,69,12,93,856,700,830,998,220,3.95,6.7188,0.2616,694,988
Manly East,Apartment,2,6,3,3,570,545,580,605,53,4,6.3423,0.0951,533,606
Manly East,House,2,18,21,60,604,578,623,646,86,3.8,6.3926,0.1622,535,666
Manly East,House,3,33,24,99,713,673,700,758,92,3.97,6.5617,0.1279,649,771
Manly East,House,4,12,9,30,1045,799,835,1060,447,3.79,6.8874,0.3495,774,1240
Manly East,House,NA,6,3,21,758,610,720,750,273,3.91,6.5861,0.2978,593,886
Manly West,House,2,12,6,27,619,570,620,650,55,3.36,6.4248,0.0888,581,655
Manly West,House,3,15,15,48,690,650,690,745,145,3.56,6.5105,0.2558,566,799
Manly West,House,4,6,6,30,696,673,680,704,54,4,6.5435,0.0759,660,731
Manly West,House,5+,6,3,9,946,866,920,1000,150,4,6.8434,0.1547,845,1041
Manly West,House,NA,6,3,6,606,550,588,644,72,4,6.4022,0.1161,558,652
Murrays Bay West,House,1,6,3,9,701,509,638,808,347,3.93,6.4506,0.4996,452,887
Murrays Bay West,House,2,6,3,12,743,640,760,863,145,3.97,6.5952,0.2006,639,838
Murrays Bay West,House,3,18,9,66,755,725,780,800,102,3.86,6.6158,0.1623,669,833
Murrays Bay West,House,4,18,18,54,949,838,938,1013,147,3.77,6.8445,0.152,847,1040
Murrays Bay West,House,NA,18,3,30,940,678,960,1100,296,3.87,6.7963,0.3298,716,1117
North Harbour,Apartment,1,6,6,24,470,450,463,493,45,3.83,6.1487,0.0965,439,500
North Harbour,Apartment,2,12,12,24,571,495,600,619,76,3.76,6.3395,0.1353,517,621
North Harbour,House,2,9,6,9,552,500,570,600,58,3.8,6.3088,0.1085,511,591
North Harbour,House,4,6,3,3,933,893,965,1005,152,4,6.827,0.174,820,1037
North Harbour,House,NA,15,3,15,678,590,650,780,152,3.76,6.4953,0.2252,569,771
Northcross,House,1,6,3,9,741,618,805,850,185,4.28,6.5769,0.2731,597,864
Northcross,House,2,9,6,18,669,544,598,759,174,3.84,6.4793,0.2432,553,768
Northcross,House,3,33,36,99,757,664,725,836,132,3.88,6.6156,0.1615,670,833
Northcross,House,4,21,12,63,859,795,890,900,87,3.85,6.75,0.1063,795,918
Northcross,House,NA,12,12,24,771,703,790,853,117,4,6.6369,0.1592,685,849
Oteha East,Flat,2,6,0,12,590,545,585,630,61,4,6.3762,0.1023,549,630
Oteha East,House,1,6,3,6,644,508,635,723,171,4.33,6.4377,0.2627,523,746
Oteha East,House,3,51,39,144,729,680,750,780,69,3.95,6.5869,0.0984,679,775
Oteha East,House,4,30,33,93,826,759,835,900,101,4,6.7093,0.1286,752,894
Oteha East,House,NA,12,9,15,761,660,790,830,136,3.59,6.6197,0.1842,662,849
Oteha West,Apartment,2,36,21,105,578,570,580,600,22,3.97,6.3586,0.0387,563,593
Oteha West,House,4,12,6,51,1067,773,855,925,841,2.92,6.8352,0.4521,686,1262
Oteha West,House,5+,6,9,18,1200,1050,1150,1300,294,3.56,7.0683,0.2389,999,1379
Oteha West,House,NA,15,6,21,972,640,980,1250,313,4,6.8271,0.3438,732,1163
Paremoremo East,House,1,6,0,6,530,490,508,548,69,4,6.2669,0.1249,484,573
Paremoremo East,House,2,9,9,21,599,563,620,640,51,3.6,6.3925,0.0876,563,634
Paremoremo East,House,3,15,18,33,653,610,640,690,76,3.75,6.4748,0.1168,599,702
Paremoremo East,House,4,6,3,24,1058,644,800,1106,680,3.89,6.8227,0.5334,641,1316
Paremoremo East,House,NA,21,9,51,696,540,550,699,265,3.74,6.4908,0.3192,531,817
Pinehill,House,2,24,24,57,612,563,588,628,114,3.71,6.4009,0.1734,536,677
Pinehill,House,3,21,18,69,749,688,735,800,103,3.87,6.6094,0.1444,673,818
Pinehill,House,4,24,24,84,930,880,940,984,166,3.94,6.8165,0.2091,793,1051
Pinehill,House,5,6,0,12,1016,945,1100,1200,295,3.88,6.8764,0.3512,765,1228
Pinehill,House,5+,18,21,69,1078,1000,1100,1238,200,3.6,6.9618,0.2232,908,1227
Pinehill,House,NA,12,3,39,994,660,1065,1325,356,4,6.8317,0.414,701,1225
Riverhead,Flat,2,6,0,6,543,480,530,593,75,3.64,6.2891,0.1373,491,591
Riverhead,House,1,6,3,6,656,584,663,805,188,4.43,6.4449,0.3296,504,786
Riverhead,House,2,15,18,24,557,543,560,575,27,3.93,6.3215,0.0488,538,575
Riverhead,House,3,12,12,39,829,735,795,850,231,3.77,6.6859,0.2678,669,960
Riverhead,House,NA,21,0,27,779,656,798,864,168,4.03,6.6347,0.2244,654,885
Rothesay Bay,Flat,1,6,0,9,443,395,438,485,55,3.55,6.0865,0.1254,404,479
Rothesay Bay,Flat,2,6,3,12,641,600,600,653,98,3.4,6.4539,0.1426,577,699
Rothesay Bay,House,2,9,9,30,691,490,650,725,288,3.61,6.473,0.3642,506,828
Rothesay Bay,House,3,15,9,57,841,770,800,850,166,3.62,6.7206,0.1626,743,925
Rothesay Bay,House,4,15,21,48,981,870,935,1100,180,3.78,6.874,0.1768,858,1089
Schnapper Rock,Apartment,2,9,3,15,528,480,545,565,48,3.74,6.2664,0.0904,495,560
Schnapper Rock,House,1,6,6,9,869,536,710,1138,430,4,6.6662,0.4752,570,1082
Schnapper Rock,House,2,6,6,24,623,584,598,660,57,4,6.4317,0.0892,585,660
Schnapper Rock,House,3,12,9,36,973,785,820,830,675,3.27,6.7694,0.4107,660,1149
Schnapper Rock,House,4,15,18,57,904,875,950,993,134,4.07,6.7942,0.1696,796,1001
Schnapper Rock,House,5+,12,18,66,1184,1101,1175,1243,160,4,7.0688,0.1269,1078,1280
Schnapper Rock,House,NA,9,9,21,858,638,990,1050,287,3.93,6.6896,0.4024,613,1055
Schnapper Rock,Room,1,12,12,18,279,239,295,310,35,2.7,5.622,0.1292,253,302
Stanmore Bay East,House,1,9,0,15,530,450,480,540,129,3.65,6.2515,0.2138,449,599
Stanmore Bay East,House,2,27,18,72,594,550,590,650,63,3.94,6.3814,0.1063,550,635
Stanmore Bay East,House,3,33,42,117,681,650,680,700,49,3.9,6.5217,0.0718,648,713
Stanmore Bay East,House,4,9,9,30,767,731,750,794,68,4.04,6.639,0.0867,721,810
Stanmore Bay East,House,NA,12,3,15,627,540,675,700,154,4.15,6.4106,0.2666,508,728
Taupaki,House,2,9,15,36,630,563,590,610,173,3.69,6.4177,0.2323,524,717
Taupaki,House,3,6,12,33,698,605,708,800,163,3.77,6.5258,0.2442,579,805
Taupaki,House,4,6,3,15,916,719,863,1063,358,3.74,6.7549,0.3995,656,1124
Taupaki,House,NA,6,6,9,676,603,645,755,159,3.98,6.4928,0.2362,563,774
Tindalls-Matakatia,House,2,12,6,27,559,488,565,635,99,3.22,6.3109,0.188,485,625
Tindalls-Matakatia,House,3,6,6,24,614,564,648,698,147,4,6.395,0.2652,501,716
Torbay,Flat,1,9,3,18,601,410,460,510,423,3.6,6.2649,0.4967,376,735
Torbay,Flat,2,9,3,21,516,460,550,560,57,3.78,6.2416,0.1116,476,554
Torbay,House,2,6,15,33,584,581,593,600,65,3.66,6.3648,0.1161,537,628
Torbay,House,3,24,21,102,741,670,720,795,218,3.89,6.5763,0.2491,607,849
Torbay,House,4,21,27,66,877,825,865,910,103,3.92,6.7692,0.1196,803,944
Torbay,House,5+,6,6,24,959,888,965,1213,314,4,6.7892,0.4771,644,1225
Torbay,House,NA,15,6,27,808,740,760,950,163,3.82,6.6764,0.198,694,907
Unsworth Heights West,House,2,6,6,18,616,594,610,633,40,3.46,6.4221,0.0646,589,643
Unsworth Heights West,House,3,9,12,54,701,690,720,750,77,3.67,6.5464,0.1169,644,754
Unsworth Heights West,House,4,12,9,60,890,816,825,850,251,3.97,6.766,0.2089,754,999
Unsworth Heights West,House,NA,6,0,15,817,803,860,884,111,3.86,6.696,0.1535,730,897
Waiake,Apartment,2,6,3,6,660,580,615,695,160,4.02,6.4719,0.2279,555,754
Waiake,Flat,1,9,6,12,467,440,460,490,33,3.4,6.1442,0.0708,444,489
Waiake,House,1,12,3,12,648,493,520,830,193,3.99,6.435,0.2869,514,756
Waiake,House,2,6,6,24,556,575,615,656,228,4.43,5.9161,1.5053,134,1024
Waiake,House,3,27,21,93,726,698,720,770,90,3.84,6.5793,0.1267,661,784
Waiake,House,4,24,24,66,865,780,865,936,101,3.98,6.7566,0.115,796,929
Waiake,House,5+,6,6,24,1107,930,1035,1238,223,3.64,6.9925,0.1932,955,1240
Waiake,House,NA,9,3,15,784,680,750,840,152,4,6.6489,0.1824,683,873
West Harbour West,House,1,21,3,27,629,600,630,670,74,4.1,6.4363,0.1306,571,682
West Harbour West,House,2,15,15,36,613,550,580,650,85,3.87,6.4099,0.131,556,664
West Harbour West,House,3,93,93,303,644,600,650,680,104,4.04,6.4429,0.2724,523,755
West Harbour West,House,4,27,24,78,726,730,755,790,150,3.84,6.546,0.3463,551,880
West Harbour West,House,NA,33,15,42,670,623,700,780,173,4,6.444,0.4436,466,848
Westgate South,House,1,6,0,6,636,615,635,678,66,4,6.4506,0.1081,589,681
Westgate South,House,2,18,21,51,583,574,600,635,128,3.8,6.3118,0.4402,409,742
Westgate South,House,3,42,51,117,674,663,695,700,84,3.89,6.5017,0.1643,596,744
Westgate South,House,4,18,15,51,772,750,780,843,165,3.97,6.6087,0.3467,587,937
Westgate South,House,NA,123,39,156,681,605,680,715,90,4,6.5154,0.1251,621,735
Whenuapai,Flat,1,6,0,3,441,383,468,526,109,3.41,6.0641,0.268,359,515
Whenuapai,House,1,24,3,27,584,488,635,714,242,4,6.2027,0.7267,303,807
Whenuapai,House,2,30,21,72,617,596,620,638,52,3.85,6.4218,0.0879,580,653
Whenuapai,House,3,51,36,156,692,650,700,760,129,3.85,6.5148,0.2488,571,798
Whenuapai,House,4,42,30,96,884,780,850,896,240,4,6.75,0.2775,708,1030
Whenuapai,House,5+,9,9,30,961,900,900,1005,163,4,6.8568,0.1628,851,1061
Whenuapai,House,NA,96,24,120,729,650,705,800,121,3.99,6.5785,0.1641,644,804
Windsor Park,House,1,6,0,3,659,345,685,999,407,4,6.3127,0.7205,339,897
Windsor Park,House,3,15,9,54,755,700,750,790,101,3.93,6.6185,0.1342,684,820
Windsor Park,House,4,6,9,39,829,795,825,913,105,4,6.7122,0.1357,750,901
Windsor Park,House,NA,18,6,30,875,733,885,956,189,4,6.7527,0.2103,743,987
Bayview East,House,1,15,6,18,570,445,580,650,151,3.95,6.3142,0.2602,463,658
Bayview East,House,2,9,9,33,562,550,580,620,172,3.65,6.2719,0.4017,404,694
Bayview East,House,3,45,30,177,684,670,695,705,104,3.88,6.4964,0.3418,526,835
Bayview East,House,NA,27,9,30,701,635,660,730,105,3.97,6.5427,0.1394,632,763
Bayview South,House,2,15,6,36,614,593,615,620,46,4,6.417,0.0713,583,642
Bayview South,House,3,39,24,111,700,650,700,721,62,3.75,6.5473,0.0852,658,739
Bayview South,House,4,9,6,30,829,800,830,860,71,4,6.7168,0.0863,779,876
Bayview South,House,NA,12,12,18,670,608,695,800,170,4,6.4704,0.3049,526,793
Bayview West,House,1,6,0,3,623,603,665,685,110,3.81,6.4203,0.1951,538,701
Bayview West,House,2,9,9,18,551,570,600,600,103,3.94,6.291,0.2339,461,632
Bayview West,House,3,21,24,66,686,665,685,710,104,3.85,6.52,0.1566,611,754
Bayview West,House,NA,12,3,18,750,658,718,941,239,3.93,6.5655,0.359,557,905
Beach Haven East,Flat,2,6,3,12,585,545,590,630,53,4,6.3686,0.0904,549,620
Beach Haven East,House,1,6,0,9,620,595,635,660,96,4,6.4202,0.1619,551,685
Beach Haven East,House,2,6,9,39,638,605,620,650,62,3.84,6.4538,0.0932,596,676
Beach Haven East,House,3,27,30,123,688,650,680,738,59,3.93,6.5307,0.0856,647,727
Beach Haven East,House,4,12,12,39,770,721,750,838,233,3.6,6.5859,0.4081,550,954
Beach Haven East,House,NA,30,9,39,687,640,695,725,73,3.93,6.5264,0.1109,634,736
Beach Haven South,Flat,2,6,0,15,581,495,530,650,120,3.61,6.3483,0.1919,502,650
Beach Haven South,House,2,12,9,45,590,550,590,630,63,3.49,6.3746,0.1111,544,632
Beach Haven South,House,3,12,21,57,701,658,710,750,77,4.15,6.5468,0.1205,643,756
Beach Haven South,House,4,12,9,30,914,728,805,843,317,3.84,6.7738,0.2935,718,1066
Beach Haven South,House,5,6,0,3,1045,945,1093,1193,192,4,6.9382,0.1936,905,1175
Beach Haven South,House,NA,6,6,12,808,693,788,871,263,3.76,6.6494,0.3301,618,965
Beach Haven West,Flat,1,9,6,12,465,413,485,493,72,3.29,6.1317,0.1556,414,511
Beach Haven West,Flat,2,6,6,18,556,526,545,586,35,3.68,6.3189,0.0621,532,579
Beach Haven West,House,1,6,0,9,600,540,613,661,127,3.9,6.376,0.2236,505,683
Beach Haven West,House,2,21,6,57,605,583,600,623,66,3.91,6.3993,0.1077,559,647
Beach Haven West,House,3,24,30,111,680,670,698,724,89,3.7,6.5117,0.1491,609,744
Beach Haven West,House,4,12,3,39,813,756,805,868,94,3.55,6.6947,0.1157,747,874
Beach Haven West,House,NA,15,6,24,678,610,715,765,187,4,6.4442,0.4964,450,879
Birdwood West,House,NA,6,0,6,755,743,795,808,105,4,6.6188,0.1494,677,828
Birkdale North,Flat,1,9,6,15,405,380,420,428,39,3.43,5.9996,0.1008,377,432
Birkdale North,House,1,9,6,15,629,560,640,650,140,4.16,6.4249,0.2078,536,710
Birkdale North,House,2,21,21,66,644,550,580,615,344,3.45,6.4048,0.2995,494,740
Birkdale North,House,3,63,60,189,705,670,700,745,70,3.98,6.5532,0.099,656,750
Birkdale North,House,4,18,9,45,805,765,795,850,60,3.8,6.6879,0.0742,763,844
Birkdale North,House,NA,24,6,45,679,650,690,728,92,3.81,6.5094,0.1563,604,746
Birkdale South,Apartment,2,15,9,30,602,610,620,625,46,3.39,6.3969,0.0817,568,634
Birkdale South,Flat,1,9,0,15,501,450,480,510,121,4.16,6.1951,0.2226,422,570
Birkdale South,House,1,6,3,6,725,668,730,748,77,4,6.5816,0.1042,673,774
Birkdale South,House,2,15,15,57,616,591,600,621,83,3.9,6.4146,0.1293,560,666
Birkdale South,House,3,54,54,213,684,650,680,718,65,3.73,6.5241,0.0958,639,727
Birkdale South,House,4,6,3,33,773,748,790,815,88,3.48,6.6445,0.1191,709,833
Birkdale South,House,NA,18,12,27,740,665,700,780,139,4.26,6.5894,0.1913,639,828
Campbells Bay,Flat,2,6,0,6,633,618,665,680,76,3.79,6.4437,0.1284,577,686
Campbells Bay,House,2,9,9,27,680,645,680,723,57,3.86,6.519,0.0848,640,718
Campbells Bay,House,3,12,9,42,855,778,900,950,167,3.95,6.7309,0.2192,723,971
Campbells Bay,House,4,12,9,42,1153,1018,1100,1225,240,4,7.0312,0.1978,990,1293
Campbells Bay,House,5+,6,3,18,1206,1175,1250,1276,170,4.05,7.0857,0.1525,1078,1324
Campbells Bay,House,NA,12,6,18,1016,830,975,1268,258,4,6.8903,0.2738,817,1182
Castor Bay,Apartment,2,6,3,3,598,570,625,653,83,4,6.385,0.1469,537,655
Castor Bay,Flat,1,6,6,21,484,415,490,539,72,2.72,6.173,0.1503,433,531
Castor Bay,Flat,2,6,9,21,564,520,580,624,123,3.73,6.3151,0.2338,472,647
Castor Bay,House,1,9,3,9,701,485,650,920,249,3.33,6.4962,0.3639,518,847
Castor Bay,House,2,15,15,45,703,573,625,720,244,3.97,6.5144,0.2758,560,813
Castor Bay,House,3,18,24,81,803,680,810,898,200,4.13,6.6568,0.2645,651,930
Castor Bay,House,4,33,24,99,1109,970,1150,1240,207,3.88,6.9907,0.2146,940,1256
Castor Bay,House,5+,12,12,27,1174,958,1138,1299,320,3.89,7.0357,0.2679,949,1362
Castor Bay,House,NA,9,9,18,1148,995,1000,1250,414,4.01,6.9892,0.3577,852,1381
Forrest Hill East,Apartment,2,6,0,12,602,570,610,620,36,3.69,6.3982,0.0601,577,626
Forrest Hill East,Flat,2,21,6,57,577,560,575,618,46,3.83,6.355,0.0836,544,609
Forrest Hill East,House,1,9,3,9,717,650,690,700,242,4,6.5327,0.2951,563,839
Forrest Hill East,House,2,24,24,69,596,590,600,636,68,3.79,6.384,0.1229,545,643
Forrest Hill East,House,3,42,30,135,802,700,750,850,131,3.95,6.6754,0.1456,719,874
Forrest Hill East,House,4,33,21,93,875,795,855,973,193,3.93,6.7458,0.2538,717,1009
Forrest Hill East,House,5+,6,9,21,918,923,940,950,95,3.77,6.8163,0.1137,845,985
Forrest Hill East,House,NA,15,6,21,846,780,830,910,175,4,6.7206,0.207,721,954
Forrest Hill North,House,2,12,3,24,594,563,620,650,95,3.71,6.3734,0.1807,519,662
Forrest Hill North,House,3,36,33,117,731,690,740,780,85,3.91,6.5874,0.118,670,786
Forrest Hill North,House,4,18,15,60,827,800,850,900,162,3.52,6.6938,0.2432,685,951
Forrest Hill North,House,NA,9,9,18,641,577,755,765,216,4.39,6.3853,0.4725,431,816
Forrest Hill West,Flat,1,6,6,9,518,453,480,500,183,3.74,6.2062,0.3153,401,613
Forrest Hill West,Flat,2,6,0,18,580,543,575,613,57,4,6.3594,0.098,541,617
Forrest Hill West,House,1,12,3,12,655,500,670,775,161,3.8,6.4565,0.2518,537,755
Forrest Hill West,House,2,15,15,42,615,560,650,675,98,3.72,6.4093,0.1684,542,681
Forrest Hill West,House,3,54,39,186,775,696,738,825,280,3.68,6.6103,0.2928,610,905
Forrest Hill West,House,4,21,24,81,918,850,880,960,110,3.92,6.816,0.1156,844,986
Forrest Hill West,House,5+,9,12,27,987,980,1100,1100,196,3.89,6.8697,0.256,810,1144
Forrest Hill West,House,NA,21,6,39,845,735,800,943,193,4.05,6.7138,0.23,705,962
Glenfield Central,Apartment,2,6,0,12,590,566,593,608,32,4,6.3789,0.0539,568,611
Glenfield Central,Flat,1,6,0,18,353,319,388,421,155,4.02,5.7597,0.5824,214,470
Glenfield Central,Flat,2,24,18,48,462,335,500,583,123,3.61,6.0994,0.2725,371,536
Glenfield Central,Flat,3,6,3,6,551,481,613,683,249,2.89,6.1972,0.6122,325,743
Glenfield Central,House,1,6,3,12,585,519,575,639,80,4,6.3638,0.1361,530,636
Glenfield Central,House,2,30,27,84,597,550,588,653,97,3.88,6.3793,0.1667,527,660
Glenfield Central,House,3,36,42,150,743,628,688,733,512,3.53,6.4993,0.4532,490,902
Glenfield Central,House,4,24,15,63,939,770,800,850,613,3.41,6.7608,0.335,689,1082
Glenfield Central,House,5+,9,6,18,895,850,950,950,113,4,6.7891,0.1343,811,972
Glenfield Central,House,NA,15,12,33,780,650,740,890,157,4.36,6.641,0.1981,670,875
Glenfield East,House,1,6,0,6,671,644,670,698,42,4,6.5077,0.0627,643,699
Glenfield East,House,2,18,15,48,585,580,595,600,48,3.82,6.3685,0.0866,550,618
Glenfield East,House,3,27,30,120,678,650,675,700,59,3.85,6.5157,0.0834,639,715
Glenfield East,House,4,9,9,36,878,760,890,990,162,3.92,6.762,0.1924,759,984
Glenfield East,House,NA,9,3,15,875,855,900,928,102,3.99,6.7676,0.1261,798,946
Glenfield North,Flat,2,9,9,30,540,526,555,581,81,4.1,6.2798,0.1689,476,598
Glenfield North,House,1,6,0,9,678,629,685,728,67,4.18,6.5141,0.1,631,722
Glenfield North,House,2,24,24,48,631,600,650,660,57,3.91,6.4432,0.0917,591,669
Glenfield North,House,3,39,33,147,675,643,670,720,67,3.8,6.5097,0.1027,627,720
Glenfield North,House,4,18,15,48,831,773,838,890,80,3.34,6.7177,0.0973,774,883
Glenfield North,House,NA,33,18,42,697,631,680,733,123,4.11,6.5326,0.1653,615,768
Glenfield South West,Apartment,2,6,3,6,516,490,495,521,57,4,6.2423,0.1049,479,552
Glenfield South West,Flat,1,9,3,15,415,408,420,420,22,3.59,6.027,0.0537,400,430
Glenfield South West,House,1,9,6,9,623,525,650,688,124,3.67,6.4159,0.2003,534,700
Glenfield South West,House,2,15,18,42,713,590,600,650,405,3.28,6.4974,0.3223,534,825
Glenfield South West,House,3,48,48,144,700,670,700,748,57,3.84,6.5482,0.0834,660,738
Glenfield South West,House,4,6,3,39,763,730,778,799,82,4.04,6.6316,0.1105,704,817
Glenfield South West,House,NA,15,9,30,758,683,720,805,125,4,6.6189,0.1559,674,832
Glenfield West,Flat,2,9,6,24,564,550,573,604,61,3.9,6.33,0.1177,518,608
Glenfield West,House,1,6,3,9,613,553,605,680,117,4,6.4033,0.1947,530,689
Glenfield West,House,2,24,18,57,602,585,610,635,55,3.85,6.3953,0.0947,562,639
Glenfield West,House,3,57,48,156,722,656,680,700,255,3.71,6.5537,0.1988,614,803
Glenfield West,House,4,18,15,48,644,406,750,805,229,3.61,6.3878,0.4445,441,802
Glenfield West,House,5+,6,3,9,703,703,850,850,295,3.9,6.4491,0.5923,424,943
Glenfield West,House,NA,6,15,15,643,595,630,688,88,4,6.459,0.1355,583,700
Henderson Larnoch,Flat,2,6,0,15,537,505,530,565,60,3.93,6.2812,0.1118,496,576
Henderson Larnoch,House,1,9,3,15,478,423,520,625,211,4.26,5.9891,0.7548,240,664
Henderson Larnoch,House,2,15,15,51,599,520,580,600,113,4.12,6.3812,0.172,526,663
Henderson Larnoch,House,3,63,66,243,640,600,630,670,54,3.88,6.4584,0.0824,604,675
Henderson Larnoch,House,4,6,3,48,724,700,715,745,86,4,6.5792,0.1186,665,780
Henderson Larnoch,House,NA,45,9,72,610,580,650,750,197,3.98,6.3297,0.4854,404,778
Henderson Lincoln West,Flat,2,6,6,12,534,500,520,558,40,4,6.2775,0.0743,506,560
Henderson Lincoln West,House,1,12,6,15,614,584,600,644,88,4.22,6.4107,0.1444,552,671
Henderson Lincoln West,House,2,21,18,48,521,520,540,570,111,3.73,6.203,0.4189,373,656
Henderson Lincoln West,House,3,54,45,210,663,603,650,700,129,3.86,6.4745,0.2382,552,761
Henderson Lincoln West,House,4,15,6,60,688,700,720,800,190,3.83,6.4455,0.5561,433,917
Henderson Lincoln West,House,NA,45,21,51,587,568,620,695,199,3.99,6.2664,0.5645,360,771
Henderson Valley,House,2,6,3,6,573,518,540,595,88,3.75,6.3418,0.1452,515,626
Hobsonville Point,Apartment,1,36,9,45,644,530,560,606,346,3.29,6.3964,0.3277,481,748
Hobsonville Point,Apartment,2,48,12,69,653,600,620,655,95,3.86,6.4725,0.1317,592,707
Hobsonville Point,Apartment,NA,6,0,6,783,598,675,860,322,4,6.6066,0.3732,575,952
Hobsonville Point,House,1,66,6,69,637,539,615,670,147,3.78,6.4339,0.206,542,715
Hobsonville Point,House,2,72,21,105,676,630,650,680,109,3.89,6.5075,0.1278,615,730
Hobsonville Point,House,3,57,24,129,808,703,740,803,309,3.78,6.6591,0.2311,667,911
Hobsonville Point,House,4,42,27,96,861,800,850,885,64,3.85,6.7553,0.0721,818,901
Hobsonville Point,House,5+,21,6,36,1024,980,1020,1073,94,3.63,6.928,0.0911,960,1085
Hobsonville Point,House,NA,282,24,324,733,640,700,820,173,4.16,6.5697,0.2368,608,837
Mairangi Bay North,House,2,9,3,30,641,630,650,673,109,3.86,6.4498,0.1857,558,717
Mairangi Bay North,House,3,18,18,60,812,739,785,885,243,3.7,6.6494,0.3487,610,977
Mairangi Bay North,House,4,21,21,63,980,850,965,1100,198,3.84,6.8687,0.1967,842,1098
Mairangi Bay North,House,5+,9,3,18,1075,975,1100,1200,184,2.97,6.9664,0.1819,938,1199
Mairangi Bay North,House,NA,15,3,21,949,890,950,1000,137,4,6.8454,0.1518,848,1041
Mairangi Bay South,House,2,12,9,18,640,550,605,684,133,3.65,6.4431,0.1912,552,715
Mairangi Bay South,House,3,15,21,39,807,750,790,870,79,3.88,6.6885,0.0967,752,857
Mairangi Bay South,House,4,27,18,66,994,900,1000,1100,294,3.75,6.8394,0.4107,708,1232
Mairangi Bay South,House,5+,6,0,24,1197,993,1000,1300,362,4,7.0544,0.2708,965,1390
Mairangi Bay South,House,NA,12,9,21,829,673,840,900,200,3.68,6.6916,0.249,681,953
Massey Central,House,2,9,6,15,606,520,560,675,166,4.23,6.3751,0.2694,490,704
Massey Central,House,3,63,57,216,610,573,630,650,91,3.76,6.4023,0.1604,541,672
Massey Central,House,4,18,12,42,712,638,745,766,112,3.8,6.5549,0.1672,628,787
Massey Central,House,5+,6,3,15,913,800,875,988,250,4,6.7889,0.2685,741,1064
Massey Central,House,NA,24,9,33,647,575,650,690,87,4,6.4633,0.1299,587,700
Massey East,House,2,21,18,36,591,573,580,620,133,4,6.3434,0.3301,455,711
Massey East,House,3,39,30,153,648,593,640,690,76,3.89,6.4676,0.113,597,695
Massey East,House,4,9,9,51,770,680,780,870,144,4,6.6288,0.2016,660,867
Massey East,House,NA,30,9,45,505,233,570,663,258,6.3,5.9938,0.8146,231,695
Massey Royal Road West,House,2,12,9,30,660,558,590,615,208,3.93,6.4584,0.2564,537,758
Massey Royal Road West,House,3,45,51,156,647,600,650,675,62,3.92,6.4679,0.0922,605,685
Massey Royal Road West,House,4,24,15,75,660,589,713,765,201,3.77,6.4187,0.4512,452,831
Massey Royal Road West,House,NA,18,3,36,664,600,650,698,102,4,6.4877,0.151,593,727
Massey South,House,1,18,0,18,615,550,615,705,205,3.82,6.3492,0.4306,428,765
Massey South,House,2,12,15,36,568,518,550,648,84,3.75,6.3311,0.1478,508,621
Massey South,House,3,51,60,210,650,595,640,700,71,3.96,6.4719,0.1094,601,696
Massey South,House,4,12,9,48,720,680,723,758,87,3.93,6.5722,0.1269,656,779
Massey South,House,5+,6,6,21,945,873,940,1013,95,4,6.8474,0.1009,879,1008
Massey South,House,NA,18,12,30,681,620,670,749,152,3.99,6.4989,0.2287,569,775
Massey West,House,1,12,0,18,513,501,548,630,248,4,6.028,0.828,237,725
Massey West,House,2,9,9,15,584,560,560,605,35,4,6.3676,0.0596,560,607
Massey West,House,3,9,6,30,677,640,650,710,93,3.82,6.5091,0.1335,613,734
Massey West,House,4,6,9,33,772,760,785,801,54,4,6.6465,0.0745,732,810
Massey West,House,NA,36,3,48,686,580,685,765,260,3.95,6.4463,0.4851,454,874
Murrays Bay East,House,2,12,3,27,656,550,595,676,181,3.7,6.4555,0.2494,538,753
Murrays Bay East,House,3,15,9,57,836,735,760,898,160,3.94,6.7137,0.1734,733,926
Murrays Bay East,House,4,12,15,36,1331,920,1075,1438,631,4,7.1161,0.3906,946,1603
Murrays Bay East,House,5+,6,3,12,1408,1050,1300,1513,543,3.85,7.1956,0.3518,1052,1691
Murrays Bay East,House,NA,9,3,9,1035,900,1020,1130,186,4,6.928,0.178,905,1151
Piha,House,2,9,9,18,592,520,600,650,94,2.8,6.3726,0.1598,526,652
Piha,House,3,9,3,24,792,723,850,850,120,3.15,6.6642,0.1596,704,873
Ranui Domain,House,1,12,0,15,549,529,573,653,205,4,6.2042,0.5413,343,713
Ranui Domain,House,2,15,18,39,526,510,550,560,148,3.85,6.1844,0.519,342,688
Ranui Domain,House,3,51,42,183,601,590,640,663,143,3.89,6.3466,0.3925,438,743
Ranui Domain,House,4,9,9,36,788,750,750,790,118,4,6.6614,0.1335,714,855
Ranui Domain,House,NA,48,15,66,567,550,595,660,178,3.98,6.2297,0.5955,340,759
Ranui North,House,1,9,0,9,598,525,560,760,186,3.95,6.3252,0.4383,416,751
Ranui North,House,2,12,3,36,573,540,575,589,92,4,6.3391,0.154,510,628
Ranui North,House,3,51,51,219,604,590,625,650,130,3.93,6.3563,0.3822,445,746
Ranui North,House,NA,21,12,36,609,560,618,670,196,4,6.3048,0.5898,368,815
Ranui South West,House,2,12,9,27,557,515,540,571,73,3.69,6.3157,0.1202,510,600
Ranui South West,House,3,24,18,69,614,603,620,650,108,3.68,6.3894,0.3008,486,729
Ranui South West,House,4,9,9,42,698,590,750,773,164,4,6.5231,0.2446,577,803
Ranui South West,House,NA,27,6,39,674,585,700,740,228,4.01,6.4375,0.4474,462,845
Royal Heights North,House,1,6,0,9,598,583,590,598,26,4,6.3934,0.0429,581,615
Royal Heights North,House,2,18,12,39,589,553,580,600,69,3.79,6.3725,0.1068,545,629
Royal Heights North,House,3,42,39,165,645,620,650,693,89,4.01,6.4514,0.2271,544,738
Royal Heights North,House,4,18,6,48,768,760,780,830,106,3.8,6.6326,0.1565,683,844
Royal Heights North,House,5+,6,6,9,925,918,950,958,71,3.49,6.8274,0.0801,874,974
Royal Heights North,House,NA,48,9,54,616,590,610,678,167,4,6.3574,0.4373,429,775
Royal Heights South,Flat,1,6,6,9,428,414,425,439,29,3.75,6.0562,0.0675,408,447
Royal Heights South,Flat,2,6,0,9,497,432,548,613,295,4,5.9543,0.9716,200,742
Royal Heights South,House,1,6,3,9,542,440,600,679,199,4,6.2077,0.5024,354,697
Royal Heights South,House,2,18,12,24,549,535,568,578,46,3.86,6.3043,0.0885,515,581
Royal Heights South,House,3,30,30,135,632,595,620,674,83,3.74,6.4398,0.1386,570,688
Royal Heights South,House,4,18,15,54,686,690,725,794,216,3.97,6.4274,0.5812,418,915
Royal Heights South,House,NA,18,3,24,628,535,655,768,258,3.94,6.2947,0.6689,345,851
Sunnynook North,Flat,1,6,3,3,528,390,425,563,251,4,6.1973,0.4136,372,650
Sunnynook North,Flat,2,6,6,12,590,565,580,610,38,4,6.3784,0.0633,564,615
Sunnynook North,House,2,12,12,27,592,563,590,618,52,3.91,6.38,0.0881,556,626
Sunnynook North,House,3,69,39,195,741,680,720,773,118,3.82,6.5969,0.1483,663,810
Sunnynook North,House,4,21,6,48,865,815,900,900,91,3.79,6.7577,0.1073,801,925
Sunnynook South,Flat,2,6,6,18,597,553,623,625,53,4,6.388,0.0907,559,632
Sunnynook South,House,1,9,3,6,664,568,700,748,195,4.3,6.4568,0.3243,512,793
Sunnynook South,House,2,9,18,15,657,600,610,690,116,3.97,6.4756,0.161,582,724
Sunnynook South,House,3,51,51,180,718,665,720,755,72,3.87,6.5714,0.1034,666,766
Sunnynook South,House,4,18,12,36,805,779,795,824,66,4,6.6878,0.0805,760,847
Sunnynook South,House,NA,15,6,30,728,675,785,813,159,3.94,6.5557,0.3047,573,864
Swanson,Flat,2,6,0,6,463,425,470,508,67,3.16,6.1286,0.1477,415,507
Swanson,House,1,9,0,12,252,126,162,398,166,2.5,5.3238,0.7116,127,332
Swanson,House,2,12,9,27,582,580,600,600,56,4,6.361,0.1038,540,621
Swanson,House,3,12,12,66,699,678,693,730,47,4.01,6.5476,0.0687,666,731
Swanson,House,4,15,15,33,833,780,850,860,62,4.13,6.7221,0.0746,790,873
Swanson,House,NA,27,3,36,647,600,650,770,191,3.79,6.3959,0.4755,435,826
Swanson Rural,House,2,6,6,12,574,543,568,604,57,3.56,6.3489,0.0981,535,611
Swanson Rural,House,NA,6,3,12,658,565,665,728,190,3.9,6.453,0.3025,517,778
Te Atatu Peninsula Central,Apartment,2,9,6,15,599,555,610,625,46,3.87,6.392,0.0771,567,629
Te Atatu Peninsula Central,House,1,18,3,18,586,519,638,666,175,3.91,6.2908,0.5149,381,764
Te Atatu Peninsula Central,House,2,36,39,81,600,560,580,610,72,3.82,6.3916,0.1081,555,642
Te Atatu Peninsula Central,House,3,39,39,138,715,645,675,720,307,3.51,6.5224,0.293,558,829
Te Atatu Peninsula Central,House,4,15,18,45,752,713,790,825,170,4.02,6.5795,0.3602,565,918
Te Atatu Peninsula Central,House,NA,45,12,66,624,580,605,689,181,4.1,6.3746,0.4157,443,777
Te Atatu Peninsula North West,House,1,27,12,45,463,405,493,598,221,3.92,5.9634,0.6899,244,619
Te Atatu Peninsula North West,House,2,24,45,99,550,573,595,600,142,4.16,6.1509,0.9255,251,876
Te Atatu Peninsula North West,House,3,54,51,162,652,608,670,700,103,3.9,6.4539,0.2966,520,776
Te Atatu Peninsula North West,House,4,9,3,33,556,254,590,800,307,3.91,6.1208,0.7303,278,745
Te Atatu Peninsula North West,House,NA,72,21,99,608,580,600,640,110,3.98,6.3909,0.2036,520,684
Te Atatu Peninsula West,Apartment,NA,6,0,6,564,491,543,615,97,4,6.3238,0.1685,498,625
Te Atatu Peninsula West,House,1,15,6,27,564,510,600,620,197,3.87,6.2342,0.5639,349,746
Te Atatu Peninsula West,House,2,48,39,123,574,558,583,600,70,3.83,6.343,0.1574,511,632
Te Atatu Peninsula West,House,3,48,57,159,662,646,670,688,56,3.87,6.4921,0.0867,622,700
Te Atatu Peninsula West,House,4,9,12,51,776,755,775,810,57,3.8,6.6516,0.075,736,814
Te Atatu Peninsula West,House,NA,69,15,90,587,540,590,650,132,4.03,6.3282,0.38,433,724
Totara Vale North,House,2,6,6,12,560,520,540,580,77,3.56,6.3211,0.1331,508,608
Totara Vale North,House,3,60,51,177,726,650,700,780,359,3.77,6.3775,1.0996,280,1235
Totara Vale North,House,4,12,12,30,1245,790,820,970,1121,2.32,6.8795,0.6683,619,1526
Totara Vale North,House,NA,12,15,24,721,643,765,783,107,4,6.5696,0.1566,642,793
Totara Vale South,Apartment,2,6,0,9,570,525,550,595,117,4,6.3305,0.1989,491,642
Totara Vale South,Flat,2,9,3,45,582,530,560,620,81,4,6.3587,0.1331,528,632
Totara Vale South,House,1,12,6,15,684,585,705,765,122,4.15,6.5131,0.184,595,763
Totara Vale South,House,2,21,24,72,586,550,580,630,51,3.68,6.3688,0.0896,549,620
Totara Vale South,House,3,54,45,195,657,650,680,730,152,3.87,6.395,0.6717,381,942
Totara Vale South,House,4,21,18,54,936,690,810,890,741,3.19,6.6992,0.4824,586,1124
Totara Vale South,House,NA,27,3,30,695,650,680,800,121,4,6.5286,0.1863,604,776
Unsworth Heights East,House,3,72,57,204,685,664,690,730,82,3.92,6.5199,0.1559,611,754
Unsworth Heights East,House,4,18,12,54,775,699,820,860,137,3.88,6.6353,0.2053,663,875
Unsworth Heights East,House,NA,9,9,21,669,650,650,730,164,4,6.4765,0.2622,544,775
Unsworth Heights East,Room,NA,66,18,54,429,400,400,416,150,3.82,6.0371,0.1766,372,472
West Harbour Clearwater Cove,House,2,9,6,15,674,560,620,795,132,3.86,6.4975,0.193,582,756
West Harbour Clearwater Cove,House,3,21,27,75,755,700,750,800,137,3.82,6.6114,0.1816,658,840
West Harbour Clearwater Cove,House,4,21,21,63,851,818,850,875,54,3.89,6.744,0.0614,815,885
West Harbour Clearwater Cove,House,5+,6,9,18,993,895,955,1050,137,3.27,6.8924,0.1324,901,1077
West Harbour Clearwater Cove,House,NA,6,6,21,857,818,835,891,131,4,6.7434,0.1501,767,939
West Harbour Luckens Point,House,3,15,12,57,907,700,790,800,607,3.27,6.7102,0.3831,634,1063
West Harbour Luckens Point,House,4,12,12,54,917,843,870,1005,145,4,6.8095,0.1557,816,1007
West Harbour Luckens Point,House,NA,12,3,18,757,774,845,888,237,4,6.5596,0.4325,527,945
Akoranga,House,2,6,6,6,598,600,605,618,78,3.67,6.3866,0.1379,541,652
Akoranga,House,3,6,6,27,696,680,685,701,35,3.87,6.5437,0.0495,672,718
Bayswater,House,1,9,3,9,629,550,550,645,156,3.13,6.4212,0.2183,531,712
Bayswater,House,2,9,12,21,694,630,660,700,208,3.62,6.5084,0.267,560,803
Bayswater,House,3,9,9,60,860,768,850,900,133,3.66,6.7468,0.147,771,940
Bayswater,House,4,12,12,33,953,850,915,1115,331,3.98,6.7876,0.4273,665,1183
Bayswater,House,NA,9,6,18,830,678,795,880,209,4,6.6974,0.2296,694,946
Belmont (Auckland),House,1,9,0,12,788,595,760,800,311,4,6.6003,0.3994,562,963
Belmont (Auckland),House,2,12,12,48,663,603,645,733,134,3.93,6.4768,0.2055,566,747
Belmont (Auckland),House,3,24,18,81,869,780,825,894,153,3.92,6.7541,0.1635,768,958
Belmont (Auckland),House,4,15,9,48,1037,920,995,1080,190,3.86,6.9303,0.1711,911,1148
Belmont (Auckland),House,NA,15,3,21,858,735,890,958,155,4,6.7388,0.1826,747,955
Birkenhead North,Apartment,1,6,3,12,478,445,465,498,53,3.47,6.1642,0.1071,442,511
Birkenhead North,Boarding House,NA,9,0,9,230,197,200,250,60,3.18,5.4137,0.2404,191,264
Birkenhead North,Flat,2,6,6,30,509,479,530,578,95,4,6.2152,0.2115,434,577
Birkenhead North,Flat,3,6,0,6,705,698,720,720,26,3.63,6.5577,0.0373,687,723
Birkenhead North,House,1,6,0,6,808,665,740,883,316,4,6.6395,0.3767,593,986
Birkenhead North,House,2,15,24,42,640,580,610,688,93,3.53,6.4527,0.1377,578,696
Birkenhead North,House,3,24,21,99,773,680,745,850,208,3.87,6.6101,0.3132,601,917
Birkenhead North,House,4,9,6,42,890,890,910,990,168,3.83,6.7716,0.2276,749,1018
Birkenhead North,House,NA,30,9,30,719,569,725,813,184,3.81,6.5461,0.2571,586,828
Birkenhead South,Apartment,1,9,6,21,514,475,520,530,54,3.78,6.2385,0.0996,479,548
Birkenhead South,Apartment,2,18,18,51,607,565,613,669,104,3.57,6.3905,0.2136,516,689
Birkenhead South,Flat,2,9,6,24,614,533,610,688,102,3.58,6.4087,0.1669,542,679
Birkenhead South,House,1,9,0,15,602,588,600,635,45,3.71,6.398,0.077,570,633
Birkenhead South,House,2,6,12,33,691,599,673,760,112,3.89,6.5272,0.1595,614,761
Birkenhead South,House,3,9,18,36,958,788,920,1065,231,3.13,6.841,0.2251,804,1089
Birkenhead South,House,4,15,12,27,1255,1180,1250,1250,253,3.87,7.1196,0.1746,1099,1390
Birkenhead South,House,NA,15,6,21,860,620,800,990,474,3.9,6.6238,0.5453,521,1087
Birkenhead West,Apartment,2,9,9,18,592,535,540,620,112,3.6,6.3687,0.1827,516,660
Birkenhead West,Flat,1,6,6,12,546,441,460,565,204,3.86,6.2589,0.3283,419,652
Birkenhead West,Flat,2,6,6,21,518,423,535,584,116,3.28,6.2289,0.231,434,593
Birkenhead West,House,1,6,3,9,591,530,550,611,141,4,6.3627,0.2231,499,674
Birkenhead West,House,2,24,15,63,619,590,610,620,98,3.71,6.4182,0.1359,559,672
Birkenhead West,House,3,33,39,123,715,650,700,760,103,3.72,6.5613,0.1498,639,782
Birkenhead West,House,4,24,15,60,740,693,798,858,235,3.52,6.5389,0.4177,522,917
Birkenhead West,House,5+,6,0,15,1761,1038,1073,1796,1426,2.18,7.2829,0.6583,933,2269
Birkenhead West,House,NA,27,9,33,782,660,795,850,207,3.9,6.629,0.2646,633,905
Chatswood,Apartment,2,6,0,6,673,665,680,685,21,3.24,6.5119,0.0311,659,687
Chatswood,House,3,12,12,39,803,775,793,800,73,4,6.6843,0.0847,755,847
Chatswood,House,4,18,15,57,846,815,870,910,146,3.93,6.7229,0.2107,721,958
Chatswood,House,5,6,0,6,733,570,700,863,249,4.02,6.553,0.3408,557,883
Chatswood,House,NA,6,6,12,837,825,900,990,217,4.23,6.6952,0.3132,655,999
Glen Eden West,House,1,12,3,12,603,515,553,606,186,4.21,6.3674,0.2639,488,696
Glen Eden West,House,2,18,30,72,555,544,583,600,101,4,6.2897,0.295,442,658
Glen Eden West,House,3,48,51,183,675,610,633,679,295,3.72,6.4551,0.3677,496,815
Glen Eden West,House,4,9,21,57,745,650,680,900,132,3.92,6.6,0.1735,654,826
Glen Eden West,House,NA,57,18,72,593,568,595,650,118,3.96,6.3496,0.3181,462,709
Glendene North,Flat,1,6,6,6,483,425,428,485,112,3.56,6.1612,0.2106,411,546
Glendene North,Flat,2,9,9,33,508,490,510,520,44,3.85,6.2274,0.0866,478,537
Glendene North,House,1,9,3,9,618,600,615,650,51,4.1,6.424,0.0835,583,652
Glendene North,House,2,18,24,60,542,500,550,580,48,3.76,6.2908,0.0913,507,574
Glendene North,House,3,51,54,204,639,600,640,678,75,3.87,6.4534,0.1196,586,688
Glendene North,House,4,9,15,51,712,700,750,830,256,4.02,6.4346,0.6922,391,994
Glendene North,House,NA,21,9,33,685,570,650,750,148,3.77,6.5082,0.2069,583,771
Glendene South,Flat,2,6,3,18,570,551,570,596,29,3.69,6.3445,0.0514,550,589
Glendene South,House,1,6,3,9,413,323,455,545,238,4,5.8007,0.8896,181,602
Glendene South,House,3,24,27,102,645,620,650,690,46,3.87,6.467,0.0738,612,676
Glendene South,House,NA,15,3,30,614,581,650,670,103,3.97,6.4039,0.1955,530,689
Hauraki,Apartment,2,6,3,15,619,606,618,630,33,4,6.4267,0.0529,596,641
Hauraki,Flat,2,6,0,51,656,598,640,663,97,3.57,6.478,0.136,594,713
Hauraki,House,1,6,0,9,739,625,763,844,122,4,6.5937,0.1695,652,819
Hauraki,House,2,27,24,87,672,615,650,695,127,3.87,6.4971,0.159,596,738
Hauraki,House,3,45,36,114,827,750,840,890,184,3.82,6.6874,0.2722,668,964
Hauraki,House,4,24,27,78,1044,856,1048,1200,228,3.84,6.9278,0.2202,879,1184
Hauraki,House,NA,51,6,60,907,680,680,1100,383,4,6.7423,0.3513,669,1074
Henderson Central,Apartment,1,12,9,21,476,438,470,520,44,4,6.162,0.0926,446,505
Henderson Central,Apartment,2,12,6,18,549,513,553,580,52,3.58,6.3032,0.0951,512,583
Henderson Central,Flat,2,6,0,9,539,515,533,556,39,4.02,6.2873,0.0712,512,564
Henderson Central,House,1,6,6,12,552,468,573,600,111,4,6.2958,0.2005,474,621
Henderson Central,House,2,12,6,24,415,325,500,538,194,3.88,5.8441,0.7394,210,568
Henderson Central,House,3,9,9,24,656,541,658,700,127,3.62,6.4691,0.1885,568,732
Henderson Central,House,NA,42,6,39,525,483,550,610,134,3.99,6.2015,0.4301,369,660
Henderson East,Apartment,2,6,3,12,525,505,520,543,30,4,6.262,0.057,504,545
Henderson East,Flat,2,12,6,21,447,458,525,543,170,4,5.9543,0.6881,242,613
Henderson East,House,1,15,0,24,558,560,595,660,164,3.99,6.2532,0.4517,383,705
Henderson East,House,2,33,36,69,568,535,580,608,123,3.96,6.3111,0.2798,456,665
Henderson East,House,3,36,33,117,654,630,650,670,57,3.84,6.4793,0.0839,616,689
Henderson East,House,4,6,6,24,725,675,765,788,90,4,6.5793,0.1304,659,786
Henderson East,House,5+,6,3,9,864,694,755,925,341,3.21,6.7098,0.3587,644,1045
Henderson East,House,NA,75,15,90,608,580,620,690,133,3.92,6.358,0.4036,440,758
Henderson Lincoln South,Flat,2,9,3,21,502,498,510,555,100,4.34,6.1979,0.2337,420,576
Henderson Lincoln South,House,1,6,0,9,558,513,560,615,164,4,6.284,0.3264,430,668
Henderson Lincoln South,House,2,9,9,27,604,560,600,625,75,3.58,6.3978,0.1201,554,651
Henderson Lincoln South,House,3,33,33,147,622,600,645,673,98,3.9,6.4115,0.2481,515,720
Henderson Lincoln South,House,4,9,3,57,796,730,800,835,100,3.74,6.6722,0.1275,725,861
Henderson Lincoln South,House,NA,12,6,27,615,585,650,710,169,3.91,6.3582,0.4377,430,775
Henderson North,Flat,2,6,3,21,541,495,533,579,64,4,6.2887,0.1168,498,583
Henderson North,House,1,15,3,24,402,175,440,525,222,3.92,5.7981,0.7177,203,535
Henderson North,House,2,18,21,60,548,543,575,598,124,3.94,6.2467,0.4491,381,699
Henderson North,House,3,36,51,189,642,600,650,688,65,3.94,6.4592,0.11,593,688
Henderson North,House,4,18,18,63,718,680,708,750,75,3.79,6.5715,0.1033,666,766
Henderson North,House,NA,48,12,72,510,475,570,650,232,4.04,6.0421,0.7371,256,692
Henderson North East,Apartment,2,9,3,6,261,89,150,379,244,3.99,5.2076,0.8859,100,332
Henderson North East,Flat,2,6,0,30,529,494,543,558,66,4,6.2646,0.1282,482,573
Henderson North East,House,1,15,0,24,463,386,450,595,256,3.82,5.9173,0.7802,219,629
Henderson North East,House,2,36,21,63,577,530,595,640,106,4.1,6.3262,0.3115,453,690
Henderson North East,House,3,30,33,96,667,626,675,694,60,3.81,6.4989,0.0898,625,706
Henderson North East,House,4,15,12,30,690,675,700,770,170,4,6.4833,0.4049,498,860
Henderson North East,House,NA,36,6,57,578,585,630,660,169,4.04,6.2584,0.5807,353,773
Henderson Valley Park,House,1,6,0,3,693,655,715,753,83,4,6.5346,0.1247,633,749
Henderson Valley Park,House,2,9,9,27,509,520,540,550,112,3.9,6.1999,0.3064,401,606
Henderson Valley Park,House,3,15,18,69,614,593,650,680,137,3.9,6.3747,0.3708,457,754
Henderson Valley Park,House,4,6,3,24,758,680,760,838,121,4,6.6203,0.1615,673,837
Henderson Valley Park,House,NA,9,0,9,650,595,670,685,67,4.02,6.4724,0.1029,604,694
Herne Bay,Apartment,1,30,24,66,557,495,568,615,143,3.36,6.263,0.4414,390,707
Herne Bay,Apartment,2,24,21,72,738,624,723,784,155,3.57,6.5839,0.1991,632,827
Herne Bay,Flat,1,12,9,51,517,456,485,590,93,3.44,6.2342,0.1717,454,572
Herne Bay,Flat,2,12,6,36,675,593,635,745,175,4,6.4827,0.2645,547,781
Herne Bay,House,2,15,12,30,805,740,770,900,124,3.62,6.6798,0.1554,717,884
Herne Bay,House,3,15,15,51,1184,895,1000,1400,340,3.84,7.0406,0.2773,947,1377
Herne Bay,House,4,9,9,27,1621,1400,1400,1850,497,3.55,7.3512,0.3063,1267,1916
Herne Bay,House,NA,12,6,12,1906,1850,1850,1900,676,4.6,7.5034,0.3265,1456,2261
Hillcrest East (Auckland),Apartment,2,9,3,12,586,560,620,620,48,4.13,6.371,0.0853,552,619
Hillcrest East (Auckland),Flat,2,9,6,45,506,520,560,580,161,4.11,6.1186,0.6186,299,689
Hillcrest East (Auckland),House,1,15,0,12,677,550,700,770,140,3.74,6.4984,0.2078,577,764
Hillcrest East (Auckland),House,2,21,21,48,591,553,605,624,62,3.77,6.3758,0.1129,544,634
Hillcrest East (Auckland),House,3,42,36,126,717,680,718,770,100,3.87,6.5638,0.1583,637,789
Hillcrest East (Auckland),House,4,15,9,60,877,780,850,900,137,3.92,6.7659,0.1483,785,959
Hillcrest East (Auckland),House,NA,27,15,33,756,620,790,850,140,3.97,6.6094,0.2012,648,850
Hillcrest North (Auckland),Apartment,3,6,3,6,655,651,675,679,50,4,6.4823,0.0802,619,690
Hillcrest North (Auckland),Flat,1,9,3,21,559,425,500,660,221,4,6.2638,0.3786,407,678
Hillcrest North (Auckland),Flat,2,6,6,51,599,534,580,623,101,3.89,6.3837,0.1591,532,659
Hillcrest North (Auckland),House,2,33,24,69,580,550,580,605,61,3.89,6.3581,0.1082,537,621
Hillcrest North (Auckland),House,3,27,21,96,746,686,735,798,94,3.82,6.6078,0.125,681,806
Hillcrest North (Auckland),House,4,15,18,45,873,830,860,933,110,3.87,6.7643,0.1335,792,948
Hillcrest North (Auckland),House,NA,21,15,30,800,650,780,820,255,3.94,6.6467,0.2669,643,922
Hillcrest West (Auckland),Flat,2,6,9,30,629,574,620,648,74,3.73,6.4389,0.1134,580,675
Hillcrest West (Auckland),House,1,9,3,12,526,500,580,600,111,3.56,6.2417,0.2344,439,602
Hillcrest West (Auckland),House,2,12,21,42,594,585,630,643,105,3.59,6.3675,0.2249,501,678
Hillcrest West (Auckland),House,3,27,24,93,824,720,750,785,424,3.51,6.6596,0.2744,648,939
Hillcrest West (Auckland),House,4,18,15,45,803,776,813,895,242,3.85,6.6208,0.4316,561,1004
Hillcrest West (Auckland),House,NA,12,6,24,793,680,720,919,182,3.92,6.6515,0.2278,664,902
McLaren Park,House,1,9,3,15,571,473,590,675,147,4.02,6.3145,0.2789,458,667
McLaren Park,House,2,6,3,21,419,100,545,595,275,4.08,5.719,0.958,160,581
McLaren Park,House,3,54,33,192,604,594,620,663,131,3.91,6.3484,0.4183,431,758
McLaren Park,House,4,6,6,33,660,650,695,795,194,3.74,6.4249,0.4538,454,838
McLaren Park,House,NA,27,6,51,677,530,620,650,644,3.36,6.2545,0.7655,310,872
Milford Central,Apartment,2,6,0,18,763,668,715,810,159,3.67,6.6214,0.1975,657,858
Milford Central,Flat,2,18,6,42,715,591,653,805,183,3.9,6.5456,0.2308,596,813
Milford Central,House,1,6,0,3,853,585,720,988,387,4,6.6788,0.4181,600,1054
Milford Central,House,2,12,15,36,901,640,750,1100,378,3.86,6.7292,0.3956,641,1092
Milford Central,House,3,15,18,36,1016,825,930,1120,275,3.45,6.8933,0.2476,834,1165
Milford Central,House,4,6,9,12,1400,1125,1475,1750,422,4,7.2068,0.323,1085,1677
Milford Central,House,NA,6,0,12,1415,853,1063,1625,1017,3.89,7.0865,0.6459,773,1849
Milford West,Flat,2,9,18,72,653,590,650,735,82,3.92,6.4746,0.126,596,706
Milford West,Flat,3,6,3,6,729,649,713,793,126,4,6.5803,0.1707,642,809
Milford West,House,1,9,0,9,647,550,600,710,170,3.83,6.4415,0.2612,526,748
Milford West,House,2,33,33,78,646,586,610,698,82,3.77,6.4631,0.1227,590,696
Milford West,House,3,24,27,99,745,690,770,814,130,3.84,6.5941,0.2198,630,848
Milford West,House,4,24,12,60,1062,860,945,999,689,2.93,6.8505,0.481,683,1306
Milford West,House,NA,15,9,30,893,695,850,1000,259,4,6.7578,0.2783,713,1038
Northcote Central (Auckland),Apartment,1,12,15,15,604,540,580,615,102,3.85,6.3918,0.1591,536,665
Northcote Central (Auckland),Apartment,2,15,27,36,639,625,640,650,22,3.86,6.4594,0.0338,624,653
Northcote Central (Auckland),House,1,15,6,18,572,520,625,650,135,4.14,6.3153,0.2869,456,671
Northcote Central (Auckland),House,2,6,6,24,578,534,570,595,70,3.85,6.3528,0.1175,530,621
Northcote Central (Auckland),House,3,33,30,87,759,660,695,770,337,3.4,6.5758,0.3187,579,890
Northcote Central (Auckland),House,4,15,12,36,848,778,850,920,156,3.92,6.7256,0.1947,731,950
Northcote Central (Auckland),House,5+,6,6,6,940,925,955,970,64,3.77,6.8441,0.0695,895,983
Northcote Central (Auckland),House,NA,51,6,66,658,608,635,660,167,3.92,6.4667,0.2014,562,737
Northcote Central (Auckland),Room,1,6,6,18,228,228,230,230,5,3,5.427,0.0222,224,231
Northcote Point (Auckland),Apartment,2,6,6,12,594,563,608,619,40,3.66,6.3852,0.0688,566,621
Northcote Point (Auckland),Flat,2,6,6,30,540,533,565,573,61,4,6.2865,0.119,496,582
Northcote Point (Auckland),House,1,6,3,3,844,754,823,913,195,4.5,6.7181,0.2293,709,966
Northcote Point (Auckland),House,2,15,15,48,661,550,610,698,169,3.51,6.4703,0.2145,559,746
Northcote Point (Auckland),House,3,21,18,63,778,698,820,890,199,3.4,6.5844,0.4988,517,1013
Northcote Point (Auckland),House,4,9,9,27,1070,900,1000,1200,208,3.76,6.9591,0.1903,926,1197
Northcote Point (Auckland),House,NA,12,3,18,987,826,915,1100,229,4,6.8733,0.2114,838,1114
Northcote South (Auckland),Flat,1,6,0,6,634,595,693,731,160,4,6.4225,0.2924,505,750
Northcote South (Auckland),Flat,2,12,6,42,592,565,583,603,45,3.57,6.3811,0.0742,562,621
Northcote South (Auckland),House,1,6,9,6,488,453,495,508,87,3.87,6.1755,0.178,426,542
Northcote South (Auckland),House,2,6,15,33,533,523,593,650,203,4.47,6.0974,0.8443,252,786
Northcote South (Auckland),House,3,21,18,69,766,728,770,795,110,3.91,6.6308,0.1549,683,842
Northcote South (Auckland),House,4,9,12,42,897,860,900,948,87,4,6.7948,0.102,834,957
Northcote South (Auckland),House,5+,6,3,15,526,181,493,838,407,3.54,5.9743,0.9227,211,733
Northcote South (Auckland),House,NA,6,9,12,711,600,650,850,146,4.14,6.549,0.207,608,803
Northcote Tuff Crater,Flat,2,6,6,27,559,529,555,585,37,3.76,6.3241,0.0662,533,583
Northcote Tuff Crater,House,2,12,15,27,676,574,625,679,205,3.6,6.4869,0.2335,561,768
Northcote Tuff Crater,House,3,15,18,60,597,545,680,755,242,3.58,6.2579,0.6174,344,792
Northcote Tuff Crater,House,4,15,9,33,900,835,958,1025,320,4.23,6.4779,1.393,254,1665
Northcote Tuff Crater,House,NA,12,0,18,894,725,850,988,229,4,6.7668,0.2493,734,1028
Point Chevalier East,Apartment,1,9,9,9,530,480,510,600,75,3.29,6.2643,0.1453,476,580
Point Chevalier East,Flat,1,18,9,21,548,484,520,541,203,3.8,6.2653,0.2702,438,631
Point Chevalier East,House,1,12,6,12,794,743,843,900,180,4.15,6.6491,0.2599,648,920
Point Chevalier East,House,2,27,21,54,751,650,730,750,204,3.79,6.5975,0.2041,639,841
Point Chevalier East,House,3,45,51,123,856,755,850,938,135,3.83,6.74,0.1587,760,941
Point Chevalier East,House,4,30,21,42,1075,950,1100,1200,313,3.84,6.926,0.3705,793,1308
Point Chevalier East,House,NA,27,12,24,749,623,750,900,183,3.81,6.5875,0.2657,607,868
Point Chevalier East,Room,1,6,3,9,336,330,335,343,11,4,5.8174,0.0315,329,343
Point Chevalier West,Flat,1,6,6,18,433,400,428,441,56,3.61,6.0626,0.1242,395,467
Point Chevalier West,Flat,2,9,3,21,596,595,625,733,240,3.7,6.2262,0.7718,301,851
Point Chevalier West,House,1,6,3,12,619,419,598,864,320,3.38,6.2755,0.6375,346,817
Point Chevalier West,House,2,12,9,42,677,590,675,750,98,3.34,6.5082,0.1448,608,739
Point Chevalier West,House,3,27,24,90,847,750,840,950,126,3.61,6.7315,0.1453,760,925
Point Chevalier West,House,4,12,9,30,1156,1000,1198,1213,237,3.82,7.0333,0.2089,985,1305
Point Chevalier West,House,NA,9,3,12,909,690,945,1100,200,3.35,6.7904,0.2269,763,1036
Ranui South East,House,1,6,0,6,614,424,513,793,252,3.57,6.3546,0.3893,442,748
Ranui South East,House,3,21,21,99,646,623,650,678,56,3.91,6.4675,0.0893,606,684
Ranui South East,House,4,12,6,45,684,746,760,770,286,3.78,6.3897,0.6431,386,919
Ranui South East,House,NA,27,9,39,789,680,750,875,163,4,6.6505,0.2056,673,888
Summerland North,House,2,6,0,9,636,601,633,668,90,3.76,6.448,0.1421,574,695
Summerland North,House,3,12,15,87,733,720,730,745,26,3.8,6.5966,0.0355,715,750
Summerland North,House,4,15,9,45,818,795,820,850,53,4,6.7054,0.0676,780,855
Summerland North,House,NA,9,3,15,817,750,800,815,108,4,6.6992,0.1209,748,881
Summerland South,House,3,9,6,30,700,650,683,735,68,3.75,6.5463,0.0937,654,742
Summerland South,House,4,12,9,69,757,753,815,845,179,3.95,6.5865,0.3532,572,920
Summerland South,House,NA,12,6,21,809,720,800,870,94,3.9,6.6902,0.1121,746,868
Sunnyvale East,Apartment,2,6,3,3,545,525,568,588,66,4,6.2948,0.1283,497,591
Sunnyvale East,House,1,15,6,27,511,430,510,600,165,3.56,6.1704,0.415,362,633
Sunnyvale East,House,2,39,27,102,563,550,570,600,101,3.96,6.3001,0.3233,438,677
Sunnyvale East,House,3,48,39,201,606,600,630,675,151,3.93,6.3321,0.4984,402,787
Sunnyvale East,House,4,18,9,84,625,540,750,780,248,3.9,6.3175,0.5702,377,814
Sunnyvale East,House,5,6,0,6,785,680,730,835,151,4,6.6528,0.1819,685,876
Sunnyvale East,House,NA,39,12,66,579,525,595,700,215,4,6.2392,0.5984,342,767
Sunnyvale West-Parrs Park,House,1,9,3,12,289,90,162,570,263,4,5.2904,0.909,107,366
Sunnyvale West-Parrs Park,House,2,12,9,15,544,513,543,550,37,3.9,6.296,0.0673,518,568
Sunnyvale West-Parrs Park,House,3,39,42,132,597,590,650,670,152,3.9,6.3297,0.4227,422,746
Sunnyvale West-Parrs Park,House,4,6,6,18,698,688,695,705,17,4,6.5473,0.0244,686,709
Sunnyvale West-Parrs Park,House,NA,12,3,24,611,615,650,675,154,4.04,6.3575,0.4252,433,768
Takapuna Central,Apartment,1,30,30,87,607,484,545,595,377,3.42,6.3319,0.3202,453,698
Takapuna Central,Apartment,2,33,21,90,962,740,900,990,579,3.44,6.7914,0.3357,710,1116
Takapuna Central,Apartment,3,6,3,18,1027,987,1017,1058,74,4,6.9327,0.0712,977,1076
Takapuna Central,Flat,2,6,6,24,646,611,640,675,80,3.71,6.4654,0.1237,591,698
Takapuna Central,House,1,6,6,21,829,623,775,976,322,4,6.6582,0.3872,600,1012
Takapuna Central,House,2,12,15,39,757,643,660,868,175,3.6,6.6079,0.2132,642,856
Takapuna Central,House,3,6,6,24,1049,950,1025,1100,206,3.7,6.9403,0.1913,908,1175
Takapuna Central,House,4,9,6,33,1259,1175,1200,1325,201,3.83,7.1261,0.1609,1116,1387
Takapuna Central,House,NA,18,9,24,1137,590,1100,1350,835,3.5,6.8581,0.5879,640,1415
Takapuna South,Flat,2,9,3,21,714,603,650,783,151,4,6.5528,0.1981,614,801
Takapuna South,House,1,6,0,3,794,730,810,874,142,4.48,6.6641,0.1868,691,889
Takapuna South,House,2,12,9,21,620,595,625,646,172,3.27,6.379,0.375,458,759
Takapuna South,House,3,12,12,18,1361,956,1200,1650,509,4.21,7.1552,0.3648,1001,1638
Takapuna South,House,4,6,9,21,2074,1213,1295,2163,1653,2.86,7.4141,0.668,1057,2604
Takapuna West,Apartment,1,21,12,36,599,565,610,630,53,3.83,6.3916,0.0905,561,634
Takapuna West,Apartment,2,54,39,105,712,628,680,793,112,3.82,6.5566,0.1546,634,781
Takapuna West,Apartment,3,12,3,21,892,735,913,1000,179,3.71,6.7739,0.208,760,1006
Takapuna West,Apartment,NA,6,0,6,712,628,650,650,218,4,6.5363,0.2587,579,821
Takapuna West,Flat,1,9,6,15,592,408,500,660,300,3.49,6.2915,0.4474,399,730
Takapuna West,Flat,2,36,21,111,635,595,650,680,137,4.03,6.174,1.8256,140,1645
Takapuna West,House,1,12,6,21,683,555,595,638,288,3.75,6.4491,0.4092,480,833
Takapuna West,House,2,39,45,123,671,600,650,670,144,3.71,6.492,0.1729,587,741
Takapuna West,House,3,42,42,156,793,730,800,870,156,3.92,6.6521,0.2398,659,910
Takapuna West,House,4,18,21,75,1007,963,1000,1150,171,3.39,6.8992,0.1845,875,1123
Takapuna West,House,5+,6,6,21,983,888,940,1035,155,3.75,6.8813,0.151,880,1078
Takapuna West,House,NA,57,18,63,833,590,750,1000,283,4.05,6.6735,0.3198,638,982
Takapuna West,Room,1,6,9,15,629,618,630,641,39,4,6.4423,0.0621,602,655
Te Atatu Peninsula East,House,1,6,3,6,659,625,658,691,90,4.5,6.4833,0.1378,596,718
Te Atatu Peninsula East,House,3,15,18,78,724,650,720,770,112,3.71,6.5741,0.1496,648,792
Te Atatu Peninsula East,House,5+,6,3,21,1075,988,1050,1138,132,4.44,6.9745,0.1206,986,1160
Te Atatu Peninsula East,House,NA,9,9,12,707,583,610,823,186,4,6.5326,0.2465,582,811
Te Atatu South-Central,Flat,2,9,9,36,540,520,530,555,117,3.51,6.2708,0.2233,455,615
Te Atatu South-Central,House,1,24,0,36,537,484,538,565,87,4.08,6.2745,0.1534,479,589
Te Atatu South-Central,House,2,27,21,81,586,550,590,610,109,3.66,6.3536,0.2171,496,665
Te Atatu South-Central,House,3,45,39,180,658,640,680,700,126,3.73,6.4581,0.3093,518,786
Te Atatu South-Central,House,4,21,15,78,710,705,750,838,201,3.71,6.4962,0.4474,490,896
Te Atatu South-Central,House,NA,33,15,72,654,589,650,728,190,3.99,6.4108,0.4653,445,833
Te Atatu South-Edmonton,House,1,12,3,15,544,513,570,645,181,4,6.1892,0.6117,323,736
Te Atatu South-Edmonton,House,2,27,24,99,558,540,560,578,46,3.69,6.3217,0.082,527,588
Te Atatu South-Edmonton,House,3,63,51,228,643,625,650,680,100,3.93,6.4398,0.2866,516,760
Te Atatu South-Edmonton,House,4,15,15,51,793,730,780,830,107,3.79,6.6674,0.1344,718,861
Te Atatu South-Edmonton,House,NA,27,24,48,648,550,695,720,112,3.97,6.4585,0.1896,562,725
Te Atatu South-McLeod North,Apartment,2,9,0,15,554,550,570,580,49,3.7,6.3128,0.0943,518,588
Te Atatu South-McLeod North,Flat,2,6,9,24,538,525,538,550,14,4,6.2867,0.0269,528,547
Te Atatu South-McLeod North,House,1,15,0,15,566,545,580,590,81,4,6.3287,0.1533,505,621
Te Atatu South-McLeod North,House,2,24,24,90,583,528,578,596,84,3.92,6.3594,0.1301,529,631
Te Atatu South-McLeod North,House,3,42,45,171,640,600,650,660,57,3.9,6.4585,0.0864,602,676
Te Atatu South-McLeod North,House,4,6,21,51,754,718,750,793,82,3.87,6.62,0.1077,697,806
Te Atatu South-McLeod North,House,NA,93,15,111,622,555,585,650,97,4.01,6.4219,0.141,559,677
Te Atatu South-McLeod South,House,1,9,3,12,641,563,650,815,293,4,6.2752,0.8151,307,921
Te Atatu South-McLeod South,House,2,27,21,48,599,530,580,650,108,3.9,6.3815,0.1644,529,660
Te Atatu South-McLeod South,House,3,36,30,117,664,643,650,689,65,3.8,6.4941,0.0897,622,702
Te Atatu South-McLeod South,House,4,18,21,60,923,703,796,850,625,3.32,6.7312,0.3708,653,1076
Te Atatu South-McLeod South,House,NA,39,12,51,655,585,640,700,196,4,6.4137,0.4558,449,830
Waiatarua,Flat,1,6,3,6,351,341,390,400,85,3.45,5.8348,0.2802,283,413
Waitakere Ranges South,House,1,6,3,15,419,338,400,481,121,3.61,6.0063,0.2859,335,492
Waitakere Ranges South,House,2,6,0,15,526,521,535,540,21,4,6.2651,0.0413,511,541
Waitakere Ranges South,House,3,6,3,15,674,600,723,796,165,3.18,6.4873,0.2699,547,788
Western Heights (Auckland),Flat,2,6,3,12,561,498,523,570,104,4.01,6.3162,0.1648,495,619
Western Heights (Auckland),House,1,6,0,3,694,650,740,784,136,4.56,6.5258,0.2149,590,789
Western Heights (Auckland),House,2,9,9,12,669,600,620,650,151,3.9,6.4852,0.2086,569,754
Western Heights (Auckland),House,3,21,15,78,816,635,665,740,554,3.31,6.6091,0.362,581,947
Western Heights (Auckland),House,4,18,12,60,773,738,818,850,136,4,6.6311,0.2192,654,879
Western Heights (Auckland),House,5+,6,6,18,940,935,955,990,74,3.5,6.8431,0.0828,886,991
Western Heights (Auckland),House,NA,15,6,30,746,680,775,800,156,4.08,6.5919,0.2272,626,850
Westlake,Apartment,2,9,15,15,612,583,620,625,43,4,6.4149,0.0691,583,640
Westlake,Flat,2,15,6,48,620,600,618,650,78,3.75,6.422,0.1312,563,672
Westlake,House,1,6,9,9,607,563,695,700,178,4,6.3579,0.3766,448,744
Westlake,House,2,24,27,75,670,645,655,681,79,3.69,6.5003,0.1138,616,718
Westlake,House,3,45,27,105,785,730,790,850,160,3.9,6.6401,0.2439,649,902
Westlake,House,4,15,21,45,929,900,950,980,86,4.09,6.8294,0.1003,864,989
Westlake,House,5,9,3,6,373,210,240,250,387,3.48,5.6635,0.654,185,448
Westlake,House,5+,6,3,15,1005,950,1100,1155,242,4,6.8864,0.2771,812,1180
Westlake,House,NA,15,12,24,832,750,840,888,167,3.92,6.7049,0.2042,711,937
Westlake,Room,1,9,6,12,205,200,200,200,15,3.81,5.3186,0.0673,195,214
Westmere North,House,2,6,6,12,1004,781,1098,1249,310,3.98,6.8658,0.3453,760,1210
Westmere North,House,3,18,15,54,1066,895,1000,1195,242,3.42,6.9508,0.2049,909,1199
Westmere North,House,4,6,9,21,1463,1007,1200,1650,696,3.74,7.2093,0.404,1029,1775
Anzac Avenue,Apartment,1,264,156,483,466,404,460,520,82,3.94,6.1278,0.1935,402,522
Anzac Avenue,Apartment,2,171,108,345,605,538,595,680,140,3.92,6.3751,0.2596,493,699
Anzac Avenue,Apartment,3,9,9,15,976,809,875,1043,280,3.85,6.8532,0.2599,795,1128
Anzac Avenue,Apartment,4,6,3,9,535,258,258,837,432,4,6.0315,0.7451,252,688
Anzac Avenue,Apartment,5,15,9,12,316,310,310,310,31,1.24,5.7525,0.0854,297,334
Anzac Avenue,Apartment,NA,18,33,18,575,450,550,641,186,3.99,6.31,0.3045,448,675
Anzac Avenue,Boarding House,NA,6,0,6,245,198,220,230,90,2.23,5.4581,0.2905,193,285
Anzac Avenue,Flat,1,12,0,30,478,375,400,533,167,3.98,6.1258,0.2951,375,558
Anzac Avenue,Flat,2,12,3,21,617,538,615,648,111,4,6.4102,0.1734,541,683
Anzac Avenue,House,1,51,18,60,510,410,500,570,149,4.01,6.2005,0.2576,414,587
Anzac Avenue,House,2,9,33,15,685,550,650,918,268,4,6.3942,0.6739,380,943
Anzac Avenue,House,NA,138,39,141,525,428,523,565,133,4.07,6.226,0.294,415,617
Anzac Avenue,Room,1,9,21,15,290,250,250,325,83,2.77,5.6374,0.2595,236,334
Anzac Avenue,Room,NA,9,3,3,357,315,350,420,72,2.45,5.8595,0.2129,304,405
Auckland-University,Apartment,1,30,24,57,455,390,420,515,149,3.82,6.0427,0.4675,307,577
Avondale Central (Auckland),Apartment,1,6,3,12,557,504,533,550,94,4,6.3116,0.1531,497,611
Avondale Central (Auckland),Apartment,2,15,24,33,582,545,570,648,70,3.6,6.3599,0.1253,531,629
Avondale Central (Auckland),Flat,1,6,3,24,591,375,388,535,465,2.63,6.2036,0.5918,332,737
Avondale Central (Auckland),House,1,15,9,24,511,475,550,595,176,3.85,6.1382,0.5419,321,668
Avondale Central (Auckland),House,2,36,21,87,574,595,600,650,146,3.82,6.2752,0.5013,379,745
Avondale Central (Auckland),House,3,30,30,99,690,630,683,781,102,3.85,6.5234,0.1694,607,763
Avondale Central (Auckland),House,NA,81,15,111,604,550,595,630,118,3.89,6.3816,0.2334,505,692
Avondale Central (Auckland),Room,1,6,3,15,503,473,505,535,46,4.1,6.2165,0.0917,471,533
Avondale Central (Auckland),Room,NA,6,3,9,415,408,418,426,14,2.25,6.0277,0.035,405,425
Avondale North (Auckland),Apartment,2,9,3,21,523,500,530,570,59,3.8,6.2539,0.1221,479,565
Avondale North (Auckland),Flat,1,12,6,36,464,450,455,480,62,3.99,6.1316,0.1361,420,504
Avondale North (Auckland),Flat,2,6,6,30,538,450,515,603,108,4,6.2722,0.1972,464,605
Avondale North (Auckland),Flat,3,6,0,9,670,636,663,696,69,4,6.5034,0.1015,623,715
Avondale North (Auckland),House,1,12,9,15,590,489,625,698,177,3.91,6.3239,0.3862,430,724
Avondale North (Auckland),House,2,30,27,90,685,590,600,655,383,3.51,6.4649,0.3009,524,787
Avondale North (Auckland),House,3,75,57,204,695,650,720,780,143,3.71,6.5102,0.3049,547,825
Avondale North (Auckland),House,4,18,18,60,769,756,785,958,263,4.1,6.5348,0.5858,464,1022
Avondale North (Auckland),House,NA,48,6,60,711,650,730,780,140,3.95,6.5361,0.29,567,839
Avondale Rosebank,House,1,12,0,15,627,568,650,720,129,3.78,6.4178,0.2388,522,720
Avondale Rosebank,House,2,12,18,51,604,523,570,622,118,3.88,6.3888,0.1805,527,672
Avondale Rosebank,House,3,48,42,159,675,650,690,745,142,3.77,6.4846,0.271,546,786
Avondale Rosebank,House,4,12,9,39,704,646,755,808,153,3.92,6.5287,0.2616,574,817
Avondale Rosebank,House,NA,27,12,48,677,643,690,740,113,3.92,6.5044,0.1719,595,750
Avondale West (Auckland),House,1,6,3,9,580,615,660,683,247,4.11,6.1795,0.8273,276,843
Avondale West (Auckland),House,2,18,12,39,594,529,598,630,76,3.63,6.3793,0.1242,542,641
Avondale West (Auckland),House,3,36,30,147,624,640,678,748,225,3.69,6.3413,0.4956,406,793
Avondale West (Auckland),House,4,21,21,57,773,763,800,850,150,3.94,6.6154,0.3272,599,931
Avondale West (Auckland),House,NA,18,6,33,766,669,788,850,125,4,6.6282,0.163,677,844
Cheltenham,Apartment,2,6,6,15,628,573,598,675,123,3.42,6.4262,0.1935,542,704
Cheltenham,Flat,2,6,3,30,612,568,650,650,73,3.27,6.4099,0.1251,559,661
Cheltenham,House,2,9,9,24,675,650,670,730,125,4,6.4981,0.2022,579,761
Cheltenham,House,3,6,9,24,1111,936,1025,1200,273,3.1,6.9924,0.2308,931,1272
Devonport,Apartment,2,15,12,36,680,620,650,770,111,3.58,6.5098,0.1631,602,750
Devonport,Flat,1,12,9,30,614,440,475,630,363,3.65,6.3202,0.4221,418,739
Devonport,Flat,2,12,12,48,580,564,613,650,181,4.29,6.0845,1.2936,183,1051
Devonport,House,2,9,12,33,797,705,795,875,126,3.86,6.6705,0.1562,710,876
Devonport,House,3,12,21,60,907,820,900,1028,216,4,6.7752,0.2971,717,1070
Devonport,House,4,15,9,36,1345,980,1200,1290,732,4,7.1016,0.4517,895,1646
Freemans Bay,Apartment,1,48,36,105,674,520,600,750,224,3.61,6.4681,0.2928,529,785
Freemans Bay,Apartment,2,51,45,114,773,673,750,800,195,3.67,6.6229,0.2328,643,880
Freemans Bay,Apartment,3,9,6,15,953,795,840,995,228,4,6.8361,0.2237,800,1082
Freemans Bay,Flat,1,12,6,21,642,535,580,718,192,2.94,6.4287,0.272,516,744
Freemans Bay,Flat,2,15,9,33,644,600,620,680,71,3.91,6.4618,0.1064,596,688
Freemans Bay,Flat,NA,6,6,6,330,330,330,330,,3,5.7991,0,330,330
Freemans Bay,House,1,6,3,15,857,635,798,958,327,3.82,6.6979,0.3459,642,1024
Freemans Bay,House,2,30,18,75,806,666,765,865,313,3.57,6.6167,0.4091,567,985
Freemans Bay,House,3,57,39,129,1186,915,1010,1125,894,3.6,6.9763,0.3881,824,1391
Freemans Bay,House,4,21,9,48,1626,1123,1415,1875,654,3.56,7.3224,0.3834,1169,1961
Freemans Bay,House,NA,18,15,30,1153,750,835,1365,652,3.89,6.9327,0.4655,749,1403
Fruitvale,Flat,1,6,3,9,435,420,435,450,17,4,6.0748,0.0398,423,447
Fruitvale,Flat,2,6,9,36,477,490,524,560,160,4,6.0533,0.6312,278,651
Fruitvale,House,1,6,3,12,399,248,428,498,238,3.77,5.7533,0.8238,181,549
Fruitvale,House,2,21,27,66,515,498,550,568,142,3.95,6.1918,0.3713,380,628
Fruitvale,House,3,33,33,117,630,600,650,693,138,3.97,6.3983,0.3815,465,777
Fruitvale,House,4,6,9,33,707,664,700,753,49,3.86,6.5588,0.069,673,739
Fruitvale,House,NA,27,6,48,583,595,630,700,188,4.04,6.2805,0.4944,383,745
Glen Eden Central,Apartment,2,6,0,18,515,485,495,525,58,3.53,6.2397,0.108,477,551
Glen Eden Central,Flat,2,9,3,27,469,450,530,550,155,4,6.0436,0.5997,281,631
Glen Eden Central,House,1,15,0,18,493,400,430,590,147,3.93,6.1621,0.2894,390,577
Glen Eden Central,House,2,24,24,66,502,515,555,591,178,3.96,6.0983,0.6037,296,669
Glen Eden Central,House,3,45,30,189,637,600,640,680,115,3.88,6.4336,0.2512,525,737
Glen Eden Central,House,4,15,9,33,769,735,795,840,79,3.93,6.6403,0.1075,712,823
Glen Eden Central,House,NA,33,9,48,581,510,600,700,249,3.89,6.198,0.7043,306,791
Glen Eden North,Apartment,1,24,3,75,372,90,470,500,188,3.88,5.6919,0.7924,174,506
Glen Eden North,Apartment,2,21,12,84,375,170,329,598,225,4,5.7082,0.7175,186,489
Glen Eden North,House,1,18,3,24,508,464,483,528,73,4,6.2226,0.1334,461,551
Glen Eden North,House,2,21,12,57,583,565,590,623,45,3.95,6.3649,0.0824,550,614
Glen Eden North,House,3,30,30,108,630,619,650,670,100,3.71,6.4221,0.26,516,733
Glen Eden North,House,NA,60,9,84,524,476,580,608,175,4,6.1537,0.5675,321,690
Glen Eden Rosier,House,1,9,0,12,492,388,585,640,212,3.67,6.0555,0.6761,270,673
Glen Eden Rosier,House,2,9,6,30,516,500,525,550,43,3.68,6.2419,0.0887,484,546
Glen Eden Rosier,House,3,42,33,138,605,600,640,660,126,3.77,6.3646,0.342,461,732
Glen Eden Rosier,House,4,12,9,39,662,660,725,750,209,4,6.3756,0.6635,375,919
Glen Eden Rosier,House,NA,12,3,18,621,599,635,738,196,3.86,6.3693,0.4089,443,769
Glen Eden Woodglen,Flat,2,6,3,24,508,496,505,518,13,4,6.2292,0.0254,499,516
Glen Eden Woodglen,House,1,18,3,24,540,483,595,635,143,4.08,6.2361,0.3989,390,669
Glen Eden Woodglen,House,2,33,30,78,522,500,540,560,97,3.88,6.2216,0.3381,401,632
Glen Eden Woodglen,House,3,45,48,174,646,610,650,680,57,4.92,6.4666,0.0851,607,681
Glen Eden Woodglen,House,4,9,21,39,750,693,735,803,79,3.66,6.6145,0.1037,695,800
Glen Eden Woodglen,House,NA,45,3,66,612,580,650,680,133,4.01,6.368,0.3911,448,759
Grey Lynn Central,Apartment,1,21,24,63,576,540,600,615,88,3.83,6.3443,0.1547,513,632
Grey Lynn Central,Apartment,2,24,21,51,886,698,775,903,492,3.49,6.7086,0.3526,646,1039
Grey Lynn Central,Flat,1,15,9,66,508,450,500,590,77,3.97,6.2197,0.1565,452,559
Grey Lynn Central,House,1,9,9,18,744,560,650,750,290,4.33,6.5556,0.3331,562,880
Grey Lynn Central,House,2,18,21,39,961,689,825,1234,375,3.57,6.8021,0.3657,703,1151
Grey Lynn Central,House,3,27,33,90,995,830,950,1150,244,3.63,6.8737,0.2465,818,1141
Grey Lynn Central,House,4,18,18,57,1071,848,1000,1213,417,3.77,6.9152,0.349,796,1275
Grey Lynn Central,House,NA,21,15,27,971,750,870,1200,296,3.93,6.8366,0.2922,765,1134
Grey Lynn Central,Room,NA,9,3,6,338,315,315,328,50,2.96,5.8144,0.1331,306,367
Grey Lynn East,Apartment,1,42,51,90,610,550,614,671,85,3.71,6.4046,0.1414,550,665
Grey Lynn East,Apartment,2,45,42,84,757,698,735,835,132,3.79,6.6147,0.1676,666,835
Grey Lynn East,Apartment,3,6,6,12,1203,933,1200,1300,399,4,7.0489,0.3078,936,1417
Grey Lynn East,Apartment,NA,9,3,9,711,683,690,729,78,4,6.5619,0.107,658,761
Grey Lynn East,Boarding House,1,15,6,18,298,300,300,300,31,3.26,5.6939,0.1005,278,318
Grey Lynn East,Flat,1,15,3,27,518,470,540,550,54,3.92,6.2442,0.107,479,554
Grey Lynn East,House,1,6,15,18,654,578,590,715,127,3.29,6.4674,0.1834,569,729
Grey Lynn East,House,2,15,21,45,749,688,720,790,136,3.47,6.6036,0.1757,655,831
Grey Lynn East,House,3,21,18,60,801,720,800,920,278,3.7,6.6176,0.4039,570,982
Grey Lynn East,House,4,12,6,18,629,333,590,950,332,3.8,6.2957,0.5961,363,811
Grey Lynn East,House,5,6,3,6,455,223,295,490,371,3.49,5.8851,0.6859,226,571
Grey Lynn East,House,NA,66,12,81,690,590,655,758,128,3.58,6.5223,0.1695,607,763
Grey Lynn North,Apartment,1,9,9,33,553,500,550,600,61,3.48,6.3097,0.1081,511,591
Grey Lynn North,Flat,1,6,6,27,527,400,455,558,183,3.78,6.2219,0.308,409,620
Grey Lynn North,Flat,2,6,0,12,700,650,700,750,163,2.36,6.5298,0.2412,582,806
Grey Lynn North,House,2,12,9,27,848,715,850,950,162,3.69,6.7262,0.186,736,945
Grey Lynn North,House,3,30,33,78,1057,891,950,1194,299,3.7,6.9335,0.234,876,1202
Grey Lynn North,House,4,15,6,51,1132,880,1000,1183,411,2.9,6.9871,0.2885,891,1315
Grey Lynn North,House,NA,12,9,18,820,750,820,900,91,4,6.7037,0.1116,756,879
Grey Lynn North,Room,1,6,3,12,295,256,265,304,85,2.36,5.6594,0.2625,240,343
Grey Lynn West,Apartment,1,15,18,36,604,550,550,600,138,3.26,6.3824,0.2101,513,681
Grey Lynn West,Apartment,2,24,24,48,742,693,750,835,115,3.71,6.5976,0.1614,658,818
Grey Lynn West,Flat,1,6,3,24,486,409,475,553,112,3.6,6.1639,0.23,407,555
Grey Lynn West,Flat,2,9,3,21,552,495,550,585,71,3.67,6.307,0.1251,504,597
Grey Lynn West,Flat,NA,54,36,33,360,330,335,390,38,3.96,5.8809,0.1025,334,384
Grey Lynn West,House,1,27,3,27,499,335,440,560,188,3.83,6.1528,0.3423,373,592
Grey Lynn West,House,2,33,30,57,775,720,750,795,162,3.83,6.6349,0.1866,671,863
Grey Lynn West,House,3,36,24,87,829,729,805,900,121,3.89,6.7109,0.1371,749,901
Grey Lynn West,House,4,12,9,39,989,810,935,1095,204,3.87,6.8785,0.1966,851,1109
Grey Lynn West,House,5,9,6,0,366,210,220,290,388,3.42,5.6529,0.62,188,433
Grey Lynn West,House,NA,30,12,48,736,545,715,870,201,3.97,6.5675,0.2632,596,850
Hobson Ridge Central,Apartment,1,141,111,282,395,350,399,440,155,3.84,5.9182,0.3777,288,480
Hobson Ridge Central,Apartment,2,387,288,744,479,448,480,550,113,3.9,6.1303,0.3342,367,576
Hobson Ridge Central,Apartment,3,48,33,72,507,253,470,743,247,3.65,6.0844,0.5849,296,651
Hobson Ridge Central,Apartment,4,9,3,12,306,195,220,395,184,3.54,5.5925,0.5296,188,384
Hobson Ridge Central,Apartment,NA,21,33,33,507,450,460,550,92,4,6.2159,0.1618,449,558
Hobson Ridge Central,House,1,51,12,51,442,400,450,480,85,4.03,6.0594,0.3092,348,527
Hobson Ridge Central,House,2,12,45,30,501,445,480,550,63,3.98,6.2095,0.1246,457,541
Hobson Ridge Central,House,3,9,12,6,318,250,250,250,186,3.33,5.6676,0.4147,219,383
Hobson Ridge Central,House,NA,36,42,30,548,458,560,600,101,3.98,6.2888,0.1927,473,613
Hobson Ridge Central,Room,1,9,33,15,336,240,260,420,133,3.46,5.7486,0.3836,242,406
Hobson Ridge North,Apartment,1,204,183,351,483,420,470,524,93,3.86,6.1644,0.1749,423,535
Hobson Ridge North,Apartment,2,189,177,336,589,450,525,650,201,3.95,6.3316,0.3052,457,691
Hobson Ridge North,Apartment,3,33,18,39,441,300,350,630,192,2.94,6.0105,0.3882,314,530
Hobson Ridge North,Apartment,4,6,3,6,509,285,350,458,390,2.6,6.053,0.5802,288,629
Hobson Ridge North,Apartment,NA,21,21,18,484,370,450,550,122,3.96,6.1537,0.235,401,551
Hobson Ridge North,Flat,1,9,3,18,456,450,450,470,54,4,6.115,0.1217,417,491
Hobson Ridge North,House,1,39,33,42,518,430,490,550,193,4.01,6.186,0.3857,375,630
Hobson Ridge North,House,2,9,30,15,608,480,630,735,132,4.02,6.3877,0.2256,511,692
Hobson Ridge North,House,NA,156,66,147,598,450,500,594,368,3.95,6.3074,0.3561,431,698
Hobson Ridge North,Room,1,27,51,30,333,280,335,370,123,3.92,5.7186,0.5007,217,427
Hobson Ridge South,Apartment,1,87,75,171,395,340,400,450,81,3.83,5.9527,0.2435,327,453
Hobson Ridge South,Apartment,2,96,72,210,468,435,480,548,117,3.83,6.0669,0.5714,293,634
Hobson Ridge South,Apartment,3,9,6,36,636,285,760,960,357,3.85,6.2653,0.6938,329,840
Hobson Ridge South,Apartment,4,15,9,12,328,220,230,240,213,2.28,5.6379,0.5313,196,402
Hobson Ridge South,Apartment,NA,6,6,12,390,375,415,430,83,4,5.9465,0.2373,326,449
Hobson Ridge South,Flat,3,9,3,9,546,360,400,850,254,3.01,6.2142,0.4301,374,668
Hobson Ridge South,House,1,9,12,12,479,445,450,515,75,4,6.1606,0.1532,427,525
Hobson Ridge South,House,NA,15,9,18,478,400,450,590,140,4,6.131,0.2934,377,561
Hobson Ridge South,Room,1,15,9,18,253,200,230,240,121,3.27,5.467,0.3419,188,298
Hobson Ridge South,Room,NA,6,6,6,260,250,260,270,12,4,5.5599,0.0444,252,268
Karangahape,Apartment,1,63,48,195,481,390,450,530,181,3.87,6.1338,0.2647,386,551
Karangahape,Apartment,2,75,69,198,645,570,630,700,121,3.78,6.4496,0.2112,548,729
Karangahape,Apartment,3,27,24,45,627,360,700,795,280,3.6,6.3372,0.4813,409,782
Karangahape,Apartment,NA,6,12,15,557,518,600,720,256,4,6.1343,0.8204,265,802
Karangahape,Boarding House,1,6,18,9,441,343,428,526,120,2,6.0616,0.2735,357,516
Karangahape,Boarding House,NA,9,6,6,296,290,290,290,11,3.99,5.6882,0.0373,288,303
Karangahape,Flat,1,9,3,18,429,385,430,450,52,4,6.0549,0.1183,394,462
Karangahape,Flat,2,6,0,21,678,554,665,713,196,4,6.487,0.2648,549,785
Karangahape,House,1,12,9,21,531,428,505,583,122,3.79,6.2526,0.2139,450,600
Karangahape,House,NA,87,42,93,596,450,500,695,205,3.52,6.3417,0.3027,463,696
Kaurilands,Flat,2,6,6,6,475,450,475,500,29,3.05,6.1619,0.0608,455,494
Kaurilands,House,1,6,0,6,535,450,520,605,101,4,6.2689,0.1885,465,599
Kaurilands,House,2,12,6,24,528,509,563,586,86,3.48,6.2551,0.183,460,589
Kaurilands,House,3,24,18,87,629,624,653,725,168,3.76,6.3815,0.4255,443,787
Kaurilands,House,NA,6,3,15,611,565,635,760,218,4,6.3206,0.538,387,799
Kelston North,Flat,2,6,0,12,485,480,483,488,7,3.74,6.1841,0.0145,480,490
Kelston North,House,1,9,3,9,510,425,450,660,246,3.36,6.0647,0.7414,261,710
Kelston North,House,2,12,12,27,533,500,520,571,46,3.53,6.2757,0.0872,501,564
Kelston North,House,3,21,27,123,626,595,630,680,106,3.83,6.4196,0.2269,527,715
Kelston North,House,NA,12,12,18,773,658,795,820,136,4,6.6363,0.1734,678,857
Kelston South,Flat,2,21,9,42,575,498,600,625,74,3.91,6.3463,0.1315,522,623
Kelston South,House,1,9,3,12,616,595,600,673,66,4,6.4175,0.1126,568,661
Kelston South,House,3,33,27,126,634,615,645,673,92,3.86,6.4375,0.1937,548,712
Kelston South,House,4,12,9,33,770,745,778,800,61,4,6.6427,0.0819,726,811
Kelston South,House,NA,18,9,24,578,573,600,653,143,3.95,6.3123,0.3711,429,708
Kingsland,Apartment,1,6,9,18,556,515,568,583,92,4,6.3088,0.1689,490,616
Kingsland,Apartment,2,45,33,117,654,600,655,715,112,3.73,6.4645,0.2058,559,738
Kingsland,Boarding House,NA,30,9,18,343,296,355,376,45,3.02,5.8305,0.1329,311,372
Kingsland,Flat,1,15,3,30,499,435,500,550,81,3.8,6.2005,0.1668,441,552
Kingsland,Flat,2,15,6,36,437,240,500,560,185,3.3,5.9768,0.4942,282,550
Kingsland,House,1,9,6,18,753,570,699,788,314,4,6.5629,0.3635,554,905
Kingsland,House,2,9,18,54,882,705,780,798,489,2.72,6.6955,0.3932,620,1054
Kingsland,House,3,39,36,114,830,749,835,900,115,3.7,6.7118,0.1403,748,904
Kingsland,House,4,21,15,51,849,820,900,1100,338,3.7,6.6017,0.6412,478,1135
Kingsland,House,5,12,6,12,407,250,290,323,305,3.24,5.8477,0.5228,243,493
Kingsland,House,NA,21,6,30,821,708,830,935,277,4,6.611,0.5711,506,1092
Konini,House,1,6,0,9,559,427,582,644,169,4,6.2855,0.3175,433,665
Konini,House,2,6,6,21,573,550,570,593,26,4,6.3492,0.0459,555,590
Konini,House,3,27,24,87,709,650,700,750,74,3.84,6.5581,0.1018,658,755
Konini,House,NA,9,6,18,812,650,895,1000,299,3.83,6.5844,0.6059,481,1089
Morningside (Auckland),Apartment,1,18,15,45,476,435,473,539,120,3.73,6.1084,0.4245,338,599
Morningside (Auckland),Apartment,2,24,9,54,584,521,573,623,87,3.65,6.3607,0.1401,526,636
Morningside (Auckland),Apartment,3,9,6,15,696,650,698,750,52,9.21,6.5424,0.0751,660,730
Morningside (Auckland),Flat,1,15,3,78,452,410,435,460,178,3.79,6.0231,0.5072,293,581
Morningside (Auckland),Flat,2,24,21,114,591,551,575,600,115,3.4,6.3686,0.1607,523,650
Morningside (Auckland),House,1,12,6,24,581,453,565,686,158,3.77,6.3314,0.2722,468,675
Morningside (Auckland),House,2,21,27,57,605,540,600,670,202,3.49,6.3228,0.4938,399,777
Morningside (Auckland),House,3,27,24,81,789,690,750,875,198,3.8,6.6396,0.2601,642,911
Morningside (Auckland),House,4,15,9,39,962,850,900,1150,168,3.74,6.8551,0.1711,845,1065
Morningside (Auckland),House,5+,6,9,15,1183,1048,1190,1325,205,3.49,7.0639,0.1762,1038,1317
Morningside (Auckland),House,NA,18,12,24,807,585,720,920,271,4.02,6.6441,0.3178,620,952
Mount Albert Central,Apartment,2,6,9,21,512,506,550,560,131,3.76,6.1966,0.3397,391,618
Mount Albert Central,Flat,1,6,6,21,471,431,465,495,61,3.48,6.1478,0.126,430,509
Mount Albert Central,Flat,2,42,30,84,530,425,425,548,275,3.36,6.2066,0.3129,402,613
Mount Albert Central,House,1,15,3,15,613,485,580,730,160,3.48,6.3875,0.2505,502,704
Mount Albert Central,House,2,27,30,54,696,595,665,745,173,3.98,6.5208,0.219,586,787
Mount Albert Central,House,3,27,24,51,821,705,800,898,148,3.58,6.6967,0.167,723,906
Mount Albert Central,House,4,9,6,33,1148,950,1075,1180,327,3.61,7.0165,0.2428,946,1313
Mount Albert Central,House,NA,51,15,54,608,480,570,695,168,3.71,6.3785,0.2452,499,695
Mount Albert Central,Room,NA,6,0,0,441,380,398,459,101,3.59,6.0722,0.2095,376,499
Mount Albert North,Apartment,2,15,9,36,591,555,600,610,48,3.54,6.3794,0.0802,559,622
Mount Albert North,Flat,1,9,9,30,458,440,460,475,27,3.16,6.1257,0.0586,440,476
Mount Albert North,Flat,2,27,18,96,563,515,570,595,77,3.67,6.3247,0.1279,512,608
Mount Albert North,House,1,12,6,12,711,545,578,900,246,3.87,6.5165,0.325,543,842
Mount Albert North,House,2,18,24,69,589,553,600,645,135,3.62,6.3491,0.2632,479,683
Mount Albert North,House,3,27,21,99,787,740,810,850,124,3.48,6.6532,0.1838,685,878
Mount Albert North,House,4,12,15,42,786,750,775,850,86,3.8,6.6617,0.1078,727,841
Mount Albert North,House,NA,18,21,18,669,610,650,748,118,3.77,6.4904,0.1847,582,746
Mount Albert West,Apartment,2,6,12,12,557,506,553,595,64,3.82,6.3165,0.1141,513,598
Mount Albert West,Apartment,NA,6,0,9,574,553,563,608,33,4,6.3507,0.0577,551,596
Mount Albert West,Boarding House,1,9,0,9,191,150,150,150,96,2.5,5.1774,0.3717,138,228
Mount Albert West,Boarding House,NA,24,12,18,204,145,183,253,64,2.76,5.2728,0.3039,159,239
Mount Albert West,Flat,1,18,15,27,460,450,450,504,52,3.95,6.1248,0.1187,422,495
Mount Albert West,Flat,2,18,9,54,560,548,550,590,41,3.86,6.3255,0.0725,532,587
Mount Albert West,House,1,12,9,15,538,494,513,563,90,3.77,6.2756,0.1609,477,592
Mount Albert West,House,2,12,18,36,580,550,570,595,80,3.5,6.3549,0.1349,525,630
Mount Albert West,House,3,18,24,63,777,708,750,836,114,3.85,6.6452,0.147,696,849
Mount Albert West,House,4,12,6,27,829,805,830,858,96,3.99,6.7138,0.1217,759,894
Mount Albert West,House,NA,12,9,24,676,596,673,750,188,3.59,6.4753,0.3122,526,801
Narrow Neck,Flat,1,6,3,18,583,440,480,675,220,3.61,6.3148,0.3389,440,695
Narrow Neck,Flat,2,6,3,33,644,566,570,593,175,3.41,6.4435,0.2287,539,733
Narrow Neck,House,1,6,6,9,780,465,685,1000,404,5.67,6.5586,0.5164,498,999
Narrow Neck,House,2,15,18,48,684,600,625,765,115,3.76,6.5151,0.1604,606,752
Narrow Neck,House,3,33,30,93,824,750,800,895,127,3.69,6.7029,0.1509,736,902
Narrow Neck,House,4,9,9,30,1099,970,1100,1100,291,3.92,6.9767,0.2254,920,1247
Narrow Neck,House,NA,9,3,18,1066,655,1200,1375,449,4,6.8874,0.4367,730,1315
New Lynn Central,Apartment,1,6,6,24,470,453,470,480,31,4,6.1509,0.0653,449,490
New Lynn Central,Apartment,2,9,9,39,548,535,560,580,77,4,6.2952,0.1603,486,604
New Lynn Central,Flat,2,6,0,9,540,460,500,600,144,3.93,6.2686,0.2597,443,629
New Lynn Central,House,NA,15,9,21,547,485,530,590,86,4,6.2944,0.1485,490,599
New Lynn North,Flat,2,15,3,63,540,490,520,550,121,3.74,6.2745,0.1842,469,601
New Lynn North,House,1,15,0,24,529,400,500,620,128,3.64,6.2424,0.2424,437,605
New Lynn North,House,2,30,33,93,526,476,560,600,112,3.93,6.2282,0.3219,408,630
New Lynn North,House,3,42,36,150,636,600,650,675,62,3.91,6.4504,0.0998,592,677
New Lynn North,House,4,9,9,36,742,630,750,799,114,4,6.5985,0.1508,663,813
New Lynn North,House,NA,33,18,42,517,400,430,635,170,3.42,6.2024,0.2936,405,602
New Lynn North West,Boarding House,NA,12,6,12,340,340,340,340,,4,5.8289,0,340,340
New Lynn North West,Flat,1,6,3,15,370,323,365,413,68,4,5.9009,0.1833,323,413
New Lynn North West,Flat,2,6,6,30,495,514,525,543,179,3.87,6.0804,0.6578,281,681
New Lynn North West,House,1,18,6,24,519,438,535,650,185,4.15,6.1513,0.5367,327,674
New Lynn North West,House,2,24,33,72,567,523,563,599,70,3.9,6.3322,0.126,517,612
New Lynn North West,House,3,36,39,144,601,590,650,680,164,3.93,6.3299,0.4534,413,762
New Lynn North West,House,4,6,15,48,705,686,708,743,66,4,6.5542,0.0966,658,749
New Lynn North West,House,NA,27,12,36,564,540,580,610,193,3.94,6.2365,0.5448,354,738
New Lynn Seabrook,Flat,1,6,3,27,459,399,443,500,84,4,6.1148,0.1746,402,509
New Lynn Seabrook,Flat,2,6,3,54,533,520,550,564,82,3.84,6.2663,0.1768,467,593
New Lynn Seabrook,House,1,12,0,18,539,453,555,643,118,3.84,6.2637,0.2417,446,618
New Lynn Seabrook,House,2,9,18,60,542,475,560,575,100,3.73,6.2798,0.1824,472,604
New Lynn Seabrook,House,3,36,39,129,649,612,655,690,68,3.97,6.4691,0.1168,596,698
New Lynn Seabrook,House,NA,12,9,30,629,608,683,713,179,4,6.3779,0.4406,437,792
Oratia,House,2,6,0,12,558,545,550,563,30,3.02,6.3224,0.0527,537,577
Ponsonby East,Apartment,1,21,18,51,580,555,580,598,50,3.48,6.3591,0.0847,546,612
Ponsonby East,Apartment,2,12,9,30,740,650,700,900,171,3.72,6.5788,0.2592,604,857
Ponsonby East,Flat,1,9,3,27,541,520,550,560,65,4,6.2867,0.1265,493,585
Ponsonby East,Flat,2,9,3,21,681,650,750,795,239,3.9,6.3841,0.7168,365,961
Ponsonby East,House,1,18,9,24,849,575,780,1009,374,3.8,6.6579,0.4241,585,1037
Ponsonby East,House,2,6,15,36,963,750,805,963,422,3.1,6.8096,0.3404,721,1140
Ponsonby East,House,3,45,39,129,1093,908,1075,1200,240,3.93,6.9737,0.2165,923,1236
Ponsonby East,House,4,15,12,48,1241,1000,1095,1250,518,3.49,7.0406,0.4432,847,1540
Ponsonby East,House,NA,12,6,15,1055,705,925,1336,511,3.9,6.8654,0.4547,705,1303
Ponsonby West,Flat,2,6,3,18,956,669,775,1063,508,4,6.7723,0.4719,635,1201
Ponsonby West,House,1,6,3,9,765,550,570,598,508,3.6,6.5178,0.4833,489,938
Ponsonby West,House,3,18,21,48,1113,900,993,1244,297,4,6.9849,0.2436,917,1273
Ponsonby West,House,4,12,12,33,1310,1100,1200,1485,283,3.67,7.1585,0.1972,1125,1468
Quay Street-Customs Street,Apartment,1,168,120,369,530,450,515,605,138,3.89,6.2339,0.2978,417,623
Quay Street-Customs Street,Apartment,2,108,93,267,699,650,685,750,128,3.88,6.5317,0.2035,599,788
Quay Street-Customs Street,Apartment,3,24,9,51,868,220,900,1150,478,3.54,6.5364,0.7813,407,1168
Quay Street-Customs Street,Apartment,NA,6,15,12,351,340,385,390,83,4,5.8316,0.2743,283,410
Quay Street-Customs Street,Flat,1,9,0,12,683,643,665,755,94,3.96,6.5191,0.1385,618,744
Quay Street-Customs Street,House,1,27,3,30,743,550,650,920,250,4.16,6.5642,0.301,579,869
Quay Street-Customs Street,House,NA,18,18,18,744,480,605,700,643,3.99,6.4063,0.6134,400,916
Quay Street-Customs Street,Room,1,48,63,159,251,200,220,220,106,3.89,5.4708,0.2937,195,290
Queen Street,Apartment,1,177,165,354,479,388,440,530,189,3.82,6.1229,0.288,376,554
Queen Street,Apartment,2,87,72,135,686,545,600,750,287,3.57,6.4762,0.304,529,797
Queen Street,Apartment,3,6,0,15,1290,745,1055,1600,865,3.84,7.0003,0.6522,707,1703
Queen Street,House,1,36,21,36,484,403,470,508,130,3.97,6.1547,0.2249,405,548
Queen Street,House,NA,48,21,48,592,458,560,665,190,4,6.3388,0.2965,464,691
Queen Street South West,Apartment,1,171,135,282,476,430,450,495,177,3.63,6.1262,0.2639,383,547
Queen Street South West,Apartment,2,87,75,189,613,550,585,660,149,3.78,6.3817,0.3088,480,728
Queen Street South West,Apartment,3,69,39,66,379,280,310,350,184,2.6,5.8464,0.41,262,456
Queen Street South West,Apartment,4,33,21,24,315,260,275,330,135,2.4,5.6981,0.303,243,366
Queen Street South West,Apartment,NA,21,27,27,615,285,420,500,878,2.26,6.1191,0.604,302,683
Queen Street South West,Flat,1,36,9,36,328,250,380,415,111,3.68,5.7212,0.4131,231,403
Queen Street South West,House,1,30,24,33,486,440,463,498,152,3.95,6.1459,0.289,384,567
Queen Street South West,House,2,9,9,9,452,310,340,620,165,3.34,6.0531,0.3663,332,545
Queen Street South West,House,4,9,3,6,277,260,260,275,34,2.85,5.6187,0.1131,255,297
Queen Street South West,House,NA,84,42,84,542,450,480,550,195,4.06,6.2514,0.2769,430,625
Queen Street South West,Room,1,24,57,30,431,308,465,490,117,3.41,6.0282,0.2862,342,503
Queen Street South West,Room,NA,39,27,15,289,275,275,291,22,1.03,5.6638,0.0733,274,303
Saint Marys Bay,Apartment,1,21,18,57,501,480,500,525,60,3.36,6.2092,0.1226,458,540
Saint Marys Bay,Apartment,2,9,15,33,749,650,650,790,178,3.83,6.5967,0.2132,635,846
Saint Marys Bay,Flat,1,15,18,48,538,450,500,615,104,3.83,6.2711,0.1857,467,600
Saint Marys Bay,Flat,2,9,9,33,679,640,670,750,63,4,6.5162,0.0928,635,720
Saint Marys Bay,House,1,15,6,18,496,375,435,630,154,3.99,6.1624,0.3137,384,586
Saint Marys Bay,House,2,12,9,24,993,713,810,1193,440,3.86,6.8278,0.3825,713,1195
Saint Marys Bay,House,3,18,15,57,1261,1084,1263,1413,366,3.7,7.0968,0.3147,977,1494
Saint Marys Bay,House,4,12,9,21,1569,1223,1525,1875,494,3.96,7.3075,0.3442,1182,1881
Saint Marys Bay,House,NA,12,6,12,1154,590,1150,1750,657,3.71,6.8768,0.6637,620,1517
Shortland Street,Apartment,1,297,228,645,498,410,450,550,151,3.88,6.168,0.298,390,583
Shortland Street,Apartment,2,69,69,114,778,580,670,960,269,3.97,6.6028,0.3229,593,917
Shortland Street,Apartment,3,18,15,21,1077,365,1025,1493,690,3.87,6.7467,0.7417,516,1404
Shortland Street,Apartment,NA,21,24,18,793,535,650,1100,299,3.89,6.6078,0.3793,574,957
Shortland Street,Flat,1,6,0,9,468,393,460,543,88,4,6.1345,0.1877,407,524
Shortland Street,House,1,24,30,33,705,428,553,818,438,4,6.423,0.4936,441,859
Shortland Street,House,2,6,15,6,955,898,940,998,75,4,6.8594,0.0777,904,1004
Shortland Street,House,NA,42,33,45,1037,685,800,1263,541,4.08,6.8249,0.4861,663,1278
Shortland Street,Room,1,6,6,6,453,365,380,468,187,3.82,6.0604,0.3642,335,548
Stanley Point,Apartment,2,6,9,27,817,790,820,843,76,3.95,6.7013,0.0946,763,867
Stanley Point,House,3,6,3,27,1024,971,1048,1100,96,4,6.9278,0.0961,956,1089
Stanley Point,House,4,9,9,9,1309,1023,1090,1200,648,3.76,7.1037,0.3783,943,1570
Stanley Point,House,NA,6,0,6,1157,975,1050,1350,658,3.76,6.7824,1.0065,447,1739
Victoria Park,Apartment,1,216,186,354,461,380,440,510,141,3.88,6.0968,0.269,371,533
Victoria Park,Apartment,2,144,165,228,586,520,580,630,160,3.85,6.3327,0.2986,460,688
Victoria Park,Apartment,3,21,12,39,578,235,550,810,362,3.73,6.145,0.6978,291,747
Victoria Park,Apartment,4,12,0,9,344,275,275,275,150,1.88,5.7777,0.3447,256,408
Victoria Park,Apartment,NA,57,36,60,580,480,560,660,128,4,6.3394,0.214,490,654
Victoria Park,Flat,2,21,12,21,328,250,270,350,129,3.92,5.731,0.3434,245,389
Victoria Park,House,1,39,30,48,526,445,520,575,113,3.94,6.2441,0.2091,447,593
Victoria Park,House,2,15,60,24,727,570,710,895,152,3.8,6.5683,0.2077,619,819
Victoria Park,House,NA,198,51,189,618,530,580,660,161,3.99,6.4008,0.2175,520,698
Victoria Park,Room,1,9,18,9,250,210,240,260,53,4.04,5.503,0.1964,215,280
Victoria Park,Room,NA,9,3,6,272,180,200,220,229,2.93,5.4419,0.5111,164,326
Waima-Woodlands Park,House,3,18,18,48,698,673,720,750,133,3.75,6.5276,0.2157,591,791
Waterview,Apartment,2,15,6,21,596,580,595,600,35,3.93,6.3889,0.0577,572,619
Waterview,Apartment,NA,12,0,9,581,533,550,628,71,4,6.3584,0.1172,533,625
Waterview,Flat,1,6,0,15,538,458,555,635,124,4,6.2657,0.2417,447,619
Waterview,Flat,2,6,6,33,553,493,535,600,76,3.76,6.3077,0.1328,502,600
Waterview,House,1,6,3,6,573,518,565,620,87,3.77,6.3414,0.1511,513,628
Waterview,House,2,21,21,60,656,573,640,688,134,3.86,6.4683,0.1875,568,731
Waterview,House,3,33,33,114,723,650,710,778,91,3.82,6.5753,0.1249,659,780
Waterview,House,4,15,9,42,870,820,850,900,78,3.89,6.7644,0.088,817,919
Waterview,House,NA,42,9,45,649,574,628,708,114,3.67,6.4609,0.1693,571,717
Waterview,Room,NA,9,3,6,353,315,370,395,66,2.26,5.8497,0.1999,303,397
Westmere South-Western Springs,Apartment,1,9,6,15,606,550,570,680,78,3.28,6.3993,0.1286,551,656
Westmere South-Western Springs,House,1,6,6,3,790,693,825,923,168,3.86,6.6539,0.2238,667,902
Westmere South-Western Springs,House,2,6,9,27,884,626,763,1000,397,3.74,6.7138,0.3811,637,1065
Westmere South-Western Springs,House,3,33,30,99,952,850,913,1063,191,3.67,6.8385,0.2092,810,1074
Westmere South-Western Springs,House,4,12,12,42,1240,1024,1160,1359,305,3.72,7.0973,0.2339,1032,1415
Westmere South-Western Springs,House,NA,9,3,12,1285,835,1300,1413,710,2.95,7.0232,0.587,755,1668
Wynyard-Viaduct,Apartment,1,75,69,156,678,520,595,750,333,3.71,6.3287,1.2985,233,1346
Wynyard-Viaduct,Apartment,2,39,42,87,1058,818,885,1109,466,3.64,6.897,0.3433,785,1247
Wynyard-Viaduct,Apartment,3,9,9,18,1334,1100,1400,1500,328,4,7.1673,0.2611,1087,1546
Wynyard-Viaduct,House,1,9,9,9,763,615,650,825,272,4,6.5923,0.2998,596,893
Wynyard-Viaduct,House,NA,93,30,81,913,576,800,1088,470,3.97,6.7152,0.4379,614,1108
Avondale South (Auckland),Flat,1,12,3,18,324,180,390,430,130,4,5.6851,0.5019,210,413
Avondale South (Auckland),Flat,2,12,12,30,540,500,525,550,62,3.61,6.2862,0.1066,500,577
Avondale South (Auckland),House,1,15,9,24,574,435,535,685,235,3.97,6.2643,0.4584,386,716
Avondale South (Auckland),House,2,24,21,60,602,523,593,668,121,3.89,6.3803,0.2058,514,678
Avondale South (Auckland),House,3,51,51,156,649,600,650,690,69,3.77,6.4699,0.1053,601,693
Avondale South (Auckland),House,4,24,27,63,758,743,805,850,178,3.94,6.5833,0.3655,565,925
Avondale South (Auckland),House,NA,45,18,66,701,600,660,785,197,3.84,6.4978,0.3755,515,855
Avondale South (Auckland),Room,NA,15,0,15,361,300,370,450,94,2.29,5.8489,0.3078,282,427
Balmoral,Apartment,1,6,6,15,518,490,490,498,65,3.37,6.2449,0.114,477,557
Balmoral,Apartment,2,15,9,24,678,540,750,810,151,3.92,6.4955,0.2296,567,773
Balmoral,Flat,1,24,12,81,492,450,490,555,71,3.96,6.1873,0.1508,439,539
Balmoral,Flat,2,18,15,48,541,474,545,605,194,4.07,5.9412,1.5961,130,1116
Balmoral,House,1,15,0,15,517,400,520,640,215,3.75,6.1267,0.5927,307,683
Balmoral,House,2,15,15,39,711,595,600,730,241,3.67,6.5269,0.2752,568,823
Balmoral,House,3,18,24,63,830,730,828,888,173,3.88,6.7014,0.2058,708,935
Balmoral,House,4,21,21,48,1041,910,970,1100,206,3.79,6.9309,0.1865,902,1161
Balmoral,House,NA,18,12,24,785,535,900,990,324,3.95,6.551,0.5415,486,1009
Blockhouse Bay East,Flat,2,6,3,9,611,586,618,643,42,4,6.4137,0.069,582,639
Blockhouse Bay East,House,1,24,3,27,293,90,102,670,297,3.98,5.2081,0.9424,97,345
Blockhouse Bay East,House,2,9,6,21,607,560,590,668,74,4,6.4023,0.1225,555,655
Blockhouse Bay East,House,3,18,18,69,735,715,738,750,56,3.79,6.5974,0.0753,697,771
Blockhouse Bay East,House,4,15,21,39,845,795,820,850,86,4.03,6.7345,0.0961,788,897
Blockhouse Bay East,House,NA,30,6,36,821,754,850,880,163,4,6.6884,0.2238,691,934
Blockhouse Bay North,House,2,12,3,36,608,590,599,628,30,4,6.4088,0.0483,588,627
Blockhouse Bay North,House,3,33,36,156,677,650,685,750,110,3.79,6.5003,0.2113,577,767
Blockhouse Bay North,House,4,9,6,48,1184,722,790,873,1095,2.68,6.8656,0.6009,639,1438
Blockhouse Bay North,House,NA,18,9,33,704,650,660,740,121,4.03,6.543,0.1672,620,777
Blockhouse Bay North East,Flat,2,6,3,12,543,530,553,590,94,3.74,6.2821,0.1902,471,608
Blockhouse Bay North East,House,1,15,0,21,696,635,700,710,78,4,6.5395,0.1054,644,743
Blockhouse Bay North East,House,2,9,6,18,754,660,760,850,110,4,6.6155,0.1486,675,825
Blockhouse Bay North East,House,3,30,24,117,682,630,683,729,99,3.79,6.5143,0.1549,608,749
Blockhouse Bay North East,House,4,6,6,30,797,790,795,850,68,4.07,6.6778,0.0877,749,843
Blockhouse Bay North East,House,NA,15,6,18,734,650,695,810,130,3.98,6.5844,0.177,642,815
Blockhouse Bay South,Flat,2,6,9,12,578,518,585,653,92,4,6.3492,0.1636,512,639
Blockhouse Bay South,House,1,6,0,15,546,410,488,750,185,3.77,6.2494,0.3503,409,656
Blockhouse Bay South,House,2,21,18,51,591,570,600,630,60,3.63,6.3767,0.1069,547,632
Blockhouse Bay South,House,3,39,39,153,708,650,700,761,85,3.95,6.5554,0.1213,648,763
Blockhouse Bay South,House,4,21,15,66,784,700,800,878,97,3.95,6.6566,0.1288,713,849
Blockhouse Bay South,House,NA,30,12,63,824,721,788,858,167,3.94,6.696,0.1897,712,920
Eden Park,Apartment,2,12,12,27,660,594,685,708,87,3.09,6.4848,0.1334,599,717
Eden Park,Flat,1,6,3,21,623,619,635,639,36,2.98,6.4325,0.0589,598,647
Eden Park,House,1,9,6,12,602,513,585,698,101,3.83,6.3883,0.1687,531,667
Eden Park,House,2,9,9,21,595,548,590,643,66,3.14,6.3833,0.1111,549,638
Eden Park,House,3,21,9,51,888,688,855,969,394,3.85,6.6837,0.503,569,1122
Eden Terrace,Apartment,1,180,138,417,492,420,495,580,112,3.8,6.1699,0.2413,406,563
Eden Terrace,Apartment,2,201,174,444,663,590,630,728,113,3.85,6.4833,0.1688,584,733
Eden Terrace,Apartment,3,18,21,51,807,660,860,899,125,4,6.6815,0.1593,716,888
Eden Terrace,Apartment,NA,30,15,54,653,588,675,730,130,3.83,6.4603,0.2196,551,741
Eden Terrace,Boarding House,1,9,12,15,321,340,350,350,67,2.22,5.7464,0.2701,261,376
Eden Terrace,Boarding House,NA,33,21,15,346,320,340,370,25,2.74,5.8449,0.0718,329,363
Eden Terrace,Flat,1,18,9,30,456,388,460,525,84,3.71,6.1052,0.1894,394,509
Eden Terrace,Flat,2,9,0,33,634,575,635,688,96,4.03,6.4412,0.1578,564,698
Eden Terrace,Flat,3,12,3,15,258,250,250,263,18,3.99,5.5488,0.0684,245,269
Eden Terrace,Flat,5,6,0,6,230,230,230,230,,2.64,5.4381,0,230,230
Eden Terrace,House,1,30,27,54,570,476,523,680,151,4.06,6.312,0.2661,461,660
Eden Terrace,House,2,33,39,102,695,628,695,728,136,3.79,6.5264,0.1944,599,779
Eden Terrace,House,3,6,12,18,1011,673,800,853,728,2.85,6.7856,0.4795,640,1223
Eden Terrace,House,5,12,3,12,299,265,315,350,65,2.69,5.6758,0.2441,247,344
Eden Terrace,House,NA,108,60,126,634,530,590,720,190,3.95,6.4106,0.2847,502,737
Eden Terrace,Room,2,6,3,3,595,558,600,638,62,4,6.3844,0.1064,551,637
Eden Valley,Apartment,1,27,18,72,473,410,490,515,68,3.64,6.1483,0.1441,425,516
Eden Valley,Apartment,2,15,12,24,542,498,550,635,140,3.56,6.2301,0.4597,372,692
Eden Valley,Flat,1,18,24,96,472,444,470,483,69,3.75,6.1472,0.1363,426,512
Eden Valley,Flat,2,9,9,27,534,495,550,640,191,4,6.195,0.5072,348,690
Eden Valley,House,1,18,9,21,498,350,520,543,169,3.49,6.1586,0.3294,379,590
Eden Valley,House,2,18,6,36,650,494,625,763,189,3.85,6.4436,0.2599,528,749
Eden Valley,House,3,9,15,42,918,776,820,995,197,3.6,6.8026,0.2017,786,1031
Eden Valley,House,4,9,12,36,1080,970,1050,1210,174,3.89,6.9733,0.1616,957,1191
Eden Valley,House,5+,6,6,15,1177,994,1089,1273,265,3.58,7.0531,0.2124,1002,1335
Eden Valley,House,NA,15,6,15,729,365,560,628,781,3.91,6.2717,0.772,315,891
Eden Valley,Room,NA,6,3,3,234,213,233,254,28,4,5.4487,0.1216,214,252
Epsom North,Apartment,1,6,3,21,478,450,475,515,56,4,6.1626,0.1201,438,515
Epsom North,Apartment,2,18,18,60,641,600,655,691,66,3.84,6.4574,0.107,593,685
Epsom North,Apartment,3,6,3,15,827,791,795,821,148,3.4,6.705,0.1695,728,915
Epsom North,Boarding House,1,75,63,39,298,285,295,295,34,2.44,5.6901,0.1041,276,317
Epsom North,Flat,2,24,9,75,677,599,645,690,150,3.86,6.4978,0.1942,582,757
Epsom North,Flat,3,12,6,18,594,608,650,680,160,3.05,6.3419,0.3417,451,715
Epsom North,House,2,12,9,33,707,608,650,756,173,3.83,6.5391,0.2106,600,797
Epsom North,House,3,9,15,48,1125,795,850,1014,764,3.18,6.909,0.4367,746,1344
Epsom North,House,4,12,6,51,1335,1080,1200,1400,505,4,7.1411,0.3371,1006,1585
Epsom North,House,5,15,3,9,911,320,360,1300,960,3.87,6.4003,0.8994,328,1104
Epsom North,House,5+,6,6,18,1506,1300,1450,1656,255,3,7.3068,0.1668,1332,1668
Epsom North,House,NA,9,21,24,866,690,890,900,219,4,6.7379,0.2332,721,988
Glenavon,House,2,12,9,30,613,596,636,650,61,4,6.4138,0.1046,569,655
Glenavon,House,3,27,27,81,698,630,660,750,106,3.87,6.5381,0.1456,626,762
Glenavon,House,4,9,12,30,798,770,815,838,65,4,6.6786,0.0838,752,841
Glenavon,House,NA,9,0,15,646,650,720,730,176,4,6.4113,0.4282,456,813
Grafton,Apartment,1,30,30,78,467,420,435,500,84,3.84,6.1317,0.175,409,518
Grafton,Apartment,2,9,15,27,674,650,650,693,32,3.85,6.5116,0.0471,652,695
Grafton,Flat,1,15,12,48,476,415,480,540,82,3.87,6.1512,0.1701,418,526
Grafton,Flat,2,6,0,21,769,644,723,848,205,3.49,6.6197,0.2551,631,890
Grafton,House,1,21,57,36,463,280,295,625,226,3.53,6.03,0.4678,303,570
Grafton,House,3,24,12,54,896,431,810,984,779,3.21,6.5613,0.6804,447,1119
Grafton,House,4,6,0,18,887,909,988,1044,297,3.57,6.7082,0.4975,586,1146
Grafton,House,5+,12,3,15,1810,1838,2010,2024,417,1.59,7.4702,0.2763,1457,2114
Grafton,House,NA,225,99,144,313,295,300,305,89,3.02,5.7266,0.1688,274,344
Green Bay North,House,3,15,12,57,687,653,690,720,50,4,6.5303,0.074,652,721
Green Bay North,House,NA,9,0,15,695,623,680,795,158,4,6.5209,0.235,580,796
Green Bay South,Flat,1,6,6,12,426,408,415,434,34,4,6.0528,0.0763,404,448
Green Bay South,House,1,6,0,6,534,473,538,599,81,3.79,6.2713,0.1525,477,586
Green Bay South,House,3,12,18,69,712,684,710,738,79,4,6.562,0.1104,657,762
Green Bay South,House,NA,12,0,21,685,618,680,723,75,4,6.5246,0.1093,633,734
Laingholm,House,3,12,6,33,673,618,680,738,73,3.84,6.5055,0.1115,620,721
Lynfield North,House,1,9,3,9,671,600,680,715,124,4,6.4951,0.1822,585,748
Lynfield North,House,2,12,9,36,547,503,550,581,82,3.6,6.2941,0.1523,489,600
Lynfield North,House,3,54,45,141,724,640,700,743,267,3.64,6.5553,0.2054,612,807
Lynfield North,House,4,15,12,48,763,750,800,850,213,4.01,6.4767,0.8816,359,1178
Lynfield North,House,NA,27,12,33,724,700,750,790,242,4,6.4857,0.5382,456,943
Maungawhau,Apartment,2,9,6,15,580,520,530,600,116,4,6.3481,0.1811,506,646
Maungawhau,Flat,1,12,9,42,457,400,458,506,70,3.44,6.1141,0.1541,408,502
Maungawhau,Flat,2,9,12,51,598,575,590,615,36,3.64,6.3923,0.0596,574,622
Maungawhau,House,1,9,6,15,632,470,545,725,225,3.81,6.4009,0.3133,488,744
Maungawhau,House,2,6,6,27,636,605,640,679,57,3.82,6.4516,0.0907,596,674
Maungawhau,House,3,21,15,48,868,710,850,905,282,3.76,6.7329,0.2427,713,989
Maungawhau,House,4,9,9,33,1237,1050,1200,1395,264,4,7.1013,0.2109,1053,1399
Maungawhau,House,5+,6,3,12,1334,1289,1330,1375,117,4,7.1929,0.0875,1254,1411
Maungawhau,House,NA,9,9,9,614,485,580,635,235,4,6.368,0.3367,464,732
Mount Albert South,House,1,9,3,9,793,575,845,888,284,3.37,6.6213,0.3558,591,955
Mount Albert South,House,3,9,9,27,782,763,800,835,93,4,6.6553,0.1282,713,847
Mount Albert South,House,NA,9,6,21,1000,750,1000,1150,342,4.22,6.8544,0.3509,748,1201
Mount Eden East,Apartment,1,21,12,36,543,455,480,505,278,3.26,6.2377,0.297,419,625
Mount Eden East,Apartment,2,21,12,51,572,543,575,608,70,3.9,6.3406,0.1288,520,619
Mount Eden East,Flat,1,15,12,54,488,460,490,500,44,3.6,6.186,0.0892,458,516
Mount Eden East,Flat,2,24,24,93,581,540,600,630,139,3.9,6.3171,0.3813,428,716
Mount Eden East,Flat,3,6,0,12,720,650,720,790,81,3.45,6.5745,0.1126,664,773
Mount Eden East,House,1,9,3,12,551,460,500,625,129,3.95,6.2888,0.2186,465,624
Mount Eden East,House,2,12,18,36,703,590,638,755,205,3.8,6.5225,0.2599,571,811
Mount Eden East,House,3,12,12,33,682,383,803,888,342,3.88,6.3448,0.7067,354,917
Mount Eden East,House,4,15,6,39,1134,975,1100,1225,300,4,7.002,0.2612,921,1311
Mount Eden East,House,NA,21,12,21,1203,770,1000,1400,625,4,6.9826,0.4666,787,1476
Mount Eden North,Apartment,1,54,27,132,481,430,480,530,89,3.73,6.1564,0.2039,411,541
Mount Eden North,Apartment,2,36,27,99,671,568,623,701,177,3.06,6.4856,0.1974,574,749
Mount Eden North,Flat,1,51,30,171,463,425,465,496,85,3.78,6.1142,0.2541,381,537
Mount Eden North,Flat,2,30,18,117,566,524,558,593,85,3.64,6.3251,0.1712,498,627
Mount Eden North,House,1,18,12,27,583,480,513,574,206,3.84,6.3253,0.2851,461,677
Mount Eden North,House,2,9,12,36,681,535,650,760,225,3.68,6.4815,0.3,533,799
Mount Eden North,House,3,12,18,33,919,800,898,956,173,4,6.8085,0.1773,803,1021
Mount Eden North,House,4,15,9,27,1117,1050,1160,1200,158,3.61,7.0079,0.1512,998,1224
Mount Eden North,House,NA,21,21,24,676,505,600,830,225,4,6.4666,0.3225,518,800
Mount Eden North East,Apartment,1,21,24,36,555,460,550,660,105,3.8,6.301,0.1933,478,621
Mount Eden North East,Apartment,2,42,39,63,778,695,750,804,111,3.89,6.6482,0.1333,705,844
Mount Eden North East,Apartment,3,9,0,21,998,700,1190,1218,282,3.78,6.8663,0.3057,781,1179
Mount Eden North East,House,1,6,9,12,621,570,648,720,125,3.48,6.4114,0.223,524,708
Mount Eden North East,House,2,15,21,42,727,675,705,750,131,3.84,6.5733,0.1884,630,813
Mount Eden North East,House,3,15,18,54,754,730,760,800,68,3.85,6.6215,0.0976,703,802
Mount Eden North East,House,NA,42,18,45,703,620,725,789,92,3.96,6.5469,0.1358,636,764
Mount Eden South,Apartment,1,6,6,15,467,428,473,495,43,3.81,6.1421,0.0918,437,495
Mount Eden South,Apartment,2,6,6,12,540,516,545,569,41,4,6.2894,0.0761,512,567
Mount Eden South,Flat,1,6,15,30,471,445,460,503,43,3.6,6.1505,0.0898,441,498
Mount Eden South,Flat,2,27,18,72,583,540,600,650,89,3.74,6.3543,0.1758,511,647
Mount Eden South,House,1,6,3,12,660,230,460,1043,511,3.54,6.2112,0.8227,286,868
Mount Eden South,House,2,21,15,51,731,630,690,750,177,3.73,6.5692,0.2236,613,829
Mount Eden South,House,3,24,33,69,804,731,780,888,97,3.96,6.6828,0.1186,737,865
Mount Eden South,House,4,30,24,72,972,850,965,1100,174,3.41,6.8647,0.1762,851,1079
Mount Eden South,House,5,6,0,9,1124,1109,1198,1213,184,4,7.013,0.1797,984,1254
Mount Eden South,House,5+,6,9,18,1200,1200,1215,1260,106,3.33,7.0866,0.0932,1123,1273
Mount Eden South,House,NA,15,12,21,1028,855,950,1273,279,3.91,6.8996,0.2796,821,1198
Mount Eden West,Apartment,1,21,15,39,489,458,515,550,103,4.06,6.1432,0.4025,355,611
Mount Eden West,Flat,1,18,18,87,364,383,415,473,156,3.98,5.7341,0.6879,194,492
Mount Eden West,Flat,2,15,15,51,558,500,545,650,89,3.63,6.3137,0.1576,496,614
Mount Eden West,House,1,21,9,24,515,450,495,588,92,3.77,6.2292,0.1778,450,572
Mount Eden West,House,2,12,6,33,664,558,650,705,165,3.75,6.4695,0.2557,543,767
Mount Eden West,House,3,12,18,57,818,784,806,898,219,3.81,6.662,0.3394,622,983
Mount Eden West,House,4,9,15,36,1037,940,980,1075,219,3.86,6.9264,0.19,896,1158
Mount Eden West,House,NA,18,6,24,939,605,750,961,573,3.26,6.7224,0.4741,603,1144
Mount Roskill North,Apartment,1,12,6,21,500,483,525,534,59,3.82,6.2065,0.1297,454,541
Mount Roskill North,Apartment,2,6,3,12,622,585,615,660,56,4,6.429,0.0904,583,659
Mount Roskill North,Flat,1,6,6,30,466,445,463,490,47,3.9,6.1403,0.101,434,497
Mount Roskill North,Flat,2,6,3,48,575,548,570,600,41,4,6.3522,0.0705,547,602
Mount Roskill North,House,1,9,6,18,601,485,520,693,204,3.98,6.3481,0.3359,456,717
Mount Roskill North,House,2,12,18,48,677,589,600,695,168,3.92,6.4941,0.2134,573,764
Mount Roskill North,House,3,36,39,129,728,690,730,760,75,3.77,6.5855,0.1045,675,777
Mount Roskill North,House,4,18,6,60,846,808,855,935,171,3.76,6.7025,0.3375,649,1023
Mount Roskill North,House,NA,15,12,15,673,570,658,701,163,3.93,6.4866,0.226,563,764
Mount Roskill White Swan,Flat,2,9,6,15,546,525,555,570,32,3.7,6.3006,0.0586,524,567
Mount Roskill White Swan,House,1,9,0,18,651,535,650,730,138,3.99,6.4595,0.206,556,734
Mount Roskill White Swan,House,2,24,9,45,687,565,620,676,372,3.22,6.4682,0.3013,526,790
Mount Roskill White Swan,House,3,63,42,180,693,655,700,750,90,3.73,6.5293,0.1685,611,767
Mount Roskill White Swan,House,4,21,18,54,796,700,820,850,91,3.95,6.6732,0.1156,732,855
Mount Roskill White Swan,House,NA,18,18,36,734,590,690,740,184,3.97,6.5719,0.2329,611,836
New Lynn Central South,Apartment,1,21,24,78,398,370,415,420,41,4,5.9822,0.1039,369,425
New Lynn Central South,Apartment,2,21,9,39,530,500,525,550,32,3.9,6.2717,0.0582,509,551
New Lynn Central South,Flat,2,6,3,24,430,330,508,608,255,4,5.8004,0.9974,169,648
New Lynn Central South,House,1,12,3,15,426,205,515,618,237,4,5.8218,0.8183,194,586
New Lynn Central South,House,2,15,21,78,588,550,595,616,34,3.94,6.3753,0.0587,564,611
New Lynn Central South,House,3,33,27,141,639,615,640,693,80,3.66,6.4492,0.1583,568,703
New Lynn Central South,House,4,9,9,27,662,648,680,740,140,3.92,6.4716,0.2506,546,766
New Lynn Central South,House,NA,45,12,63,631,570,600,665,108,4,6.4339,0.1578,560,693
New Lynn South,Apartment,2,15,6,27,526,470,530,550,52,4,6.2617,0.0981,491,560
New Lynn South,Flat,2,27,21,84,466,500,540,565,175,3.63,6.0015,0.6541,260,628
New Lynn South,House,1,15,6,24,564,405,540,650,230,4.23,6.2264,0.5497,349,733
New Lynn South,House,2,33,33,81,526,520,550,595,146,3.89,6.183,0.511,343,684
New Lynn South,House,3,54,48,210,664,624,673,703,97,3.75,6.4831,0.2,571,748
New Lynn South,House,4,24,21,66,761,715,750,796,92,3.76,6.6285,0.1171,699,819
New Lynn South,House,NA,24,18,54,722,610,690,820,151,3.94,6.5608,0.2073,615,813
New Windsor North,Flat,2,6,3,12,475,480,555,577,189,4,6.0247,0.692,259,659
New Windsor North,House,1,6,0,12,534,405,420,641,197,4,6.2302,0.3372,405,638
New Windsor North,House,2,6,3,21,533,485,558,585,129,3.67,6.2494,0.2607,434,617
New Windsor North,House,3,30,33,132,673,638,665,700,65,3.92,6.5065,0.1001,626,716
New Windsor North,House,4,18,12,45,847,800,850,860,82,3.93,6.7374,0.0943,791,899
New Windsor North,House,5+,6,6,21,962,913,950,980,78,4,6.866,0.0793,909,1012
New Windsor North,House,NA,45,12,51,566,420,420,710,165,4,6.2979,0.2865,448,659
New Windsor South,Flat,2,6,6,21,601,565,588,650,54,4,6.3945,0.0888,564,635
New Windsor South,House,1,12,3,15,544,475,608,658,168,3.6,6.2365,0.415,386,676
New Windsor South,House,2,12,12,21,656,595,650,660,101,4,6.4759,0.1446,589,716
New Windsor South,House,3,48,42,177,665,650,668,720,100,3.9,6.4828,0.2055,569,751
New Windsor South,House,4,21,18,72,697,720,800,890,281,3.86,6.4041,0.6351,394,927
New Windsor South,House,NA,12,6,30,751,650,720,950,184,4.21,6.5929,0.2492,617,863
Newmarket,Apartment,1,48,36,135,503,450,498,550,96,3.62,6.1932,0.2707,408,587
Newmarket,Apartment,2,60,69,147,665,590,638,739,152,3.93,6.4685,0.2766,535,777
Newmarket,Apartment,3,30,30,102,792,765,790,840,182,4.04,6.627,0.377,586,974
Newmarket,Apartment,NA,9,6,12,741,580,630,800,379,4,6.4171,0.7871,360,1041
Newmarket,Flat,1,12,6,33,454,433,475,493,71,3.71,6.1049,0.1714,399,503
Newmarket,Flat,2,9,6,30,635,580,610,720,112,3.9,6.4399,0.1753,556,705
Newmarket,House,1,15,12,21,599,555,580,599,107,3.96,6.3815,0.1726,526,664
Newmarket,House,2,12,18,27,694,573,695,778,134,3.88,6.5261,0.1886,601,775
Newmarket,House,3,21,18,63,874,770,900,975,240,3.71,6.7223,0.3643,650,1062
Newmarket,House,4,15,9,30,1081,1000,1225,1250,347,3.94,6.517,1.9611,180,2540
Newmarket,House,NA,75,27,90,690,590,630,750,203,3.96,6.5023,0.2501,563,789
Orakei West,Apartment,2,9,21,21,813,650,800,908,217,3.44,6.6712,0.2597,663,940
Orakei West,Flat,1,9,3,15,616,510,700,755,172,4,6.3819,0.3254,475,736
Orakei West,Flat,2,6,3,15,728,598,610,740,249,4,6.5525,0.3011,572,859
Orakei West,House,2,6,6,30,809,643,700,988,243,4,6.6579,0.2892,641,947
Orakei West,House,3,21,12,57,955,810,980,1085,421,3.68,6.7745,0.4446,648,1181
Orakei West,House,4,15,18,39,1438,1100,1400,1600,419,4.53,7.2351,0.2765,1151,1672
Orakei West,House,5+,6,6,15,834,296,725,1263,651,3.65,6.4454,0.8964,344,1153
Orakei West,House,NA,24,9,21,1200,970,1133,1200,416,4,7.0503,0.2673,963,1381
Owairaka East,Flat,2,9,12,48,563,535,550,600,46,4,6.3301,0.0826,531,593
Owairaka East,Flat,3,6,3,12,653,615,638,675,70,3.77,6.4766,0.1051,605,697
Owairaka East,House,1,6,0,9,540,490,518,568,111,4,6.2764,0.1989,465,608
Owairaka East,House,2,21,18,39,584,548,570,600,59,3.89,6.3661,0.097,545,621
Owairaka East,House,3,18,12,60,736,685,735,791,90,3.9,6.5944,0.1219,673,794
Owairaka East,House,4,9,9,24,796,750,800,880,198,3.73,6.6478,0.281,638,932
Owairaka West,Apartment,1,48,6,54,638,655,655,670,58,3.37,6.4535,0.1026,592,680
Owairaka West,Apartment,2,21,9,27,589,550,610,650,72,3.48,6.3713,0.1287,536,638
Owairaka West,Flat,2,18,15,63,556,510,550,595,72,3.75,6.3129,0.1267,506,601
Owairaka West,House,1,21,6,21,620,510,670,740,134,3.83,6.4052,0.2364,516,710
Owairaka West,House,2,24,27,60,594,550,598,668,105,3.52,6.3705,0.1836,516,661
Owairaka West,House,3,36,33,102,731,643,750,836,125,3.88,6.5781,0.1954,630,820
Owairaka West,House,4,12,9,30,911,850,873,965,167,3.28,6.7999,0.1745,798,1010
Owairaka West,House,NA,54,15,60,679,600,650,743,100,3.88,6.51,0.1483,608,743
Parnell East,Apartment,1,18,12,54,508,465,498,576,75,3.74,6.2189,0.162,450,560
Parnell East,Apartment,2,18,21,48,743,605,665,795,265,3.54,6.5606,0.3161,571,875
Parnell East,Apartment,3,9,3,15,1288,773,1150,1660,658,3.73,7.0435,0.5317,800,1639
Parnell East,Flat,1,15,9,45,509,480,500,550,55,3.55,6.2267,0.1087,470,545
Parnell East,Flat,2,9,15,42,631,560,590,640,106,3.47,6.4361,0.1561,562,693
Parnell East,House,1,6,3,12,754,519,688,819,358,4,6.5358,0.4448,511,931
Parnell East,House,2,9,9,30,971,750,795,985,445,3.74,6.8127,0.3532,717,1154
Parnell East,House,3,27,30,108,1139,865,980,1160,778,3.81,6.9383,0.3864,794,1338
Parnell East,House,4,15,15,30,1142,995,1100,1200,245,3.89,7.0203,0.2019,977,1282
Parnell East,House,NA,9,9,12,1363,800,1100,1500,960,4,7.0403,0.6192,752,1734
Parnell West,Apartment,1,57,48,150,521,450,520,575,85,3.75,6.2434,0.1618,461,574
Parnell West,Apartment,2,66,60,195,744,650,750,820,128,3.89,6.596,0.1871,645,831
Parnell West,Apartment,3,24,15,72,1001,794,873,1120,303,3.83,6.8702,0.2743,800,1159
Parnell West,Flat,1,18,9,48,486,400,455,503,104,3.83,6.1667,0.2013,416,546
Parnell West,Flat,2,9,6,27,781,660,800,850,115,3.77,6.6501,0.1501,698,855
Parnell West,House,1,15,18,18,701,575,700,870,200,3.8,6.5125,0.3011,550,825
Parnell West,House,2,27,21,63,873,730,795,855,295,3.79,6.7324,0.2662,701,1004
Parnell West,House,3,30,36,84,942,854,900,1025,189,3.83,6.8287,0.2026,806,1059
Parnell West,House,4,18,21,48,1160,1040,1120,1300,212,3.85,7.0396,0.1906,1003,1297
Parnell West,House,5+,6,3,15,1170,943,1335,1563,652,3.57,6.8515,0.8764,523,1707
Parnell West,House,NA,27,15,36,764,530,710,930,289,4,6.5725,0.3703,557,918
Parnell West,Room,1,27,21,27,357,260,260,260,231,3.25,5.7501,0.4563,231,427
Remuera West,Apartment,2,9,9,30,686,575,690,725,124,3.78,6.5166,0.1809,599,764
Remuera West,Flat,1,6,3,12,477,471,483,489,24,3.94,6.1671,0.0506,461,493
Remuera West,Flat,2,6,6,39,626,569,593,653,89,3.28,6.4315,0.1349,567,680
Remuera West,House,1,9,3,9,870,575,800,1070,326,3.78,6.7066,0.3729,636,1052
Remuera West,House,2,12,6,33,833,760,825,858,104,3.66,6.7179,0.1208,762,897
Remuera West,House,3,24,12,66,957,863,920,1045,311,3.97,6.7977,0.4219,674,1191
Remuera West,House,4,12,9,36,1652,1313,1500,1715,531,3.96,7.3674,0.2998,1294,1938
Remuera West,House,5+,6,3,15,1283,1245,1325,1363,141,3.3,7.1517,0.1154,1181,1380
Remuera West,House,NA,6,3,15,988,710,975,1100,363,4,6.842,0.3416,744,1179
Sandringham Central,Apartment,2,15,9,39,574,520,550,615,78,3.81,6.3437,0.1327,520,622
Sandringham Central,Flat,1,12,3,15,524,465,503,548,91,3.89,6.2485,0.1588,465,576
Sandringham Central,Flat,2,21,15,90,530,500,570,620,142,3.79,6.2052,0.4557,364,674
Sandringham Central,House,1,9,0,12,659,550,555,650,185,3.54,6.4603,0.2515,540,757
Sandringham Central,House,2,15,12,54,606,568,595,610,78,3.5,6.3995,0.1176,556,651
Sandringham Central,House,3,24,21,66,668,620,743,800,202,3.72,6.4363,0.4227,469,830
Sandringham Central,House,4,6,6,30,1063,985,1050,1100,186,4.02,6.9568,0.1716,935,1179
Sandringham Central,House,NA,6,9,12,958,848,990,1100,173,4,6.8515,0.1867,833,1072
Sandringham East,Apartment,1,6,6,12,495,425,485,515,93,3.21,6.191,0.1777,433,551
Sandringham East,Apartment,2,9,6,30,560,545,560,593,42,3.93,6.3245,0.0763,530,588
Sandringham East,Flat,1,9,6,18,433,430,440,450,26,4,6.0686,0.0609,415,450
Sandringham East,Flat,2,24,15,84,556,520,570,596,65,3.72,6.3134,0.1234,508,600
Sandringham East,House,2,18,21,45,578,515,600,635,169,3.82,6.281,0.5062,380,752
Sandringham East,House,3,30,27,102,722,678,720,753,77,3.54,6.5763,0.1066,668,771
Sandringham East,House,4,15,6,36,773,700,825,900,308,3.9,6.5279,0.5952,458,1022
Sandringham North,Apartment,2,30,27,75,578,526,568,620,54,3.83,6.3557,0.0922,541,613
Sandringham North,Flat,1,18,6,66,475,408,448,503,87,3.96,6.1488,0.1688,418,525
Sandringham North,Flat,2,24,24,72,477,358,570,584,174,3.66,6.0465,0.6106,280,638
Sandringham North,Flat,3,6,3,9,685,608,650,728,153,3.93,6.5117,0.214,583,777
Sandringham North,House,1,21,12,30,577,450,500,595,215,3.86,6.3093,0.2964,450,671
Sandringham North,House,2,15,18,57,633,550,610,850,200,3.94,6.365,0.5222,409,827
Sandringham North,House,3,24,24,96,764,709,790,825,143,3.83,6.6209,0.1993,656,859
Sandringham North,House,4,9,6,48,1002,885,960,1125,240,3.75,6.8808,0.2598,817,1160
Sandringham North,House,NA,9,6,18,751,580,660,675,372,4,6.5507,0.3551,551,889
Sandringham West,Flat,1,6,6,15,439,420,420,439,38,3.72,6.0813,0.0822,414,463
Sandringham West,Flat,2,21,3,57,479,498,520,588,173,4,6.0432,0.6262,276,643
Sandringham West,House,1,6,12,12,900,863,975,1013,204,4,6.7794,0.2582,739,1047
Sandringham West,House,2,6,15,33,623,568,590,690,72,3.88,6.428,0.1137,573,668
Sandringham West,House,3,30,27,102,728,660,720,795,91,3.52,6.5833,0.1244,665,786
Sandringham West,House,4,15,12,45,923,850,925,1000,140,3.9,6.8166,0.1529,823,1012
Sandringham West,House,NA,33,9,39,691,550,650,720,209,4.03,6.4999,0.27,554,798
St Lukes,Apartment,1,12,6,18,516,495,525,540,49,3.86,6.2425,0.0988,481,550
St Lukes,Apartment,2,45,24,93,652,628,665,683,52,3.77,6.4768,0.0839,614,688
St Lukes,Apartment,3,33,36,48,703,670,700,795,108,3.6,6.5424,0.1713,618,779
St Lukes,Flat,1,9,6,21,941,435,495,515,1514,1.91,6.393,0.7529,360,993
St Lukes,Flat,2,12,6,45,526,515,545,568,68,3.71,6.2562,0.1492,471,576
St Lukes,House,1,6,3,6,704,625,725,804,127,4,6.5437,0.1865,613,788
St Lukes,House,2,9,12,24,629,605,620,648,33,3.59,6.4435,0.0512,607,651
St Lukes,House,3,27,27,66,743,720,768,826,136,3.73,6.587,0.2481,614,858
St Lukes,House,5+,6,0,9,1029,944,1000,1085,120,4,6.9311,0.1143,948,1106
St Lukes,House,NA,15,9,15,753,645,720,825,175,3.99,6.6018,0.2146,637,851
Symonds Street East,Apartment,1,54,30,99,428,380,425,480,84,3.75,6.0392,0.2066,365,482
Symonds Street East,Apartment,2,72,72,147,545,483,558,650,169,3.65,6.229,0.427,380,677
Symonds Street East,Apartment,3,21,15,45,707,575,683,800,262,3.89,6.4942,0.3866,510,858
Symonds Street East,Apartment,NA,6,12,9,437,380,410,455,95,4.13,6.0618,0.1948,376,489
Symonds Street East,Flat,1,12,0,18,435,405,440,475,48,4,6.0695,0.1133,401,467
Symonds Street East,House,1,21,9,21,405,270,420,530,139,3.84,5.9425,0.3611,299,486
Symonds Street East,House,NA,51,33,54,474,341,485,580,219,3.95,6.0668,0.4406,320,581
Symonds Street East,Room,1,225,105,249,432,429,450,490,90,2.13,6.0395,0.2631,351,501
Symonds Street East,Room,NA,36,15,33,348,250,275,450,109,2.23,5.8028,0.3148,268,410
Symonds Street North West,Apartment,1,279,243,555,418,378,400,445,129,3.84,6.0099,0.2037,355,467
Symonds Street North West,Apartment,2,102,105,216,577,520,580,630,93,3.93,6.3426,0.191,500,646
Symonds Street North West,Apartment,3,6,9,9,788,713,795,893,141,3.85,6.6558,0.1867,685,882
Symonds Street North West,Apartment,5,12,6,12,315,225,260,293,199,3.62,5.6482,0.4207,214,377
Symonds Street North West,Apartment,NA,144,60,129,366,250,370,400,111,3.97,5.8623,0.2797,291,425
Symonds Street North West,Boarding House,NA,15,9,6,229,220,230,230,15,2.67,5.4303,0.0643,219,238
Symonds Street North West,Flat,1,21,9,30,360,260,390,420,107,3.81,5.8405,0.3212,277,427
Symonds Street North West,Flat,3,6,0,3,425,400,400,425,50,2.71,6.0473,0.1116,392,456
Symonds Street North West,House,1,33,27,39,428,375,425,490,96,4.02,6.0348,0.2316,357,488
Symonds Street North West,House,NA,99,42,96,500,425,470,570,157,3.99,6.1778,0.2699,402,578
Symonds Street North West,Room,1,18,27,36,303,220,250,400,96,3.92,5.6677,0.3029,236,355
Symonds Street North West,Room,NA,15,3,15,291,265,270,325,36,3.19,5.6652,0.1218,266,313
Symonds Street West,Apartment,1,177,135,279,419,390,420,460,82,3.92,5.9914,0.4346,298,536
Symonds Street West,Apartment,2,303,249,609,514,490,520,550,98,3.97,6.1828,0.6824,306,767
Symonds Street West,Apartment,3,15,9,33,733,638,700,813,138,3.83,6.5802,0.186,636,817
Symonds Street West,Apartment,NA,27,27,42,513,430,460,620,106,4,6.2209,0.201,439,576
Symonds Street West,Flat,1,15,3,33,434,420,430,450,28,9.13,6.0712,0.063,415,452
Symonds Street West,Flat,2,12,3,24,543,508,530,576,43,4,6.2949,0.0781,514,571
Symonds Street West,Flat,3,6,3,6,467,258,313,613,291,3.63,5.9965,0.5643,275,588
Symonds Street West,House,1,36,24,36,487,418,480,525,101,4,6.1685,0.1989,418,546
Symonds Street West,House,2,9,30,15,451,380,500,520,131,3.84,6.0576,0.3854,330,554
Symonds Street West,House,NA,78,36,81,559,475,540,649,117,4.71,6.3038,0.2102,474,630
The Strand,Apartment,1,96,132,111,387,338,375,401,83,3.73,5.9394,0.1796,336,429
The Strand,Apartment,2,42,33,111,585,540,575,650,114,3.75,6.3496,0.2217,493,665
The Strand,Apartment,3,24,21,42,484,280,375,698,222,3.22,6.0808,0.458,321,596
The Strand,Apartment,NA,102,51,72,389,369,389,389,63,4.19,5.9534,0.1255,354,419
The Strand,House,1,21,12,24,584,500,570,680,105,4.1,6.3547,0.1795,510,649
The Strand,House,3,24,24,63,710,723,750,795,169,3.67,6.5227,0.3336,543,852
The Strand,House,NA,42,18,48,491,343,485,550,181,3.99,6.1376,0.3393,368,582
Titirangi South,House,2,9,3,24,782,463,650,690,582,3.76,6.5067,0.5382,466,963
Titirangi South,House,3,9,6,36,726,695,700,750,57,3.86,6.5843,0.0757,688,762
Titirangi South,House,4,12,9,36,944,846,885,1074,243,3.85,6.8175,0.2775,758,1102
Titirangi South,House,NA,9,3,12,840,750,850,890,145,4,6.721,0.1693,740,930
Wesley East,House,2,6,6,18,583,518,610,650,118,3.83,6.3486,0.2168,494,662
Wesley East,House,3,12,9,48,601,475,625,678,137,3.73,6.3729,0.245,497,691
Wesley East,House,4,6,3,18,823,783,805,845,69,3.77,6.7098,0.0825,776,867
Wesley East,Room,NA,6,0,6,356,288,360,450,103,2.4,5.8331,0.3141,276,422
Wesley West,House,1,6,3,12,610,443,685,708,153,4.28,6.3831,0.2695,493,710
Wesley West,House,3,42,27,99,656,614,660,730,155,3.98,6.381,0.7448,357,976
Wesley West,House,4,18,12,30,805,730,825,873,100,3.64,6.6824,0.1348,729,874
Wesley West,House,NA,48,12,51,600,420,450,785,210,3.97,6.3407,0.3353,452,711
West Lynn,House,1,6,0,9,658,598,645,705,76,4,6.4835,0.115,605,707
West Lynn,House,2,9,9,21,582,540,590,590,58,4,6.3616,0.0983,542,619
West Lynn,House,3,24,24,75,667,653,680,720,170,3.9,6.4372,0.4612,458,853
West Lynn,House,4,6,9,21,849,775,850,860,164,3.73,6.7287,0.1821,739,945
West Lynn,House,NA,24,6,33,611,550,683,760,274,3.94,6.2161,0.7846,295,850
Ellerslie Central,Apartment,1,9,3,9,579,550,575,615,39,3.84,6.3586,0.067,552,604
Ellerslie Central,Apartment,2,9,6,18,645,648,650,660,46,3.42,6.4669,0.0749,612,677
Ellerslie Central,Flat,1,9,3,24,473,458,480,483,45,3.55,6.1549,0.0954,442,502
Ellerslie Central,Flat,2,15,6,51,512,490,550,600,154,4.11,6.1565,0.5054,335,663
Ellerslie Central,House,2,15,12,42,643,600,650,720,150,3.67,6.4229,0.357,484,783
Ellerslie Central,House,3,51,42,114,793,720,760,853,95,3.87,6.6684,0.1202,726,854
Ellerslie Central,House,4,24,21,48,870,795,865,950,108,3.91,6.7605,0.1254,793,939
Ellerslie Central,House,NA,18,9,33,883,700,795,925,282,4.05,6.743,0.2788,703,1024
Ellerslie East,Apartment,2,12,9,21,578,531,570,628,64,3.66,6.3532,0.1108,533,619
Ellerslie East,Flat,1,6,6,18,479,465,473,495,17,2.18,6.1715,0.0356,468,491
Ellerslie East,Flat,2,27,24,108,564,525,550,593,63,3.84,6.3291,0.1078,521,603
Ellerslie East,House,1,12,0,12,577,469,565,594,168,4,6.3221,0.2743,463,670
Ellerslie East,House,2,15,18,66,604,540,600,670,81,3.75,6.3951,0.1365,546,657
Ellerslie East,House,3,33,33,132,998,750,780,833,1224,3.09,6.7346,0.4045,640,1105
Ellerslie East,House,NA,6,6,12,755,701,750,788,101,4,6.6194,0.1317,686,819
Ellerslie South,Apartment,2,12,12,45,578,550,570,596,56,3.85,6.3545,0.0949,539,613
Ellerslie South,Flat,2,24,18,63,574,550,565,608,53,4.1,6.3484,0.0919,537,608
Ellerslie South,House,1,18,0,24,663,528,670,715,133,3.9,6.4773,0.2003,568,744
Ellerslie South,House,2,24,30,75,685,583,620,658,363,3.15,6.4663,0.3017,525,788
Ellerslie South,House,3,48,42,117,775,723,765,799,115,3.78,6.6437,0.1376,700,843
Ellerslie South,House,4,12,6,27,964,846,878,1033,247,4,6.8464,0.225,808,1095
Ellerslie South,House,NA,12,15,21,771,684,803,899,150,4,6.629,0.2086,657,871
Ellerslie West,Apartment,1,21,27,24,524,455,495,565,90,4,6.2481,0.1634,463,577
Ellerslie West,Apartment,NA,12,0,18,539,475,560,573,64,4,6.2826,0.1218,493,581
Ellerslie West,House,1,6,27,27,458,400,430,488,80,4,6.1149,0.1673,404,507
Ellerslie West,House,2,12,18,30,708,681,730,749,57,3.99,6.5591,0.0837,667,747
Ellerslie West,House,NA,54,15,63,543,436,550,610,115,4.01,6.2754,0.2118,461,613
Epsom Central-North,Apartment,1,6,6,9,480,470,475,485,14,3.7,6.1735,0.0292,471,489
Epsom Central-North,Apartment,2,12,6,39,626,594,620,653,36,3.83,6.4376,0.0568,601,649
Epsom Central-North,Flat,1,12,12,33,490,461,488,543,59,4.01,6.1883,0.1242,448,530
Epsom Central-North,Flat,2,9,6,72,702,650,680,750,78,4,6.5489,0.1084,649,751
Epsom Central-North,House,1,9,3,9,851,558,620,985,446,3.84,6.6491,0.4542,568,1049
Epsom Central-North,House,2,21,24,45,527,230,600,663,231,3.71,6.1463,0.54,324,672
Epsom Central-North,House,3,18,15,81,906,753,850,980,274,4.17,6.7735,0.2652,731,1046
Epsom Central-North,House,4,24,21,75,1079,880,1050,1200,208,3.7,6.966,0.1921,931,1207
Epsom Central-North,House,5+,9,9,30,1550,1200,1595,1725,491,3.86,7.3041,0.3107,1205,1833
Epsom Central-North,House,NA,21,12,33,1096,980,1000,1300,202,4.13,6.9836,0.1831,953,1221
Epsom Central-South,Apartment,1,6,6,6,541,500,525,566,55,4,6.2902,0.0985,505,576
Epsom Central-South,Apartment,2,6,3,9,649,631,658,695,57,3.82,6.4723,0.092,608,688
Epsom Central-South,Apartment,3,6,3,9,721,701,748,768,106,4,6.5721,0.1572,643,795
Epsom Central-South,Flat,1,6,3,21,505,490,495,538,39,4,6.2221,0.0771,478,531
Epsom Central-South,Flat,2,15,6,63,601,553,580,643,62,3.97,6.3933,0.1008,559,640
Epsom Central-South,Flat,3,9,6,24,766,695,730,805,101,3.64,6.6338,0.1261,698,828
Epsom Central-South,House,1,12,0,15,740,513,610,988,292,4,6.5393,0.3793,536,893
Epsom Central-South,House,2,12,15,42,719,611,650,758,193,3.77,6.5479,0.2447,592,823
Epsom Central-South,House,3,33,24,87,878,750,880,930,170,3.77,6.7609,0.1838,763,977
Epsom Central-South,House,4,27,21,66,1063,963,1050,1195,175,3.75,6.9547,0.1759,931,1180
Epsom Central-South,House,5+,9,15,24,1346,1165,1250,1500,231,3.87,7.1926,0.1647,1190,1486
Epsom Central-South,House,NA,12,24,21,993,689,870,1175,365,4.25,6.8436,0.3441,744,1183
Epsom East,Apartment,1,12,12,15,556,390,645,715,180,4.24,6.2586,0.3924,401,681
Epsom East,Apartment,2,15,15,30,730,583,720,883,161,3.82,6.5702,0.2218,614,829
Epsom East,Flat,2,27,9,66,606,560,600,625,49,3.86,6.4033,0.0785,573,637
Epsom East,House,1,6,6,9,765,648,765,838,142,4,6.6256,0.1848,666,854
Epsom East,House,2,9,21,30,661,600,620,689,135,3.77,6.4783,0.1822,576,736
Epsom East,House,3,6,15,39,862,748,873,908,147,4.06,6.747,0.1648,762,952
Epsom East,House,4,12,9,33,1066,905,1023,1175,265,4,6.9432,0.2515,874,1228
Epsom East,House,NA,36,24,54,835,689,730,1025,248,3.91,6.6882,0.2797,665,970
Epsom South,Flat,2,12,9,39,663,650,660,693,45,3.93,6.495,0.0671,633,692
Epsom South,House,1,9,0,6,666,570,600,770,151,4.1,6.4808,0.2196,563,757
Epsom South,House,2,12,9,27,756,591,685,890,263,4,6.5744,0.3423,569,903
Epsom South,House,3,24,24,54,869,750,850,935,233,3.88,6.7289,0.3007,683,1024
Epsom South,House,4,15,6,33,1060,995,1020,1100,131,4.05,6.9598,0.1178,973,1141
Epsom South,House,NA,6,12,21,1038,908,1050,1096,299,4,6.9105,0.2799,830,1211
Glen Innes West,Apartment,1,18,15,27,588,550,650,650,88,3.25,6.3638,0.1685,518,650
Glen Innes West,Apartment,2,9,15,18,640,585,670,750,110,3.66,6.447,0.18,559,712
Glen Innes West,Flat,1,6,3,33,415,400,405,420,24,3.04,6.0271,0.056,399,430
Glen Innes West,Flat,2,6,3,36,600,578,590,636,53,4,6.3937,0.0882,564,635
Glen Innes West,House,1,12,6,12,520,468,490,604,151,3.51,6.2136,0.3057,406,614
Glen Innes West,House,2,18,12,126,493,168,650,695,301,3.48,5.9087,0.8863,203,669
Glen Innes West,House,3,54,36,294,591,523,672,753,233,3.67,6.2518,0.5939,348,775
Glen Innes West,House,4,12,9,90,885,799,850,950,133,4.01,6.7762,0.1455,795,967
Glen Innes West,House,NA,60,21,72,681,570,650,790,140,3.95,6.5019,0.2145,577,770
Glen Innes West,Room,NA,6,3,3,416,391,423,448,52,3.58,6.0253,0.1271,380,451
Glendowie North,Flat,1,6,3,15,481,450,475,506,38,3.73,6.1741,0.0775,456,506
Glendowie North,House,2,12,6,21,703,606,710,788,105,4,6.5453,0.1498,629,770
Glendowie North,House,3,18,15,75,868,758,818,944,262,3.89,6.7094,0.3916,630,1068
Glendowie North,House,4,21,15,42,1016,873,1080,1215,377,3.67,6.8218,0.5204,646,1304
Glendowie North,House,5,6,3,3,1463,1220,1260,1605,423,4.33,7.2626,0.2731,1186,1714
Glendowie North,House,NA,9,15,21,1065,946,1025,1194,316,3.89,6.9274,0.3218,821,1267
Greenlane North,Apartment,2,12,6,30,599,568,600,611,55,3.86,6.391,0.0919,561,635
Greenlane North,Flat,2,18,12,90,637,569,580,648,123,3.94,6.4418,0.1703,559,704
Greenlane North,House,1,6,3,15,668,518,613,895,201,3.91,6.4635,0.3086,521,790
Greenlane North,House,2,15,21,48,674,600,650,738,127,3.9,6.4981,0.1768,589,748
Greenlane North,House,3,36,36,132,956,798,860,950,482,3.67,6.8052,0.2887,743,1097
Greenlane North,House,4,30,21,81,1059,915,1045,1200,208,3.78,6.9462,0.1989,909,1188
Greenlane North,House,5,6,3,12,1263,938,1150,1700,491,3.62,7.0763,0.3996,904,1550
Greenlane North,House,5+,12,18,36,1196,1113,1215,1388,394,3.77,6.9953,0.5394,759,1570
Greenlane North,House,NA,21,15,48,997,740,995,1200,320,4,6.8594,0.3085,774,1173
Greenlane South,Apartment,2,6,6,12,584,521,568,630,83,3.41,6.362,0.1404,527,637
Greenlane South,Flat,2,9,3,24,514,548,560,600,191,4,6.101,0.7093,277,720
Greenlane South,House,1,12,0,15,713,556,715,764,190,3.56,6.5375,0.2592,580,822
Greenlane South,House,2,15,21,48,631,550,600,650,109,3.8,6.4354,0.1597,560,694
Greenlane South,House,3,48,39,138,797,750,800,850,109,3.82,6.6715,0.1358,720,865
Greenlane South,House,4,21,21,51,933,860,950,1050,153,3.98,6.821,0.2034,799,1052
Greenlane South,House,NA,21,15,30,886,799,870,980,183,3.93,6.7654,0.2157,750,1003
Hillsborough East (Auckland),Apartment,2,6,0,6,571,538,553,586,55,4,6.3446,0.0923,535,606
Hillsborough East (Auckland),Flat,2,9,9,24,562,520,570,598,50,4.06,6.3276,0.0892,527,595
Hillsborough East (Auckland),House,1,9,0,9,634,475,500,670,291,2.96,6.3812,0.3835,456,765
Hillsborough East (Auckland),House,2,9,6,39,581,560,585,600,42,4,6.3626,0.0733,552,609
Hillsborough East (Auckland),House,3,21,12,66,690,665,695,750,111,3.81,6.5209,0.2004,593,777
Hillsborough East (Auckland),House,4,15,12,45,784,685,845,963,248,3.91,6.5921,0.4451,540,985
Hillsborough East (Auckland),House,5+,6,3,15,977,850,875,1125,178,3.38,6.8711,0.1743,857,1084
Hillsborough East (Auckland),House,NA,9,12,15,819,795,840,850,211,4,6.677,0.2688,662,952
Hillsborough North (Auckland),Flat,1,6,3,24,452,450,450,473,32,4,6.1108,0.0732,429,474
Hillsborough North (Auckland),Flat,2,12,12,27,551,498,565,591,69,4.02,6.304,0.1291,501,596
Hillsborough North (Auckland),House,1,6,0,12,620,575,638,683,147,4,6.4065,0.2552,510,720
Hillsborough North (Auckland),House,2,12,12,42,628,565,620,650,84,4.16,6.4354,0.1249,573,678
Hillsborough North (Auckland),House,3,24,21,108,695,658,698,748,116,3.95,6.5224,0.2396,579,800
Hillsborough North (Auckland),House,4,15,18,48,900,780,900,983,163,4,6.7879,0.1737,789,997
Hillsborough North (Auckland),House,NA,12,12,15,755,688,780,823,132,3.6,6.6123,0.1856,657,843
Hillsborough South (Auckland),House,2,6,9,15,847,645,680,768,467,3.02,6.6541,0.4022,592,1018
Hillsborough South (Auckland),House,3,9,3,54,782,710,750,845,144,4.06,6.6458,0.1887,678,874
Hillsborough South (Auckland),House,4,15,9,45,885,785,895,975,108,3.73,6.7781,0.1237,808,955
Hillsborough South (Auckland),House,NA,6,6,9,921,773,820,958,239,4,6.8011,0.2319,769,1051
Hillsborough West (Auckland),Flat,2,9,3,21,558,533,573,579,52,3.73,6.3197,0.0964,520,593
Hillsborough West (Auckland),House,1,9,3,12,645,595,620,740,119,4,6.4539,0.1877,560,721
Hillsborough West (Auckland),House,2,21,9,48,613,590,595,630,99,4,6.407,0.1504,548,671
Hillsborough West (Auckland),House,3,42,36,132,707,655,698,748,59,3.9,6.5575,0.0831,666,745
Hillsborough West (Auckland),House,4,21,15,54,852,830,860,900,55,3.8,6.746,0.0667,813,890
Hillsborough West (Auckland),House,5+,9,15,24,897,895,970,1040,262,3.91,6.7111,0.5475,568,1188
Hillsborough West (Auckland),House,NA,18,24,30,757,663,760,848,196,4,6.5801,0.3713,561,926
Kohimarama,Apartment,1,12,6,15,517,500,510,550,29,3.47,6.2471,0.0558,497,536
Kohimarama,Apartment,2,9,15,39,750,675,715,785,152,3.93,6.6032,0.1833,652,835
Kohimarama,Apartment,3,6,0,12,1199,1063,1150,1313,303,3.31,7.0629,0.2524,985,1385
Kohimarama,Flat,1,9,12,24,468,433,450,490,58,4,6.1412,0.1201,428,504
Kohimarama,Flat,2,9,12,48,643,613,620,634,79,3.78,6.4605,0.1124,593,690
Kohimarama,House,1,12,3,12,790,550,580,671,585,2.94,6.5291,0.4891,492,952
Kohimarama,House,2,21,21,45,671,623,680,700,68,3.86,6.5035,0.1031,623,716
Kohimarama,House,3,39,30,84,937,825,870,1000,244,3.92,6.8138,0.2361,776,1067
Kohimarama,House,4,21,15,72,1308,958,1250,1425,674,3.62,7.0968,0.3757,938,1557
Kohimarama,House,5,6,0,9,1350,1100,1300,1550,300,4,7.1894,0.2212,1142,1539
Kohimarama,House,NA,12,15,24,953,853,925,1113,220,4,6.834,0.2435,788,1095
Lynfield South,Flat,2,9,6,33,556,545,580,580,40,3.28,6.3178,0.0764,527,584
Lynfield South,House,1,6,3,12,726,650,675,809,107,3.85,6.5787,0.1422,654,792
Lynfield South,House,2,15,12,39,576,560,570,590,37,3.56,6.3545,0.0632,551,600
Lynfield South,House,3,39,36,129,689,650,675,708,253,3.72,6.4949,0.2694,552,794
Lynfield South,House,4,12,15,57,847,780,850,890,223,3.92,6.6987,0.3334,648,1016
Lynfield South,House,5+,6,6,24,1043,938,1045,1100,132,4,6.9426,0.1233,953,1125
Lynfield South,House,NA,27,15,39,731,638,730,850,147,4.01,6.5724,0.2271,614,833
Meadowbank East,Apartment,1,6,0,15,173,76,82,179,185,2.69,4.812,0.8676,68,221
Meadowbank East,Apartment,2,9,9,33,556,550,550,575,39,3.81,6.3184,0.0701,529,582
Meadowbank East,Flat,1,6,6,42,411,430,445,475,132,4,5.9192,0.5761,252,549
Meadowbank East,Flat,2,15,15,111,592,550,578,600,74,3.68,6.3772,0.1165,544,636
Meadowbank East,House,1,18,3,21,670,511,585,685,300,3.94,6.4452,0.3302,504,787
Meadowbank East,House,2,9,6,39,600,555,590,650,60,3.71,6.3931,0.1006,558,640
Meadowbank East,House,3,21,18,60,790,728,780,840,94,3.86,6.6657,0.1167,726,849
Meadowbank East,House,NA,9,9,18,993,910,975,1040,123,3.75,6.8949,0.1203,910,1071
Meadowbank West,Apartment,1,6,6,6,538,484,600,619,123,4,6.2624,0.2616,440,626
Meadowbank West,Flat,1,6,3,24,453,439,450,450,88,3.67,6.1012,0.1921,392,508
Meadowbank West,Flat,2,6,6,18,650,650,663,675,52,3.82,6.4738,0.0848,612,686
Meadowbank West,House,2,9,12,18,708,650,650,775,125,4,6.5488,0.1714,622,784
Meadowbank West,House,3,33,21,66,899,700,810,870,505,3.36,6.7284,0.3283,670,1043
Meadowbank West,House,4,12,6,18,1141,1050,1100,1275,183,3.77,7.0275,0.1645,1009,1259
Meadowbank West,House,NA,9,6,18,849,650,890,930,182,4,6.7233,0.2216,716,966
Mission Bay,Apartment,1,12,9,39,537,455,523,625,104,3.59,6.2677,0.1973,462,602
Mission Bay,Apartment,2,33,39,87,760,655,700,840,154,3.84,6.6144,0.2013,651,854
Mission Bay,Flat,1,9,9,36,452,445,450,470,34,3.89,6.1117,0.076,429,475
Mission Bay,Flat,2,12,9,75,713,590,625,721,270,3.83,6.5249,0.2809,564,824
Mission Bay,House,1,18,6,27,648,513,623,843,194,4.06,6.4296,0.3089,503,764
Mission Bay,House,2,27,18,66,773,635,695,773,318,3.53,6.6018,0.2836,608,892
Mission Bay,House,3,45,42,120,961,800,920,1100,246,3.96,6.8414,0.2243,804,1089
Mission Bay,House,4,18,27,57,1256,1063,1220,1400,515,3.89,7.0706,0.3634,921,1504
Mission Bay,House,5+,6,6,18,1313,1188,1300,1425,165,3.78,7.1738,0.1256,1199,1420
Mission Bay,House,NA,42,18,54,1046,850,995,1150,348,4.04,6.91,0.2846,827,1214
Mission Bay,Room,1,24,9,18,389,380,390,390,10,2.69,5.9635,0.0259,382,396
Mount Roskill Central North,Flat,2,9,6,27,550,490,560,598,79,3.81,6.3012,0.1457,494,602
Mount Roskill Central North,House,2,12,6,39,683,616,625,634,170,4.26,6.5045,0.2027,583,766
Mount Roskill Central North,House,3,36,39,114,722,653,698,754,103,3.91,6.5724,0.1417,650,787
Mount Roskill Central North,House,4,18,18,45,846,734,845,933,146,3.74,6.7259,0.1736,742,937
Mount Roskill Central North,House,5+,9,9,15,893,860,980,1053,337,3.68,6.6743,0.6322,517,1213
Mount Roskill Central North,House,NA,27,9,39,738,620,760,830,115,4,6.592,0.1581,655,811
Mount Roskill Central South,House,3,33,21,63,697,710,710,720,90,3.57,6.5347,0.1783,611,777
Mount Roskill Central South,House,4,6,12,21,760,725,760,790,97,3.88,6.6262,0.1281,692,823
Mount Roskill Central South,House,NA,18,0,18,741,705,748,761,104,4,6.5994,0.1287,674,801
Mount Roskill South,Flat,2,6,9,15,538,505,530,559,39,4,6.2847,0.0723,511,563
Mount Roskill South,House,1,6,0,6,783,714,783,851,96,3.72,6.6568,0.1233,716,846
Mount Roskill South,House,2,6,12,24,531,498,540,563,49,3.65,6.2714,0.0937,497,564
Mount Roskill South,House,3,18,18,69,713,650,695,780,137,3.83,6.5519,0.1897,616,796
Mount Roskill South,House,4,15,6,48,799,750,795,845,91,3.79,6.677,0.1131,736,857
Mount Roskill South,House,NA,12,9,24,792,685,775,960,264,3.89,6.5915,0.4917,523,1016
Mount St John,Apartment,1,6,12,15,462,385,439,511,97,4,6.118,0.2008,396,520
Mount St John,Apartment,2,18,6,30,618,560,580,621,91,3.89,6.4176,0.136,559,671
Mount St John,Flat,1,6,3,30,462,440,463,495,60,3.89,6.1276,0.1335,419,502
Mount St John,Flat,2,21,15,93,580,530,570,585,52,4,6.3586,0.0862,545,612
Mount St John,Flat,3,6,6,18,705,670,695,740,60,3.6,6.5551,0.085,664,744
Mount St John,House,1,12,6,15,701,536,690,850,256,3.85,6.488,0.3815,508,850
Mount St John,House,2,18,18,45,817,618,650,718,484,3.25,6.6093,0.3955,568,969
Mount St John,House,3,21,21,87,901,778,900,970,253,4.14,6.7453,0.4129,643,1123
Mount St John,House,4,24,21,60,1167,1000,1100,1250,416,3.63,7.0219,0.2671,936,1342
Mount St John,House,5+,6,6,24,1437,1324,1398,1471,349,4,7.2463,0.2377,1195,1647
Mount St John,House,NA,48,21,54,624,375,388,898,354,3.87,6.3022,0.5019,389,766
One Tree Hill,Apartment,2,9,9,27,594,565,600,623,53,3.87,6.3827,0.09,557,629
One Tree Hill,Flat,1,15,3,27,477,400,450,450,132,3.47,6.1359,0.2503,390,547
One Tree Hill,Flat,2,24,21,123,585,550,588,619,51,3.85,6.3682,0.0881,549,619
One Tree Hill,Flat,3,6,6,15,730,687,735,778,68,4,6.589,0.0947,682,775
One Tree Hill,House,1,18,0,27,663,520,593,790,179,4.09,6.4664,0.245,545,759
One Tree Hill,House,2,36,36,108,577,560,580,620,102,3.74,6.3169,0.3819,428,717
One Tree Hill,House,3,42,36,156,746,690,750,790,77,3.86,6.61,0.103,693,796
One Tree Hill,House,4,24,18,51,903,828,895,950,126,3.54,6.7964,0.1362,816,981
One Tree Hill,House,NA,21,15,42,815,640,750,905,267,3.78,6.6631,0.2772,649,944
Onehunga North,Apartment,2,15,6,30,578,545,570,600,57,3.87,6.3551,0.0983,539,615
Onehunga North,Flat,2,24,18,105,583,531,590,620,66,3.97,6.3615,0.1141,536,625
Onehunga North,House,1,9,0,15,657,525,635,790,174,4,6.4543,0.2733,528,764
Onehunga North,House,2,21,33,96,597,575,600,641,95,3.71,6.3741,0.2128,508,677
Onehunga North,House,3,48,45,120,665,596,700,789,185,3.88,6.4506,0.3409,503,797
Onehunga North,House,4,12,15,42,845,768,795,850,147,4,6.7273,0.1588,750,929
Onehunga North,House,NA,18,9,42,850,648,930,1025,229,4.09,6.7039,0.3118,661,1006
Onehunga West,Flat,1,6,12,30,423,395,440,455,53,4,6.0413,0.1305,385,459
Onehunga West,Flat,2,15,15,42,570,550,570,595,68,3.69,6.3383,0.1288,519,617
Onehunga West,House,1,12,0,18,681,583,670,683,197,3.95,6.4936,0.2406,562,777
Onehunga West,House,2,21,18,63,632,565,600,645,141,3.93,6.4306,0.18,550,701
Onehunga West,House,3,33,30,114,848,698,775,825,340,3.58,6.6981,0.2709,675,973
Onehunga West,House,4,18,18,57,837,750,795,953,297,4.12,6.4986,1.1112,314,1405
Onehunga West,House,NA,27,6,57,716,650,675,735,157,4.09,6.5524,0.2076,609,806
Oneroa West,House,1,6,3,9,757,643,775,900,161,3.72,6.6093,0.2195,640,860
Oneroa West,House,2,6,6,9,738,650,685,735,162,2.87,6.5861,0.1881,639,823
Oneroa West,House,3,15,6,15,925,805,850,988,190,3.48,6.8108,0.1974,794,1037
Oneroa West,House,NA,15,0,15,772,578,650,800,411,3.77,6.5652,0.385,548,920
Oneroa West,Room,NA,6,3,6,263,200,200,200,153,2.41,5.4743,0.4311,178,319
Orakei East,House,2,9,6,39,812,710,730,755,269,4.15,6.6653,0.2514,662,930
Orakei East,House,3,24,12,75,890,790,850,1000,228,3.91,6.738,0.3957,646,1102
Orakei East,House,4,18,9,36,1200,1100,1150,1256,193,3.84,7.0794,0.1451,1077,1309
Orakei East,House,5+,6,3,3,1263,1088,1200,1375,250,3.64,7.1269,0.1907,1095,1416
Orakei East,House,NA,12,9,18,1184,998,1250,1438,350,3.86,7.0253,0.3639,880,1438
Remuera Abbotts Park,Apartment,2,6,6,15,579,553,580,606,88,4.21,6.3521,0.1543,517,637
Remuera Abbotts Park,Flat,1,9,9,39,503,396,418,468,234,3.81,6.1515,0.3634,367,600
Remuera Abbotts Park,Flat,2,15,6,60,567,525,570,598,177,3.94,6.2564,0.5208,367,741
Remuera Abbotts Park,House,1,9,3,24,589,465,535,680,205,4.18,6.3319,0.3177,454,697
Remuera Abbotts Park,House,2,21,12,54,716,610,680,723,165,3.78,6.5531,0.1993,613,802
Remuera Abbotts Park,House,3,45,30,126,865,761,823,901,196,3.88,6.7416,0.1965,742,967
Remuera Abbotts Park,House,4,33,24,81,985,825,950,1195,190,3.87,6.8747,0.1903,851,1100
Remuera Abbotts Park,House,NA,15,15,27,1042,790,900,1250,310,3.87,6.9075,0.2968,818,1221
Remuera East,Apartment,2,9,3,18,718,695,720,750,49,4,6.5748,0.0686,684,751
Remuera East,House,2,6,3,21,671,650,780,801,277,3.81,6.4105,0.5686,414,892
Remuera East,House,3,24,18,57,913,840,925,1000,131,3.94,6.8067,0.1507,817,1001
Remuera East,House,4,9,18,39,1207,973,1150,1490,317,3.91,7.0658,0.2567,985,1393
Remuera East,House,NA,27,15,33,997,765,820,900,451,3.97,6.8368,0.3461,738,1176
Remuera North,Apartment,2,9,6,15,654,590,650,695,77,3.74,6.4766,0.1156,601,702
Remuera North,Flat,1,6,0,18,464,420,458,514,66,3.33,6.1317,0.1431,418,507
Remuera North,Flat,2,12,6,27,691,635,685,750,81,3.72,6.5312,0.1174,634,743
Remuera North,House,1,6,3,9,791,545,745,919,336,3.61,6.6,0.4177,555,974
Remuera North,House,2,9,6,30,707,595,680,720,187,3.99,6.5328,0.2434,583,810
Remuera North,House,3,21,18,63,989,820,890,1100,242,4,6.8705,0.2291,825,1124
Remuera North,House,4,18,21,48,1311,1038,1150,1413,490,4,7.1244,0.3244,998,1546
Remuera North,House,5+,9,9,24,1216,1225,1250,1275,436,3.8,6.9989,0.5714,745,1611
Remuera North,House,NA,15,3,21,1135,880,995,1363,352,4,6.9924,0.2942,892,1327
Remuera South,Flat,1,12,9,39,434,350,425,479,114,3.65,6.0395,0.2718,349,504
Remuera South,Flat,2,9,6,54,616,580,620,660,52,4,6.4206,0.0851,580,651
Remuera South,House,1,15,6,24,712,590,695,825,191,3.94,6.5281,0.3068,556,841
Remuera South,House,2,12,15,33,788,644,785,902,170,4,6.6491,0.2117,669,891
Remuera South,House,3,21,30,96,897,796,885,900,233,3.92,6.7717,0.2319,746,1021
Remuera South,House,4,27,27,72,1123,990,1080,1300,264,3.85,7.0001,0.2185,946,1271
Remuera South,House,5+,9,12,18,1411,1310,1410,1500,158,3.87,7.247,0.1123,1301,1514
Remuera South,House,NA,39,15,57,799,420,795,1050,384,3.94,6.5688,0.4909,512,992
Remuera Waiata,Apartment,2,9,3,21,691,625,650,668,190,3.79,6.5109,0.2392,572,790
Remuera Waiata,Flat,2,12,6,27,634,581,625,688,71,4,6.4465,0.1103,585,679
Remuera Waiata,House,1,6,0,6,1002,724,773,1399,494,3.73,6.8119,0.4785,658,1255
Remuera Waiata,House,2,9,9,15,813,620,650,975,287,3.69,6.6518,0.3298,620,967
Remuera Waiata,House,3,15,12,57,838,765,900,935,321,4.31,6.3186,1.7651,169,1825
Remuera Waiata,House,4,15,9,39,943,425,995,1300,532,3.88,6.6542,0.7,484,1244
Remuera Waiata,House,NA,9,9,18,962,800,850,1116,244,4.18,6.8425,0.2337,800,1097
Remuera Waiatarua,Flat,1,6,0,6,561,443,500,619,184,3.37,6.2937,0.3035,441,664
Remuera Waiatarua,Flat,2,9,6,27,596,545,560,605,109,3.68,6.3781,0.1627,528,657
Remuera Waiatarua,House,2,6,3,36,641,560,665,691,98,3.99,6.4527,0.1569,571,705
Remuera Waiatarua,House,3,30,21,114,845,750,780,938,209,3.81,6.7091,0.2563,690,975
Remuera Waiatarua,House,4,18,18,48,927,876,983,1091,291,3.89,6.7428,0.5165,598,1201
Remuera Waiatarua,House,NA,9,3,21,922,808,950,1050,191,4,6.8042,0.2288,773,1052
Remuera Waitaramoa,Apartment,2,12,6,27,642,553,595,675,126,3.91,6.4492,0.1794,560,714
Remuera Waitaramoa,Apartment,3,6,0,12,1838,1550,1800,2088,879,3.2,7.4163,0.5405,1155,2394
Remuera Waitaramoa,Flat,1,6,3,15,551,499,540,593,84,3.79,6.3036,0.1508,494,605
Remuera Waitaramoa,House,1,9,3,18,995,575,1200,1380,427,4,6.8085,0.4743,658,1247
Remuera Waitaramoa,House,2,15,9,33,700,650,665,719,122,3.62,6.5389,0.1611,620,771
Remuera Waitaramoa,House,3,27,24,69,969,785,890,1080,336,3.76,6.8384,0.2585,784,1111
Remuera Waitaramoa,House,4,21,15,42,1362,935,1100,1600,787,3.94,7.0496,0.6212,758,1752
Remuera Waitaramoa,House,5,6,0,3,1486,1338,1473,1621,192,4,7.2977,0.1292,1354,1611
Remuera Waitaramoa,House,5+,9,15,21,1696,1250,1500,1900,506,4,7.3993,0.2807,1353,1976
Remuera Waitaramoa,House,NA,15,12,27,1446,850,1150,1600,1107,4,7.0766,0.6225,778,1802
Royal Oak East (Auckland),Apartment,2,6,3,24,584,565,593,605,47,3.88,6.3666,0.0825,551,615
Royal Oak East (Auckland),Flat,1,12,6,24,520,453,515,550,85,3.76,6.2412,0.1597,461,572
Royal Oak East (Auckland),Flat,2,33,21,144,572,525,570,600,55,3.98,6.3442,0.0938,534,606
Royal Oak East (Auckland),House,1,12,6,12,665,571,613,713,198,3.76,6.4613,0.2921,525,779
Royal Oak East (Auckland),House,2,12,21,75,581,576,598,618,98,3.78,6.3459,0.2278,489,665
Royal Oak East (Auckland),House,3,30,24,87,703,669,710,784,141,3.87,6.5307,0.2367,585,805
Royal Oak East (Auckland),House,4,12,12,36,648,355,658,914,290,3.9,6.3696,0.4824,422,808
Royal Oak East (Auckland),House,NA,36,15,42,909,695,1000,1100,230,3.96,6.7733,0.3033,712,1073
Royal Oak East (Auckland),Room,NA,12,3,9,449,423,460,470,45,2.59,6.1029,0.1013,418,479
Royal Oak West (Auckland),House,1,6,0,3,590,434,600,756,201,3.1,6.3339,0.3554,443,716
Royal Oak West (Auckland),House,2,9,6,24,712,585,620,860,159,3.78,6.5469,0.2121,604,804
Royal Oak West (Auckland),House,3,30,30,75,775,735,775,800,68,3.87,6.6495,0.0886,728,820
Royal Oak West (Auckland),House,4,24,15,51,964,891,945,1000,130,3.96,6.8635,0.1259,879,1042
Royal Oak West (Auckland),House,NA,12,12,27,675,240,655,1009,431,3.69,6.2957,0.7173,334,880
Saint Heliers North,Apartment,2,6,6,24,920,678,690,1074,393,4,6.7593,0.379,668,1113
Saint Heliers North,Apartment,3,9,6,9,884,708,850,1068,238,4,6.7532,0.2725,713,1030
Saint Heliers North,Flat,1,6,3,18,678,433,465,710,483,3.36,6.3669,0.5931,390,869
Saint Heliers North,Flat,2,6,9,48,673,540,635,676,224,4,6.4741,0.277,538,781
Saint Heliers North,House,2,12,9,36,845,698,725,760,357,3.78,6.6804,0.3345,636,998
Saint Heliers North,House,3,30,27,87,878,799,850,914,186,3.8,6.7534,0.2348,731,1004
Saint Heliers North,House,4,15,15,60,1252,960,1350,1450,333,3.86,7.0978,0.2784,1002,1459
Saint Heliers North,House,NA,9,21,21,1209,870,995,1350,508,4,7.0298,0.3779,876,1458
Saint Heliers South,Apartment,1,6,0,9,503,478,503,528,74,3.66,6.2103,0.1503,450,551
Saint Heliers South,Apartment,2,9,6,27,634,590,660,675,76,3.8,6.4451,0.1276,578,686
Saint Heliers South,Flat,1,12,3,30,499,465,465,499,75,3.8,6.2035,0.1383,450,543
Saint Heliers South,Flat,2,21,18,75,618,593,610,650,105,3.84,6.4145,0.1591,548,680
Saint Heliers South,House,2,24,12,39,698,600,663,746,139,3.87,6.5315,0.1847,606,777
Saint Heliers South,House,3,24,12,84,881,749,873,950,160,3.93,6.7669,0.1708,774,975
Saint Heliers South,House,4,12,18,54,1069,913,998,1079,294,4.08,6.9474,0.2245,894,1211
Saint Heliers South,House,5+,9,12,18,1310,1125,1250,1385,303,3.87,7.1571,0.2141,1111,1483
Saint Heliers South,House,NA,15,18,27,1240,750,875,1100,806,4,6.9866,0.4945,775,1510
Saint Heliers West,Apartment,2,6,12,21,693,610,685,775,102,3.81,6.5326,0.1465,623,759
Saint Heliers West,Apartment,NA,6,3,3,749,688,748,809,90,4,6.6129,0.1212,686,808
Saint Heliers West,Flat,2,6,6,27,630,588,650,683,63,3.48,6.4413,0.1023,585,672
Saint Heliers West,House,2,15,18,33,724,650,745,825,133,3.87,6.5683,0.1913,626,810
Saint Heliers West,House,3,21,15,60,887,785,810,930,357,3.79,6.7178,0.4005,631,1083
Saint Heliers West,House,4,18,18,45,1233,1100,1200,1350,246,3.8,7.0997,0.1938,1063,1381
Saint Heliers West,House,NA,12,9,24,1106,900,1125,1300,306,3.84,6.9702,0.2951,872,1299
Saint Johns East,Apartment,1,6,0,12,380,355,450,475,169,2.49,5.8177,0.6409,218,518
Saint Johns East,Apartment,2,12,9,33,560,496,550,614,71,3.87,6.32,0.1249,511,604
Saint Johns East,Flat,1,12,12,81,399,393,460,479,160,3.74,5.8586,0.623,230,533
Saint Johns East,Flat,2,30,30,162,556,524,550,601,73,3.65,6.311,0.1403,501,605
Saint Johns East,House,1,12,3,12,536,495,520,594,65,4,6.2767,0.1206,490,577
Saint Johns East,House,2,15,18,66,547,550,575,585,141,3.42,6.2381,0.4685,373,702
Saint Johns East,House,3,36,27,108,749,630,710,760,278,3.52,6.5775,0.2708,599,863
Saint Johns East,House,4,9,6,36,951,888,953,998,96,3.87,6.8527,0.1007,884,1013
Saint Johns West,House,2,6,3,9,754,734,768,788,50,4,6.6234,0.0675,719,788
Saint Johns West,House,3,18,18,69,836,758,830,858,112,4,6.7208,0.1226,764,901
Saint Johns West,House,4,15,18,57,966,850,940,1050,150,3.98,6.8625,0.1479,865,1056
Saint Johns West,House,NA,12,6,15,1004,839,910,1063,247,4,6.8871,0.2244,842,1140
Stonefields West,Apartment,1,6,6,9,530,510,545,565,57,2.94,6.2683,0.1123,489,569
Stonefields West,Apartment,2,6,6,21,731,728,735,753,37,4,6.5936,0.052,705,756
Stonefields West,House,3,18,12,33,914,868,893,920,86,4,6.8137,0.0882,858,966
Stonefields West,House,4,18,21,54,1032,973,1000,1113,120,3.9,6.9331,0.1165,948,1110
Stonefields West,House,NA,12,3,24,1063,984,1125,1200,171,4,6.9553,0.1774,930,1182
Three Kings East,Apartment,1,6,0,18,534,499,515,583,47,4,6.2766,0.0867,502,564
Three Kings East,Apartment,2,6,3,12,706,686,695,738,42,3.83,6.5579,0.059,677,733
Three Kings East,House,2,6,9,39,666,650,660,673,60,3.82,6.4982,0.0887,625,705
Three Kings East,House,3,18,15,45,823,750,813,899,163,3.97,6.6939,0.2014,705,925
Three Kings East,House,4,18,12,21,967,885,925,1015,145,3.6,6.864,0.1434,869,1054
Three Kings East,House,NA,12,6,24,802,645,770,910,193,3.91,6.6607,0.2442,662,921
Three Kings West,Flat,1,15,3,15,345,250,280,480,166,3.51,5.7497,0.4407,233,423
Three Kings West,House,2,9,6,21,676,608,670,705,129,3.86,6.5022,0.1826,589,754
Three Kings West,House,3,18,18,51,729,660,725,870,146,3.67,6.568,0.2363,607,835
Three Kings West,House,4,6,6,12,1033,899,955,1075,248,4,6.9193,0.2195,872,1173
Three Kings West,House,NA,9,3,12,855,750,890,900,140,4,6.7398,0.1617,758,943
Waikowhai North,House,1,9,3,12,531,409,550,625,134,4,6.2468,0.2566,434,614
Waikowhai North,House,2,9,6,21,565,550,560,630,94,4,6.322,0.1917,489,634
Waikowhai North,House,3,18,18,84,661,633,665,695,51,4,6.49,0.0809,624,695
Waikowhai North,House,4,9,6,21,760,730,750,805,72,3.68,6.6295,0.0952,710,807
Waikowhai North,House,NA,6,6,6,668,575,700,773,122,4,6.49,0.1911,579,749
Waikowhai South,Flat,1,6,6,15,499,424,460,503,148,3.48,6.182,0.2549,408,575
Waikowhai South,House,1,6,0,6,682,546,668,823,224,4,6.476,0.3486,513,821
Waikowhai South,House,3,18,12,51,731,695,740,765,70,3.76,6.5906,0.0962,682,777
Waikowhai South,House,4,9,9,33,896,880,915,950,114,3.62,6.7894,0.1359,811,974
Waikowhai South,House,5+,6,9,18,1037,870,993,1150,189,3.87,6.9299,0.1776,907,1153
Waikowhai South,House,NA,6,6,15,724,700,795,850,178,4.02,6.5544,0.2918,577,855
Awhitu,House,2,6,9,18,502,479,500,520,51,3.87,6.2139,0.1007,467,535
Awhitu,House,3,15,15,42,555,495,575,618,85,3.74,6.3077,0.1587,493,611
Bucklands Beach Central,Flat,2,6,6,15,585,550,585,620,40,3.53,6.3698,0.0692,557,612
Bucklands Beach Central,House,2,15,6,24,646,550,600,650,176,3.81,6.4455,0.2154,545,728
Bucklands Beach Central,House,3,9,15,60,770,735,770,860,103,3.91,6.6383,0.1402,695,840
Bucklands Beach Central,House,4,12,18,33,867,870,880,910,96,3.71,6.7586,0.1202,794,934
Bucklands Beach Central,House,NA,12,0,21,986,873,925,1038,235,3.99,6.8696,0.2295,825,1124
Bucklands Beach North,House,3,15,18,48,800,780,800,830,150,3.68,6.6678,0.1992,688,900
Bucklands Beach North,House,4,21,18,57,964,855,950,1075,147,3.75,6.8601,0.1507,861,1055
Bucklands Beach North,House,5+,15,9,24,1210,875,1000,1200,730,3.28,6.9888,0.4529,799,1472
Bucklands Beach North,House,NA,18,15,33,795,671,813,903,192,4,6.6492,0.2496,653,914
Bucklands Beach South,Flat,2,9,3,27,641,560,580,650,148,4,6.442,0.206,546,721
Bucklands Beach South,House,1,6,3,12,589,450,600,698,126,3.94,6.3572,0.2198,497,669
Bucklands Beach South,House,2,27,18,75,613,590,610,650,58,3.81,6.4136,0.0961,572,651
Bucklands Beach South,House,3,72,66,186,727,680,720,750,70,3.79,6.5841,0.094,679,771
Bucklands Beach South,House,4,33,27,99,904,795,840,930,384,3.64,6.7626,0.2623,725,1032
Bucklands Beach South,House,5+,18,18,27,985,923,958,1063,128,3.8,6.8852,0.1283,897,1066
Bucklands Beach South,House,NA,51,18,63,731,660,720,755,107,3.96,6.584,0.1401,658,795
Eastern Beach,House,2,18,15,30,658,580,650,663,162,3.81,6.4639,0.2288,550,749
Eastern Beach,House,3,18,12,60,773,700,760,830,107,3.84,6.6413,0.1357,699,840
Eastern Beach,House,4,15,15,39,961,880,975,1100,189,3.96,6.8477,0.2134,815,1088
Eastern Beach,House,NA,12,15,21,780,700,745,850,149,4.19,6.6428,0.1881,676,871
Farm Cove,House,1,9,3,9,709,535,695,880,183,3.32,6.535,0.2625,577,822
Farm Cove,House,2,6,6,18,668,645,673,695,33,3.28,6.5026,0.0493,645,689
Farm Cove,House,3,21,21,48,725,670,700,760,78,3.9,6.5812,0.104,673,774
Farm Cove,House,4,9,12,36,839,770,800,915,94,3.82,6.7265,0.1114,774,899
Farm Cove,House,5+,6,6,12,1353,1290,1400,1463,287,3.69,7.191,0.2295,1137,1550
Farm Cove,House,NA,12,3,21,817,700,870,890,141,3.96,6.6914,0.1775,715,908
Favona East,House,4,9,12,33,851,800,850,900,102,3.7,6.7397,0.1215,779,917
Favona East,House,NA,12,3,21,701,585,695,788,225,3.81,6.5076,0.3082,544,825
Favona North,House,3,18,15,63,653,594,663,705,71,4,6.475,0.1122,601,700
Favona North,House,4,9,6,27,817,675,780,850,183,3.58,6.6852,0.2121,694,924
Favona North,House,NA,9,3,18,662,550,660,735,111,3.99,6.4824,0.1659,584,731
Favona West,House,1,9,3,12,493,215,620,670,222,3.86,6.0752,0.5713,296,639
Favona West,House,2,6,15,36,573,550,550,561,50,3.76,6.3481,0.081,541,603
Favona West,House,3,18,21,69,658,634,650,691,46,3.88,6.4871,0.0709,626,689
Favona West,House,4,6,3,39,849,843,865,871,40,3.49,6.7429,0.0478,821,876
Favona West,House,NA,51,6,66,631,600,648,675,85,3.98,6.4283,0.2416,526,729
Glen Innes East-Wai O Taiki Bay,House,1,15,9,18,708,565,600,825,180,3.56,6.535,0.2439,584,812
Glen Innes East-Wai O Taiki Bay,House,2,39,21,213,418,132,405,650,288,3.72,5.7286,0.8518,173,546
Glen Innes East-Wai O Taiki Bay,House,3,48,30,339,589,280,710,773,269,3.71,6.1994,0.6966,308,788
Glen Innes East-Wai O Taiki Bay,House,4,36,18,117,661,200,828,879,336,3.76,6.2703,0.7765,313,893
Glen Innes East-Wai O Taiki Bay,House,5+,12,3,30,342,197,240,328,271,1.98,5.6502,0.5807,192,421
Glen Innes East-Wai O Taiki Bay,House,NA,42,15,75,715,643,708,799,189,4,6.5348,0.303,561,845
Glendowie South,House,1,6,3,3,756,544,750,963,254,4,6.5844,0.3449,574,913
Glendowie South,House,2,9,9,21,680,595,670,740,96,3.85,6.514,0.1385,614,741
Glendowie South,House,3,45,36,108,839,783,850,878,105,3.73,6.7252,0.1201,768,903
Glendowie South,House,4,18,21,54,1100,965,1050,1250,203,4,6.9879,0.1807,959,1224
Glendowie South,House,5+,6,6,12,1213,1100,1125,1238,193,3.76,7.0917,0.1491,1087,1329
Glendowie South,House,NA,12,12,24,910,800,880,990,170,4,6.798,0.1821,792,1013
Half Moon Bay North East,House,3,36,30,90,718,675,720,765,84,3.75,6.5701,0.1173,659,772
Half Moon Bay North East,House,4,24,21,69,861,818,855,900,96,3.66,6.7515,0.1185,790,927
Half Moon Bay North East,House,5+,6,6,12,910,858,980,1033,251,4,6.7786,0.3201,708,1091
Half Moon Bay North East,House,NA,15,9,18,878,840,900,920,93,4,6.7728,0.1094,812,941
Half Moon Bay South East,Apartment,2,6,0,3,580,575,580,585,16,4,6.3627,0.0282,569,591
Half Moon Bay South East,House,2,12,9,42,734,579,598,644,405,3.25,6.5202,0.3555,534,863
Half Moon Bay South East,House,3,69,54,186,681,650,680,700,43,4.02,6.522,0.0624,652,709
Half Moon Bay South East,House,4,18,12,42,783,760,790,815,51,3.78,6.6612,0.0658,748,817
Half Moon Bay South East,House,NA,12,6,21,696,640,680,780,106,4.05,6.5342,0.1536,621,763
Half Moon Bay West,House,2,9,15,30,597,565,580,618,47,3.65,6.3896,0.0772,565,627
Half Moon Bay West,House,3,21,18,57,712,665,700,750,69,3.93,6.5637,0.0942,665,755
Half Moon Bay West,House,4,18,6,48,844,753,840,890,165,3.96,6.72,0.193,728,944
Half Moon Bay West,House,NA,15,6,24,791,703,763,885,138,3.75,6.6594,0.1732,694,877
Mangere Bridge,House,1,18,0,24,565,603,620,650,203,4.12,6.2148,0.6102,331,755
Mangere Bridge,House,2,9,15,57,650,605,625,705,64,3.74,6.4733,0.0983,606,692
Mangere Bridge,House,3,24,12,81,791,695,720,808,350,3.6,6.6091,0.3571,583,944
Mangere Bridge,House,NA,18,6,30,715,628,708,778,102,4,6.563,0.1401,645,779
Mangere Bridge Ambury,House,1,15,0,18,647,523,645,775,145,3.73,6.4466,0.2369,537,740
Mangere Bridge Ambury,House,2,15,15,42,551,500,630,650,166,3.92,6.187,0.6952,304,777
Mangere Bridge Ambury,House,3,24,12,87,712,660,700,735,76,3.56,6.5628,0.1015,661,758
Mangere Bridge Ambury,House,NA,15,9,27,706,643,698,773,180,4.01,6.5279,0.263,573,817
Mangere Mountain View,House,1,18,3,21,561,453,650,678,210,3.89,6.1948,0.6508,316,760
Mangere Mountain View,House,3,24,75,159,688,670,695,750,87,3.89,6.5236,0.1535,614,755
Mangere Mountain View,House,4,12,15,63,691,600,818,875,275,4,6.4102,0.6109,403,918
Mangere Mountain View,House,NA,117,15,135,629,603,660,694,154,4.02,6.4133,0.2576,513,726
Mangere Mountain View,Room,NA,6,3,3,246,230,240,273,30,4,5.4984,0.1231,225,265
Mangere North,House,1,30,0,36,562,508,520,615,74,4,6.3233,0.1264,512,607
Mangere North,House,2,9,21,30,625,620,625,630,15,4,6.4375,0.0245,615,635
Mangere North,House,3,9,18,45,674,645,700,700,32,4,6.5117,0.0476,652,695
Mangere North,House,NA,78,12,81,568,500,575,616,90,4,6.3274,0.1915,492,637
Mangere West,House,2,12,15,27,610,583,612,629,35,4,6.4119,0.056,586,632
Mangere West,House,3,18,18,75,677,650,680,714,64,3.54,6.5133,0.0967,631,719
Mangere West,House,4,9,6,30,756,720,750,790,68,4,6.6239,0.0886,709,799
Mangere West,House,NA,39,3,42,613,550,600,650,118,4.02,6.3928,0.2639,500,714
Mount Wellington Central,Apartment,1,132,45,126,619,610,630,650,92,4.06,6.3526,0.7153,354,930
Mount Wellington Central,Apartment,2,99,33,117,769,750,760,790,78,3.99,6.64,0.1058,712,822
Mount Wellington Central,Apartment,3,6,0,6,1056,974,1037,1119,148,4,6.955,0.1381,955,1151
Mount Wellington Central,Boarding House,NA,18,0,18,373,370,370,385,16,3.99,5.9216,0.0418,363,384
Mount Wellington Central,Flat,1,9,3,18,453,420,440,480,46,3.95,6.1113,0.0991,422,482
Mount Wellington Central,Flat,2,21,18,84,548,530,535,570,110,4.04,6.2744,0.2979,434,649
Mount Wellington Central,House,1,18,9,21,526,435,570,653,216,3.91,6.116,0.6763,287,715
Mount Wellington Central,House,2,21,18,75,590,540,600,643,59,3.79,6.3753,0.1013,548,629
Mount Wellington Central,House,3,57,48,195,701,671,700,746,84,3.83,6.5413,0.1723,617,779
Mount Wellington Central,House,4,30,21,72,870,798,850,943,130,4.02,6.7576,0.1491,778,952
Mount Wellington Central,House,NA,33,12,48,705,608,730,806,220,3.83,6.4869,0.4505,484,890
Mount Wellington Central,Room,NA,15,3,9,402,400,400,405,17,2.52,5.9965,0.0408,391,413
Mount Wellington East,Apartment,2,9,6,27,502,483,500,523,72,3.65,6.2092,0.1503,449,550
Mount Wellington East,Flat,2,21,12,69,564,550,560,590,81,3.86,6.3237,0.1558,502,619
Mount Wellington East,House,1,6,3,15,528,460,535,601,164,4,6.2192,0.3569,395,639
Mount Wellington East,House,2,15,15,42,549,518,580,620,125,3.81,6.2665,0.3493,416,667
Mount Wellington East,House,3,30,30,123,848,645,690,760,842,3.04,6.5746,0.4966,513,1002
Mount Wellington East,House,4,9,9,33,791,750,760,850,112,3.88,6.6645,0.1366,715,860
Mount Wellington East,House,NA,21,15,27,709,611,650,788,184,3.97,6.5326,0.26,577,819
Mount Wellington East,Room,NA,9,3,9,420,390,430,450,39,2.65,6.0374,0.0933,393,446
Mount Wellington Ferndale,Apartment,2,12,15,30,585,535,610,673,129,3.82,6.337,0.3075,459,695
Mount Wellington Ferndale,Flat,1,6,0,18,430,360,443,501,83,3.46,6.0463,0.2032,368,485
Mount Wellington Ferndale,Flat,2,24,18,102,536,521,550,569,94,3.97,6.2569,0.2761,433,628
Mount Wellington Ferndale,Flat,3,6,0,21,582,513,565,640,83,4,6.3576,0.1405,525,634
Mount Wellington Ferndale,House,1,18,3,21,524,490,530,561,113,3.88,6.2371,0.2427,434,602
Mount Wellington Ferndale,House,2,42,42,93,568,550,580,618,92,3.84,6.3137,0.3043,450,678
Mount Wellington Ferndale,House,3,45,57,147,707,673,710,750,74,3.92,6.5549,0.1203,648,762
Mount Wellington Ferndale,House,4,18,12,45,781,711,795,829,74,3.97,6.6559,0.0959,729,829
Mount Wellington Ferndale,House,NA,21,12,27,667,620,650,688,136,4,6.4851,0.1877,577,744
Mount Wellington North East,Apartment,1,9,9,18,496,475,490,545,55,4,6.2001,0.113,457,532
Mount Wellington North East,Apartment,2,18,12,42,569,550,573,600,40,3.94,6.3418,0.0708,541,596
Mount Wellington North East,Flat,1,12,0,48,437,396,420,470,56,3.89,6.0728,0.1242,399,472
Mount Wellington North East,Flat,2,15,15,57,533,500,550,570,50,3.94,6.2748,0.0975,497,567
Mount Wellington North East,House,1,6,0,15,544,530,560,583,60,3.88,6.2924,0.1186,499,585
Mount Wellington North East,House,2,15,12,42,566,500,565,580,86,3.65,6.3292,0.1455,508,619
Mount Wellington North East,House,3,18,15,69,733,683,745,750,77,3.95,6.5925,0.1036,680,782
Mount Wellington North East,House,4,6,9,21,812,796,885,939,203,4,6.658,0.3414,619,981
Mount Wellington North East,House,5+,6,0,9,364,235,235,364,258,4,5.7497,0.5802,212,465
Mount Wellington North East,House,NA,6,6,6,720,633,675,763,161,4,6.5619,0.2111,614,816
Mount Wellington North West,Apartment,1,12,6,21,477,450,470,500,42,3.84,6.1636,0.0865,448,504
Mount Wellington North West,Apartment,2,9,9,24,561,505,560,600,55,3.9,6.3252,0.0975,523,596
Mount Wellington North West,Flat,1,6,6,18,450,433,465,483,50,3.79,6.1044,0.1153,414,484
Mount Wellington North West,Flat,2,27,12,84,698,520,580,600,484,3.04,6.4371,0.3968,478,816
Mount Wellington North West,House,1,9,3,18,550,455,600,635,122,3.93,6.2848,0.2361,457,629
Mount Wellington North West,House,2,21,30,72,598,545,600,640,62,3.83,6.3886,0.1031,555,638
Mount Wellington North West,House,3,36,27,93,706,650,680,710,98,3.89,6.5515,0.1289,642,764
Mount Wellington North West,House,4,6,3,21,944,839,900,1063,151,4,6.8398,0.1576,840,1039
Mount Wellington North West,House,NA,21,12,27,737,650,700,825,176,3.93,6.577,0.2279,616,838
Mount Wellington South East,Flat,2,12,9,48,511,486,515,540,55,3.91,6.2299,0.1117,471,547
Mount Wellington South East,House,1,9,3,9,499,463,480,613,169,4,6.1403,0.4594,341,633
Mount Wellington South East,House,2,15,21,39,644,570,680,715,83,3.88,6.4603,0.1313,585,698
Mount Wellington South East,House,3,27,36,78,669,635,685,720,60,3.89,6.5025,0.0921,627,710
Mount Wellington South East,House,NA,30,3,33,626,610,650,685,152,4,6.381,0.429,442,789
Mount Wellington South West,Apartment,2,6,0,6,565,523,540,583,79,4,6.3299,0.134,513,614
Mount Wellington South West,Flat,2,15,12,30,547,500,535,600,54,3.54,6.299,0.0999,509,582
Mount Wellington South West,House,1,15,3,15,649,580,680,813,221,3.95,6.3861,0.5004,424,832
Mount Wellington South West,House,2,51,48,57,621,600,630,650,50,3.91,6.4275,0.0833,585,654
Mount Wellington South West,House,3,51,54,129,682,643,700,758,124,3.86,6.5019,0.2356,568,781
Mount Wellington South West,House,4,15,18,36,807,788,800,850,61,3.8,6.691,0.0773,764,848
Mount Wellington South West,House,NA,111,15,117,701,650,720,760,106,4.45,6.5336,0.2367,586,807
Mount Wellington West,Flat,1,6,0,24,370,353,390,390,32,3.3,5.9103,0.0886,347,392
Mount Wellington West,Flat,2,9,6,21,514,510,540,564,148,3.97,6.184,0.4152,366,642
Mount Wellington West,House,1,6,3,9,629,570,615,700,107,4.15,6.4306,0.1753,551,698
Mount Wellington West,House,2,18,18,51,639,610,645,680,51,3.78,6.456,0.0823,602,673
Mount Wellington West,House,3,48,48,159,670,668,700,750,156,3.84,6.4611,0.3548,504,813
Mount Wellington West,House,4,12,6,48,751,708,795,865,216,7.4,6.5462,0.487,502,967
Mount Wellington West,House,NA,30,12,36,734,660,738,788,123,4.02,6.5861,0.159,651,807
Onehunga Central,Apartment,1,21,12,51,560,525,560,580,48,3.82,6.3236,0.085,527,590
Onehunga Central,Apartment,2,24,18,72,589,561,595,645,120,3.76,6.3317,0.3916,432,732
Onehunga Central,Apartment,4,6,0,12,422,230,240,655,289,3.24,5.8654,0.6305,230,540
Onehunga Central,Apartment,NA,6,0,6,618,580,605,643,91,4,6.4177,0.1449,556,675
Onehunga Central,Flat,1,15,6,36,438,440,450,455,30,3.62,6.0792,0.0717,416,458
Onehunga Central,Flat,2,15,15,78,698,550,565,595,491,3.24,6.4407,0.3918,481,816
Onehunga Central,House,1,21,18,54,548,460,550,640,162,3.77,6.2538,0.3641,407,665
Onehunga Central,House,2,21,24,72,575,550,595,625,120,3.67,6.3188,0.3199,447,689
Onehunga Central,House,3,30,27,105,758,691,758,830,81,3.89,6.6249,0.1074,701,810
Onehunga Central,House,4,15,9,27,847,799,850,900,72,4.05,6.7385,0.087,796,895
Onehunga Central,House,NA,60,21,81,632,610,630,680,132,3.64,6.423,0.2504,520,729
Onehunga Central,Room,NA,21,12,24,429,410,420,435,94,2,6.0443,0.181,373,476
Onehunga-Te Papapa Industrial,Apartment,2,15,18,39,661,635,650,700,55,3.28,6.4912,0.0809,624,696
Onehunga-Te Papapa Industrial,House,2,15,12,45,564,575,590,600,114,4,6.3009,0.3158,440,674
Onehunga-Te Papapa Industrial,House,NA,24,6,33,630,590,660,680,73,3.96,6.4385,0.1267,574,681
Oneroa East-Palm Beach,House,1,6,0,3,838,750,775,863,144,3.37,6.7203,0.1604,744,924
Oneroa East-Palm Beach,House,2,6,9,12,683,611,690,746,77,3.84,6.5216,0.1142,629,734
Oneroa East-Palm Beach,House,3,9,6,9,735,600,600,840,234,2.99,6.5622,0.2782,587,854
Oneroa East-Palm Beach,House,NA,12,0,12,723,550,660,750,227,3.79,6.5443,0.285,574,843
Oranga,Apartment,2,6,6,15,595,578,595,613,45,4,6.3864,0.076,564,625
Oranga,Flat,2,6,3,15,446,493,500,500,179,4,5.9544,0.7162,238,625
Oranga,House,1,6,9,15,568,450,465,570,221,4.58,6.2915,0.3251,434,672
Oranga,House,2,9,15,45,648,620,640,680,80,4,6.4674,0.1265,591,701
Oranga,House,3,21,18,72,731,665,750,820,133,3.71,6.575,0.2141,621,828
Oranga,House,4,6,6,18,757,663,733,829,115,3.99,6.6196,0.1485,678,829
Oranga,House,NA,30,9,39,635,589,615,685,113,4,6.4385,0.1721,557,702
Ostend,House,1,9,3,9,537,450,500,600,110,3.25,6.2694,0.1956,463,603
Ostend,House,2,12,12,21,661,605,625,694,136,3.65,6.4771,0.1887,572,738
Ostend,House,3,12,12,15,757,700,750,793,103,3.38,6.6209,0.1313,687,820
Ostend,House,4,6,3,9,663,575,750,838,325,3.28,6.3476,0.7106,354,922
Ostend,House,NA,18,3,15,686,500,675,815,218,4,6.4851,0.3118,531,809
Ostend,Room,NA,6,6,6,200,200,200,200,,1.5,5.2983,0,200,200
Pakuranga Central,Apartment,2,6,3,3,573,519,550,604,74,4,6.3439,0.126,523,619
Pakuranga Central,Flat,2,6,9,36,557,546,550,565,23,3.48,6.3213,0.0404,541,572
Pakuranga Central,House,1,12,3,18,683,585,675,759,175,3.75,6.4966,0.2514,559,785
Pakuranga Central,House,2,12,27,54,609,575,595,645,77,4,6.4044,0.1243,556,657
Pakuranga Central,House,3,54,48,144,678,650,710,740,132,3.87,6.4846,0.3139,530,809
Pakuranga Central,House,4,27,24,90,800,760,795,850,81,3.8,6.6794,0.0988,745,851
Pakuranga Central,House,NA,45,18,69,739,660,750,780,112,4.02,6.5946,0.1408,665,804
Pakuranga West,Apartment,2,12,3,15,543,534,565,576,55,3.82,6.291,0.1088,502,581
Pakuranga West,Flat,1,6,6,12,416,386,420,450,39,2.81,6.0279,0.0953,389,442
Pakuranga West,Flat,2,9,15,45,603,530,550,595,169,3.49,6.3757,0.2195,507,681
Pakuranga West,House,1,12,0,24,610,559,625,698,103,4.08,6.3982,0.1875,529,682
Pakuranga West,House,2,30,30,81,592,550,593,621,85,3.97,6.375,0.1343,536,643
Pakuranga West,House,3,36,42,177,682,638,665,720,69,3.82,6.5202,0.0984,635,725
Pakuranga West,House,4,12,12,42,754,700,735,808,68,3.81,6.6218,0.0896,707,798
Pakuranga West,House,NA,33,18,51,702,650,700,750,77,4,6.5484,0.1112,648,753
Panmure East,Apartment,2,21,3,51,496,505,560,590,163,3.75,6.109,0.5288,315,643
Panmure East,Flat,1,12,3,48,236,123,130,360,177,3.21,5.2324,0.7018,117,301
Panmure East,Flat,2,18,6,105,456,404,545,573,202,3.71,5.9654,0.6627,249,609
Panmure East,House,1,12,3,18,545,478,560,695,185,3.95,6.2331,0.4166,385,675
Panmure East,House,2,33,24,114,541,540,580,610,150,3.78,6.2117,0.5059,354,701
Panmure East,House,3,45,39,183,603,548,675,750,220,3.83,6.2921,0.5479,373,782
Panmure East,House,4,15,12,54,762,780,800,850,168,3.92,6.5969,0.3318,586,917
Panmure East,House,NA,33,24,51,681,655,710,750,142,3.96,6.4807,0.3636,511,834
Panmure Glen Innes Industrial,House,1,15,0,15,402,390,390,400,22,4,5.9959,0.0523,388,416
Panmure Glen Innes Industrial,House,NA,93,51,54,411,390,390,440,25,3.99,6.0171,0.0603,394,427
Panmure West,House,4,6,6,3,834,820,820,850,20,4.03,6.7257,0.0237,820,847
Penrose,House,2,6,12,15,529,523,545,579,103,3.64,6.2506,0.2341,443,607
Penrose,House,3,6,3,24,756,738,750,756,48,3.9,6.6267,0.0611,725,787
Penrose,House,4,6,3,9,745,673,740,813,95,3.56,6.6072,0.1281,679,807
Point England,Apartment,1,9,3,36,96,88,88,90,16,1.77,4.5567,0.1529,86,106
Point England,Apartment,2,24,9,90,242,90,124,347,222,3.17,5.1451,0.8,100,294
Point England,Apartment,3,9,3,12,394,203,271,585,240,3.39,5.8057,0.641,216,512
Point England,Flat,1,9,0,111,103,89,90,116,20,1.97,4.6207,0.1862,90,115
Point England,House,1,9,3,15,304,127,134,533,228,3.55,5.4424,0.8107,134,399
Point England,House,2,36,27,195,357,104,172,636,258,3.33,5.5429,0.8745,142,461
Point England,House,3,60,33,363,451,163,347,729,283,3.45,5.8657,0.7476,213,584
Point England,House,4,21,24,69,738,700,760,840,224,3.66,6.5253,0.4804,493,943
Point England,House,5+,9,3,27,692,310,860,908,427,3.23,6.3329,0.737,342,925
Point England,House,NA,60,6,78,631,565,595,708,100,4.03,6.4341,0.1632,558,695
Stonefields East,Apartment,1,9,9,15,568,550,550,580,49,4,6.3385,0.0845,535,599
Stonefields East,Apartment,2,9,12,33,711,685,695,750,54,3.91,6.5635,0.0763,673,746
Stonefields East,House,2,15,15,36,751,720,750,750,67,3.77,6.6181,0.0852,707,793
Stonefields East,House,3,21,15,69,873,850,860,890,35,3.9,6.7714,0.0394,850,896
Stonefields East,House,4,18,18,60,1011,929,975,1063,102,4,6.9143,0.0981,942,1075
Stonefields East,House,NA,18,12,27,936,819,888,1043,193,4,6.8222,0.2021,801,1052
Sunnyhills East,House,2,15,6,42,589,580,600,620,59,4.01,6.3741,0.1034,547,629
Sunnyhills East,House,3,30,24,111,672,650,668,700,55,3.94,6.5068,0.0811,634,707
Sunnyhills East,House,4,12,9,42,828,775,835,879,77,4,6.715,0.0945,774,879
Sunnyhills East,House,5+,9,3,12,905,850,890,923,98,4,6.8032,0.1031,840,966
Sunnyhills East,House,NA,15,9,24,742,693,750,800,109,4,6.5995,0.1502,664,813
Sunnyhills West-Pakuranga North,Flat,2,6,9,21,568,494,510,635,102,3.89,6.3292,0.1706,500,629
Sunnyhills West-Pakuranga North,House,1,9,3,6,584,510,600,610,114,4,6.355,0.1874,507,653
Sunnyhills West-Pakuranga North,House,2,12,18,36,601,525,580,610,122,3.81,6.3827,0.1786,524,667
Sunnyhills West-Pakuranga North,House,3,27,24,66,723,674,693,783,81,3.78,6.577,0.1087,668,773
Sunnyhills West-Pakuranga North,House,4,30,21,66,838,780,825,880,165,4.02,6.7047,0.2611,684,973
Sunnyhills West-Pakuranga North,House,NA,21,6,30,723,610,650,785,279,4,6.5324,0.303,560,843
Surfdale,House,1,6,3,9,591,493,548,636,146,3.55,6.3585,0.2297,495,674
Surfdale,House,2,18,15,18,654,630,650,698,53,3.24,6.4801,0.0838,616,690
Surfdale,House,3,21,15,27,901,750,820,923,272,3.59,6.7675,0.2615,729,1037
Surfdale,House,NA,24,3,27,793,680,750,808,246,3.88,6.6354,0.2827,629,922
Tamaki,Apartment,2,6,3,15,450,373,520,578,195,3.49,5.9604,0.6821,245,614
Tamaki,Flat,2,9,3,78,497,498,560,588,171,3.93,6.1124,0.5585,310,658
Tamaki,Flat,3,6,0,57,445,182,435,698,314,2.78,5.8645,0.8201,203,613
Tamaki,House,1,12,3,12,443,310,475,605,219,3.59,5.9208,0.6852,235,592
Tamaki,House,2,27,21,159,355,100,192,610,257,3.66,5.5289,0.8977,137,461
Tamaki,House,3,42,27,360,450,167,613,689,276,3.54,5.8376,0.8167,198,595
Tamaki,House,4,18,9,78,791,635,750,834,669,3.14,6.4527,0.6743,403,1000
Tamaki,House,NA,27,6,60,695,620,690,799,147,4,6.5134,0.2807,558,815
Te Papapa,Apartment,2,9,6,12,544,524,555,560,37,4,6.2969,0.0694,518,569
Te Papapa,Flat,1,6,6,12,466,434,470,503,55,4,6.1394,0.12,428,503
Te Papapa,Flat,2,9,9,69,544,533,550,568,60,3.92,6.2921,0.1196,498,586
Te Papapa,House,1,6,3,9,622,543,560,713,156,4,6.4072,0.238,516,712
Te Papapa,House,2,24,21,75,611,560,618,660,69,3.87,6.4096,0.1149,562,657
Te Papapa,House,3,36,27,129,732,683,725,780,78,3.91,6.5898,0.1071,677,782
Te Papapa,House,4,12,15,36,894,810,865,975,138,3.64,6.7849,0.1555,796,982
Te Papapa,House,NA,12,3,12,772,683,760,906,182,3.9,6.6202,0.2589,630,893
Aorere Central,House,2,6,0,9,555,518,552,589,56,4,6.3143,0.1,516,591
Aorere Central,House,3,9,9,54,698,650,695,725,58,3.88,6.5456,0.0835,658,737
Aorere Central,House,4,6,3,24,782,743,765,780,83,4,6.6568,0.1011,727,833
Aorere Central,House,NA,12,9,15,578,520,680,705,185,4.09,6.2826,0.4793,387,739
Aorere North,House,3,9,3,42,670,615,680,750,102,3.27,6.4966,0.1609,595,739
Aorere South,Apartment,1,6,3,6,455,433,450,475,31,4,6.1184,0.0672,434,475
Aorere South,House,1,6,0,9,654,556,698,738,119,3.87,6.4684,0.1931,566,734
Aorere South,House,2,15,21,48,574,550,580,588,44,3.64,6.3506,0.0737,545,602
Aorere South,House,3,54,33,183,695,650,700,750,85,3.97,6.5362,0.1304,632,753
Aorere South,House,4,12,15,33,768,710,778,813,70,3.92,6.6398,0.0921,719,814
Aorere South,House,NA,15,9,30,673,620,650,705,88,3.81,6.5037,0.1259,613,727
Botany Downs East,House,1,9,0,6,688,665,690,708,61,4,6.5302,0.0896,645,728
Botany Downs East,House,3,36,30,105,726,700,725,760,63,3.96,6.5842,0.0852,683,766
Botany Downs East,House,4,15,21,42,805,780,800,835,36,4,6.6895,0.045,780,829
Botany Downs East,House,NA,18,9,27,737,668,810,850,181,3.92,6.563,0.3207,571,879
Botany Downs West,House,3,36,24,123,699,675,720,750,89,3.9,6.5386,0.1673,618,774
Botany Downs West,House,4,15,3,45,824,799,850,860,79,3.96,6.709,0.1069,763,881
Botany Downs West,House,NA,9,6,21,801,718,790,868,142,4,6.6719,0.1791,700,891
Botany North,House,3,6,0,12,700,645,750,805,156,2.93,6.5297,0.2472,580,810
Botany North,House,4,12,6,39,900,890,900,950,75,3.58,6.7989,0.09,844,953
Botany North,House,5+,15,6,39,1112,920,950,1375,266,3.87,6.9897,0.226,932,1264
Botany North,House,NA,6,3,12,858,755,935,973,248,3.67,6.7108,0.3405,653,1033
Burswood,House,2,6,0,9,603,605,620,628,42,4,6.4003,0.0739,573,633
Burswood,House,3,30,27,99,712,670,725,750,60,3.94,6.5646,0.0849,670,751
Burswood,House,NA,6,6,9,655,628,640,668,45,4,6.4829,0.0672,625,684
Cockle Bay,House,1,12,6,12,628,510,600,720,149,3.93,6.4191,0.2255,527,714
Cockle Bay,House,2,21,12,45,601,555,590,665,79,3.6,6.3905,0.1307,546,651
Cockle Bay,House,3,15,21,54,719,690,730,740,78,3.76,6.5722,0.1084,665,769
Cockle Bay,House,4,9,6,36,868,800,850,935,132,3.92,6.7554,0.1515,775,951
Cockle Bay,House,NA,6,3,9,788,698,775,823,150,4,6.6557,0.1821,687,879
Dingwall,Flat,2,12,9,42,550,561,590,629,166,3.72,6.2072,0.603,330,745
Dingwall,House,1,12,0,12,662,633,670,694,82,4,6.4872,0.1295,602,717
Dingwall,House,2,9,12,39,469,440,541,575,180,3.88,6.0232,0.6264,271,630
Dingwall,House,3,33,30,117,710,685,710,750,58,4.02,6.5618,0.0865,667,750
Dingwall,House,4,21,18,51,760,700,780,813,85,4,6.627,0.1174,698,817
Dingwall,House,5+,6,3,9,931,786,975,1120,265,3.68,6.8025,0.3099,730,1109
Dingwall,House,NA,15,9,36,721,688,750,813,200,3.96,6.5181,0.4284,507,904
East Tamaki,Apartment,2,9,6,18,560,518,550,610,57,3.69,6.3235,0.102,520,597
Golflands,House,2,9,6,12,616,585,650,650,50,3.71,6.4198,0.0843,580,650
Golflands,House,3,15,21,81,748,700,750,780,58,3.66,6.6152,0.0774,708,786
Golflands,House,4,21,18,63,840,828,850,888,83,3.79,6.7282,0.1135,774,902
Golflands,House,5+,9,6,18,922,900,960,998,109,3.89,6.82,0.1289,840,999
Golflands,House,NA,15,6,30,772,740,795,900,186,3.98,6.6108,0.3102,603,916
Grange,House,1,6,3,6,763,689,700,774,146,4,6.6242,0.1769,668,849
Grange,House,3,21,27,63,657,610,700,740,120,4,6.4696,0.2031,563,740
Grange,House,NA,15,12,15,657,615,680,728,118,4,6.4701,0.2028,563,740
Harania North,House,1,6,0,3,630,479,595,746,212,3.83,6.4037,0.3336,482,757
Harania South,House,2,15,12,30,590,600,600,600,69,3.67,6.3731,0.1241,539,637
Harania South,House,3,24,24,90,663,635,660,685,52,3.87,6.4937,0.0782,627,697
Harania South,House,NA,42,3,51,634,600,620,668,69,3.99,6.4454,0.1116,584,679
Highland Park (Auckland),Flat,2,6,3,27,565,540,550,593,46,3.93,6.334,0.0814,533,595
Highland Park (Auckland),House,2,21,18,78,568,540,580,600,66,3.8,6.335,0.1234,519,613
Highland Park (Auckland),House,3,63,69,231,666,650,670,710,89,3.95,6.4861,0.2021,572,752
Highland Park (Auckland),House,4,30,24,78,869,794,820,850,342,3.68,6.7303,0.2372,714,983
Highland Park (Auckland),House,NA,27,9,39,723,660,720,815,107,4,6.5724,0.1534,645,793
Howick Central,Apartment,1,6,21,6,267,147,298,347,116,3.97,5.4862,0.4986,172,338
Howick Central,Apartment,2,9,18,18,542,533,550,570,63,4,6.2892,0.124,495,586
Howick Central,Flat,1,6,9,21,399,372,423,450,70,4,5.977,0.188,347,448
Howick Central,House,1,9,3,12,608,580,630,650,82,4.18,6.4017,0.1417,548,663
Howick Central,House,2,18,24,51,645,585,630,695,94,3.92,6.4599,0.1402,581,702
Howick Central,House,3,54,51,120,690,660,700,740,91,3.94,6.5247,0.1667,609,763
Howick Central,House,4,15,21,57,815,800,820,850,70,3.94,6.6994,0.0913,763,863
Howick Central,House,5+,6,9,6,989,919,953,1023,113,3.77,6.8918,0.1097,914,1060
Howick Central,House,NA,39,12,45,766,680,750,838,184,3.98,6.6024,0.3179,595,913
Howick East,Apartment,2,12,6,24,627,598,630,663,46,3.73,6.4385,0.0751,595,658
Howick East,Flat,2,9,3,42,600,590,595,620,73,3.64,6.3904,0.1214,549,647
Howick East,House,1,12,0,12,670,623,670,700,97,4,6.4979,0.1452,602,732
Howick East,House,2,39,30,90,622,575,620,645,108,3.54,6.4173,0.1867,540,695
Howick East,House,3,48,48,138,699,669,700,726,79,3.79,6.5436,0.1042,648,745
Howick East,House,4,18,24,57,793,750,800,840,80,3.86,6.6703,0.1021,736,845
Howick East,House,5+,6,6,12,873,865,885,898,69,4,6.7696,0.082,824,920
Howick East,House,NA,33,15,45,750,650,725,825,121,4.03,6.6079,0.1603,665,826
Howick West,Flat,2,6,6,27,573,533,595,635,90,3.72,6.34,0.1667,507,634
Howick West,House,1,9,6,15,641,485,580,825,195,3.9,6.4225,0.297,504,752
Howick West,House,2,27,18,63,609,550,600,650,106,3.75,6.3987,0.1679,537,673
Howick West,House,3,33,33,108,711,650,750,760,124,3.84,6.5485,0.2049,608,802
Howick West,House,4,27,24,69,810,750,795,870,149,3.9,6.6778,0.2128,688,917
Howick West,House,5+,6,9,21,899,864,915,950,65,4,6.799,0.0734,854,942
Howick West,House,NA,27,12,42,700,640,675,770,130,4,6.5351,0.1865,607,781
Huntington Park,Apartment,2,24,21,60,607,591,600,628,32,3.9,6.4077,0.0526,585,628
Huntington Park,House,2,9,15,24,620,600,620,620,31,4,6.4287,0.0479,600,640
Huntington Park,House,3,15,18,63,710,690,730,750,55,4,6.5622,0.0824,670,748
Huntington Park,House,4,15,15,42,831,813,825,845,42,3.88,6.7215,0.0497,803,858
Huntington Park,House,NA,9,3,24,681,615,690,738,94,3.71,6.5155,0.1396,615,742
Mangere Central,House,2,15,9,24,640,580,600,650,102,4,6.4505,0.1501,572,700
Mangere Central,House,3,18,21,78,696,650,693,743,82,3.89,6.5383,0.1149,640,747
Mangere Central,House,4,6,3,21,751,713,730,808,65,4,6.6181,0.0854,707,793
Mangere Central,House,5+,9,3,15,589,194,675,900,400,3.73,6.1039,0.8585,251,799
Mangere Central,House,NA,21,9,27,621,600,615,680,118,4,6.4025,0.2876,497,733
Mangere East,House,1,6,0,6,653,573,640,720,107,3.08,6.4708,0.1628,579,721
Mangere East,House,2,18,15,45,581,519,570,620,102,3.76,6.3504,0.1739,509,644
Mangere East,House,3,24,36,126,694,650,690,734,68,3.97,6.5381,0.098,647,738
Mangere East,House,4,15,9,39,765,730,795,800,63,3.88,6.637,0.0875,719,809
Mangere East,House,NA,42,15,57,637,600,620,720,122,4.01,6.4373,0.2109,542,720
Mangere Mascot,House,1,6,3,6,360,153,180,629,295,4,5.5753,0.845,149,466
Mangere Mascot,House,2,12,9,24,597,544,600,620,76,3.59,6.3845,0.1206,546,643
Mangere Mascot,House,3,15,21,69,660,610,650,720,81,3.88,6.4849,0.1255,602,713
Mangere Mascot,House,NA,27,12,36,641,598,635,680,137,3.97,6.4179,0.3851,473,794
Mangere South,Apartment,2,6,3,9,550,500,500,550,100,3,6.2987,0.1682,486,609
Mangere South,Flat,2,6,3,12,549,528,538,559,36,3.72,6.3061,0.0635,525,572
Mangere South,House,3,18,9,63,613,625,680,710,201,3.88,6.3288,0.5127,397,792
Mangere South,House,4,9,9,39,777,748,800,815,63,4,6.6526,0.0844,732,820
Mangere South,House,NA,12,3,18,709,679,700,790,108,4,6.5508,0.1747,622,787
Mangere South East,House,2,6,3,15,636,544,560,653,177,4,6.4303,0.2503,524,734
Mangere South East,House,3,12,9,57,597,556,590,673,88,3.9,6.3809,0.1604,530,658
Mangere South East,House,4,9,9,36,801,780,830,835,54,3.73,6.6844,0.0698,763,838
Mangere South East,House,NA,12,6,24,749,650,695,785,210,3.93,6.5903,0.239,620,855
Massey Road North,Apartment,1,15,15,51,288,88,380,410,170,3.43,5.4196,0.8002,132,387
Massey Road North,Flat,2,9,6,36,486,470,480,510,30,4,6.1835,0.0636,464,506
Massey Road North,House,1,21,3,24,529,390,480,593,166,3.84,6.2299,0.285,419,615
Massey Road North,House,2,24,15,45,480,390,440,564,99,3.81,6.1537,0.2001,411,538
Massey Road North,House,3,27,21,96,656,620,650,720,96,3.77,6.4741,0.1704,578,727
Massey Road North,House,4,6,9,33,699,708,790,850,257,3.63,6.4452,0.5837,425,933
Massey Road North,House,5+,6,3,9,845,787,1043,1100,437,4,6.5417,0.8508,391,1231
Massey Road North,House,NA,33,12,54,567,490,550,665,133,4,6.3108,0.2506,465,652
Massey Road North,Room,1,15,9,42,387,380,380,390,12,3.92,5.9571,0.0299,379,394
Massey Road South,Flat,2,6,0,15,732,705,725,760,32,4,6.5945,0.0433,710,753
Massey Road South,House,1,6,3,3,749,688,748,809,90,4,6.6129,0.1212,686,808
Massey Road South,House,3,6,3,42,683,630,685,731,67,4,6.5225,0.0984,637,727
Massey Road South,House,4,6,6,15,769,734,753,783,52,4,6.6428,0.066,734,802
Massey Road South,House,NA,12,6,21,708,680,710,750,103,4,6.5494,0.1733,622,785
Massey Road West,Flat,2,21,9,54,534,470,550,595,77,3.77,6.2708,0.146,479,584
Massey Road West,House,1,6,0,15,631,571,650,665,62,4,6.4425,0.0988,587,671
Massey Road West,House,2,21,15,87,592,570,590,650,103,4,6.3629,0.229,497,677
Massey Road West,House,3,27,18,93,678,650,678,703,61,3.9,6.5146,0.0943,633,719
Massey Road West,House,4,6,3,30,733,695,745,765,44,4,6.5961,0.0603,703,763
Massey Road West,House,NA,33,21,51,633,593,670,720,180,4,6.3789,0.4497,435,798
Mellons Bay,House,1,6,3,12,689,653,763,799,183,4,6.5022,0.3113,540,822
Mellons Bay,House,2,9,3,36,763,575,660,835,287,4.08,6.5821,0.3331,577,904
Mellons Bay,House,3,18,15,51,758,684,745,783,165,3.66,6.6118,0.1889,655,845
Mellons Bay,House,4,15,21,48,872,783,880,970,162,3.4,6.7537,0.1943,752,977
Mellons Bay,House,5+,12,9,39,1033,913,1000,1188,276,3.83,6.8995,0.3227,798,1233
Mellons Bay,House,NA,18,9,27,879,683,735,898,398,4.02,6.7074,0.3647,640,1047
Northpark North,House,2,12,3,21,692,628,660,675,98,4,6.5307,0.1312,628,749
Northpark North,House,3,33,24,96,752,720,750,780,53,3.97,6.62,0.0679,716,785
Northpark North,House,4,36,24,114,847,820,850,870,54,3.95,6.7402,0.0632,810,883
Northpark North,House,NA,21,9,36,770,690,790,820,107,4,6.637,0.1374,695,837
Northpark South,House,3,15,12,54,768,750,770,785,27,4,6.6428,0.0347,749,785
Northpark South,House,4,15,12,57,852,828,850,883,58,3.81,6.7452,0.0697,811,891
Northpark South,House,NA,12,0,18,794,763,780,800,70,4,6.6739,0.0821,749,837
Onetangi,House,1,6,9,6,583,543,550,641,71,3.08,6.361,0.1195,534,627
Onetangi,House,3,15,9,15,785,700,750,875,132,3.85,6.6529,0.1707,691,870
Onetangi,House,NA,18,3,18,699,561,675,808,183,3.7,6.5178,0.2582,569,806
Onetangi,Room,1,6,0,6,200,200,200,200,,1.5,5.2983,0,200,200
Onetangi,Room,NA,6,0,9,200,200,200,200,,1.5,5.2983,0,200,200
Otahuhu Central,Apartment,2,15,3,30,517,490,520,550,46,3.85,6.2443,0.0889,485,547
Otahuhu Central,Flat,1,6,6,15,403,381,405,426,61,3.49,5.9887,0.1562,359,443
Otahuhu Central,House,1,21,0,21,406,390,400,400,56,4,5.998,0.1222,371,437
Otahuhu Central,House,2,6,6,12,530,508,520,543,36,4,6.2712,0.0658,506,553
Otahuhu Central,House,3,6,9,36,672,653,660,675,36,3.84,6.5086,0.0521,648,695
Otahuhu Central,House,4,60,42,39,372,340,390,390,27,4.01,5.9152,0.0737,353,390
Otahuhu Central,House,NA,30,6,39,599,465,550,600,318,5.07,6.3207,0.3483,440,703
Otahuhu Central,Room,1,9,3,63,315,300,320,340,30,4.01,5.7499,0.0961,294,335
Otahuhu East,Flat,2,6,6,24,381,360,470,491,195,4,5.752,0.8359,179,553
Otahuhu East,House,1,12,3,15,570,450,600,668,160,3.89,6.306,0.3055,446,673
Otahuhu East,House,2,15,24,48,562,530,550,610,52,3.94,6.328,0.0934,526,596
Otahuhu East,House,3,6,12,57,625,633,690,710,149,3.74,6.4007,0.3211,485,748
Otahuhu East,House,NA,42,9,63,627,576,620,709,173,4,6.3908,0.3519,470,756
Otahuhu North,Apartment,1,21,6,57,311,112,400,460,165,3.52,5.5343,0.7251,155,413
Otahuhu North,Flat,1,27,18,123,420,395,415,455,43,3.86,6.0342,0.1018,390,447
Otahuhu North,Flat,2,30,18,126,415,410,450,495,150,3.69,5.9101,0.5881,248,548
Otahuhu North,House,1,15,0,24,470,390,480,568,136,4,6.1031,0.3541,352,568
Otahuhu North,House,3,30,21,99,672,649,690,721,68,3.97,6.5046,0.1077,621,719
Otahuhu North,House,4,9,6,42,743,670,720,790,104,4,6.6018,0.1385,671,809
Otahuhu North,House,NA,15,15,45,659,600,695,725,119,4,6.4732,0.1979,567,740
Otahuhu South,Apartment,1,18,3,36,360,315,353,395,57,3.68,5.876,0.1511,322,395
Otahuhu South,Apartment,2,6,6,18,486,470,520,550,95,3.84,6.1639,0.2365,405,557
Otahuhu South,Flat,1,21,21,75,400,383,400,430,40,3.86,5.9867,0.1078,370,428
Otahuhu South,Flat,2,24,21,90,519,480,500,550,58,3.9,6.2469,0.1064,481,555
Otahuhu South,House,1,9,3,30,505,355,500,623,164,4,6.1779,0.3224,388,599
Otahuhu South,House,2,18,21,60,522,476,533,555,70,3.62,6.2481,0.1359,472,567
Otahuhu South,House,3,30,30,99,692,650,700,750,100,3.78,6.5237,0.2012,595,780
Otahuhu South,House,4,6,0,39,741,709,743,775,90,3.51,6.6027,0.1228,678,801
Otahuhu South,House,5,6,0,6,360,360,360,360,,4,5.8861,0,360,360
Otahuhu South,House,NA,18,9,33,669,650,720,750,149,3.97,6.474,0.2801,537,783
Otahuhu South,Room,1,9,12,24,327,310,340,340,23,3.96,5.7867,0.0711,311,342
Otahuhu South West,Apartment,1,6,3,15,299,281,350,369,133,4,5.5797,0.6395,172,408
Otahuhu South West,Flat,1,15,12,66,378,375,400,400,38,3.89,5.9284,0.1096,349,404
Otahuhu South West,Flat,2,27,15,105,474,460,495,520,99,3.73,6.1197,0.3552,358,578
Otahuhu South West,House,1,12,6,30,476,400,455,573,152,4,6.0838,0.4981,314,614
Otahuhu South West,House,2,12,21,66,518,465,595,605,168,3.9,6.1798,0.4318,361,646
Otahuhu South West,House,3,30,21,120,673,620,680,720,94,3.75,6.5021,0.1493,603,737
Otahuhu South West,House,4,6,3,39,780,620,725,885,205,2.67,6.6344,0.255,641,904
Otahuhu South West,House,NA,12,9,18,614,600,623,706,144,3.75,6.3875,0.2835,491,720
Otara Central,Apartment,3,6,0,6,636,634,645,648,25,3.53,6.455,0.0394,619,653
Otara Central,House,1,12,0,12,428,353,450,458,225,4,5.8809,0.7103,222,578
Otara Central,House,3,15,15,66,638,610,650,670,46,4,6.4552,0.0758,604,669
Otara Central,House,5,9,0,12,215,105,130,134,268,4,5.0024,0.782,88,252
Otara Central,House,NA,15,3,18,660,675,700,715,143,3.83,6.457,0.3143,515,788
Otara West,House,2,9,6,18,610,583,630,645,50,3.84,6.4095,0.0853,574,644
Otara West,House,3,21,12,84,668,630,680,700,70,4.05,6.4994,0.1068,619,714
Otara West,House,NA,18,9,21,636,595,625,669,52,4,6.4526,0.0793,601,669
Pakuranga Heights East,Apartment,2,9,3,15,538,523,540,550,26,3.72,6.2866,0.0479,520,555
Pakuranga Heights East,Apartment,3,6,0,6,647,630,630,630,41,3,6.4703,0.0601,620,672
Pakuranga Heights East,House,1,6,3,12,676,575,663,750,168,4,6.4895,0.2492,556,779
Pakuranga Heights East,House,2,9,12,30,625,600,630,650,73,4.1,6.4323,0.1172,574,673
Pakuranga Heights East,House,3,51,45,180,668,610,650,699,94,3.9,6.4962,0.1282,608,722
Pakuranga Heights East,House,4,6,6,24,718,675,703,741,77,4,6.5712,0.1036,666,766
Pakuranga Heights East,House,NA,21,12,42,675,603,645,743,103,3.95,6.5041,0.1542,602,741
Pakuranga Heights North West,Apartment,2,6,0,3,531,496,530,565,46,4,6.2724,0.0865,500,562
Pakuranga Heights North West,Flat,2,6,6,12,603,568,613,635,43,4,6.4004,0.0712,574,632
Pakuranga Heights North West,House,1,6,0,12,669,555,640,689,200,4.1,6.4721,0.2719,538,777
Pakuranga Heights North West,House,2,15,15,54,598,560,580,635,77,4,6.3865,0.1253,546,646
Pakuranga Heights North West,House,3,51,39,162,671,635,670,705,72,3.99,6.5025,0.1225,614,724
Pakuranga Heights North West,House,4,21,21,54,763,698,780,820,80,3.54,6.6317,0.1077,706,816
Pakuranga Heights North West,House,NA,18,15,27,699,643,708,739,112,4,6.5383,0.1598,620,770
Pakuranga Heights South West,Flat,2,6,3,27,545,503,555,598,76,4,6.2932,0.1433,491,596
Pakuranga Heights South West,House,1,6,3,12,606,495,595,668,128,3.7,6.3879,0.2025,519,682
Pakuranga Heights South West,House,2,15,18,39,589,550,590,630,49,3.81,6.3748,0.0846,554,621
Pakuranga Heights South West,House,3,42,36,129,674,638,670,700,67,3.93,6.5088,0.0963,629,716
Pakuranga Heights South West,House,4,15,15,57,769,720,760,810,55,4.25,6.6427,0.0714,731,805
Pakuranga Heights South West,House,NA,24,12,33,713,650,665,770,103,4.13,6.5601,0.1362,644,774
Papatoetoe Central,Apartment,1,24,21,51,395,385,390,400,18,3.99,5.977,0.0417,383,406
Papatoetoe Central,Apartment,2,21,15,42,586,560,580,595,63,3.42,6.3691,0.0927,548,621
Papatoetoe Central,Flat,1,12,12,48,433,393,415,453,73,3.82,6.0585,0.1523,386,474
Papatoetoe Central,Flat,2,24,30,114,558,500,550,590,66,3.83,6.3172,0.1155,512,599
Papatoetoe Central,House,1,33,6,39,514,400,490,608,132,4.13,6.2124,0.2474,422,589
Papatoetoe Central,House,2,42,39,102,608,566,583,650,111,3.72,6.3981,0.1527,542,666
Papatoetoe Central,House,3,39,36,138,694,660,700,730,64,3.7,6.5389,0.0942,649,737
Papatoetoe Central,House,4,12,15,45,661,650,780,810,253,4.07,6.3656,0.6213,382,884
Papatoetoe Central,House,5+,9,3,18,1150,928,940,1440,403,3.83,6.9965,0.3428,867,1377
Papatoetoe Central,House,NA,75,33,111,611,460,640,720,165,3.98,6.3762,0.2879,484,714
Papatoetoe Central,Room,1,54,9,72,406,400,400,420,9,4,6.0055,0.0223,400,412
Papatoetoe North,Apartment,2,12,6,12,530,505,545,559,50,3.89,6.2678,0.097,494,563
Papatoetoe North,Flat,1,12,6,21,459,420,428,448,104,3.59,6.1105,0.1838,398,510
Papatoetoe North,Flat,2,36,24,96,540,501,550,570,70,3.98,6.2819,0.1519,483,593
Papatoetoe North,House,1,15,9,18,504,425,550,625,214,3.88,6.0772,0.6528,281,677
Papatoetoe North,House,2,15,30,60,613,585,625,650,43,3.9,6.416,0.0721,583,642
Papatoetoe North,House,3,51,39,144,693,650,700,750,152,3.92,6.5034,0.3236,537,830
Papatoetoe North,House,4,15,15,39,800,770,820,850,99,3.85,6.6773,0.1328,726,869
Papatoetoe North,House,NA,33,18,63,587,518,615,673,162,3.99,6.3154,0.3975,423,723
Papatoetoe West,Apartment,2,9,6,18,526,500,530,550,40,4,6.2623,0.0761,498,552
Papatoetoe West,Flat,1,9,3,33,489,430,500,530,65,4,6.1845,0.1305,444,530
Papatoetoe West,Flat,2,12,15,81,543,500,550,563,56,3.9,6.2921,0.1024,504,579
Papatoetoe West,House,1,12,6,21,640,523,645,728,136,3.92,6.4411,0.2126,543,724
Papatoetoe West,House,2,24,15,75,529,523,570,608,139,3.82,6.2193,0.3706,391,645
Papatoetoe West,House,3,39,33,165,662,645,680,720,121,3.87,6.4687,0.2675,538,772
Papatoetoe West,House,4,12,9,42,813,783,800,860,56,3.58,6.6983,0.0685,774,849
Papatoetoe West,House,5+,9,6,15,904,883,900,935,73,4,6.8035,0.0819,853,952
Papatoetoe West,House,NA,48,18,66,644,594,650,750,136,4.02,6.4305,0.3236,499,772
Shelly Park,Flat,1,6,3,9,411,359,420,448,76,3.1,6.0036,0.1886,357,460
Shelly Park,House,3,12,9,30,716,658,695,780,74,3.84,6.5693,0.1014,666,763
Shelly Park,House,4,9,9,36,910,785,820,1050,201,3.74,6.7914,0.2203,767,1033
Somerville,House,2,6,3,12,742,608,800,884,173,4,6.5836,0.2529,610,858
Somerville,House,3,21,15,81,761,730,770,780,219,3.95,6.4291,1.0938,296,1296
Somerville,House,4,24,21,96,893,850,860,890,97,3.86,6.7891,0.0988,831,949
Somerville,House,5+,6,12,27,891,825,950,1038,219,4,6.7607,0.2906,710,1050
Somerville,House,NA,18,12,30,855,779,850,873,96,4,6.7449,0.1071,790,913
Sutton Park,House,1,6,0,6,444,355,375,464,162,4,6.0527,0.3228,342,529
Sutton Park,House,2,6,6,18,531,534,558,598,129,3.84,6.2365,0.3243,411,636
Sutton Park,House,3,12,18,66,621,600,665,680,148,4.12,6.38,0.3967,451,771
Sutton Park,House,NA,9,3,12,621,500,560,633,219,4,6.3871,0.3052,484,730
Waiheke East,House,NA,9,0,12,779,750,840,900,206,3.7,6.6165,0.3329,597,935
Baverstock,House,1,6,3,6,630,548,640,723,148,3.82,6.4238,0.2453,522,727
Baverstock,House,3,9,9,18,784,750,750,780,76,4,6.6613,0.0883,736,830
Baverstock,House,4,24,24,108,1083,810,830,860,861,3.08,6.8519,0.4293,708,1263
Baverstock,House,5,6,0,9,881,879,890,893,25,4,6.781,0.0283,864,898
Baverstock,House,5+,15,18,45,952,900,950,980,78,3.98,6.8554,0.0806,899,1002
Baverstock,House,NA,12,6,24,870,820,903,948,156,4,6.7501,0.2102,741,984
Botany East,House,2,6,6,9,621,558,595,659,90,4,6.4242,0.1397,561,678
Botany East,House,3,18,9,63,760,750,760,800,61,3.91,6.6298,0.0908,712,805
Botany East,House,4,15,15,33,854,825,860,885,42,4,6.7488,0.0492,825,882
Botany East,House,NA,6,6,15,873,835,850,888,58,4,6.7705,0.0645,835,911
Botany Junction,Apartment,1,9,9,18,441,410,430,475,52,4.05,6.0836,0.1168,405,475
Botany Junction,House,NA,15,6,6,1436,465,500,590,2545,12.02,6.5138,1.0904,323,1407
Botany South,Apartment,1,12,12,21,499,493,500,500,19,4,6.2109,0.039,485,511
Botany South,House,2,12,9,33,638,600,608,650,69,4,6.4539,0.1014,593,680
Botany South,House,3,27,24,84,734,698,740,780,49,3.76,6.5966,0.0669,700,766
Botany South,House,4,21,21,87,923,810,830,855,522,3.54,6.7569,0.3237,691,1070
Botany South,House,NA,9,9,15,834,800,850,880,94,4,6.7207,0.1183,766,898
Burbank,House,1,6,3,9,633,498,693,750,168,4,6.4145,0.2927,501,744
Burbank,House,2,6,6,15,559,498,563,631,84,4,6.3169,0.1525,500,614
Burbank,House,3,54,36,180,697,650,695,730,97,3.94,6.539,0.1253,636,753
Burbank,House,5+,6,6,24,968,843,875,1000,224,4,6.8568,0.2124,823,1097
Burbank,House,NA,6,9,27,699,675,680,728,56,4,6.5465,0.0792,661,735
Chapel Downs,Apartment,2,6,6,24,564,550,560,574,17,3.68,6.335,0.0297,553,575
Chapel Downs,House,3,39,36,150,720,695,730,750,60,3.83,6.5754,0.0944,673,764
Chapel Downs,House,4,9,12,36,804,760,800,845,46,4,6.6877,0.0568,772,834
Chapel Downs,House,NA,9,3,18,673,598,675,750,104,4.06,6.5007,0.1575,599,740
Clarks Beach,House,1,6,0,6,554,413,538,719,178,4,6.2728,0.3306,424,662
Clarks Beach,House,3,12,12,30,619,590,600,650,60,3.91,6.4237,0.0931,579,656
Clarks Beach,House,4,12,12,21,747,698,755,775,97,4.22,6.6077,0.1329,677,810
Clarks Beach,House,NA,15,3,15,596,480,605,698,132,4.25,6.3665,0.2254,500,678
Clendon Park East,House,3,27,24,126,601,570,605,676,134,4,6.3472,0.4057,434,751
Clendon Park East,House,4,6,3,12,775,750,750,775,50,4,6.6514,0.0626,742,807
Clendon Park East,House,NA,9,3,12,618,598,615,640,63,4,6.4218,0.1028,574,659
Clendon Park North,House,1,6,0,3,574,450,525,649,164,4,6.3234,0.2727,464,670
Clendon Park North,House,3,57,39,195,671,640,670,700,69,3.96,6.5033,0.1014,623,715
Clendon Park North,House,4,6,3,18,755,723,760,793,48,3.68,6.6252,0.0639,722,787
Clendon Park North,House,NA,15,9,21,712,620,750,793,115,4,6.5551,0.1711,626,789
Clendon Park West,House,2,6,3,9,585,515,570,633,114,3.55,6.3564,0.1901,507,655
Clendon Park West,House,3,33,33,120,636,585,650,700,154,4.01,6.4089,0.3595,476,774
Clendon Park West,House,4,6,6,21,711,681,708,738,62,4,6.5642,0.0872,669,752
Clendon Park West,House,NA,6,3,21,740,675,680,800,94,3.96,6.6,0.1233,676,799
Clover Park North,House,2,6,0,9,619,591,623,650,37,3.47,6.4264,0.0593,594,643
Clover Park North,House,3,39,39,150,768,630,680,720,532,3.33,6.5229,0.4495,503,922
Clover Park North,House,NA,15,12,30,697,675,720,770,172,4,6.4724,0.517,457,917
Clover Park South,House,2,6,6,21,609,558,580,591,123,4,6.3974,0.1814,531,678
Clover Park South,House,3,36,39,144,676,650,670,700,54,3.82,6.513,0.0809,638,712
Clover Park South,House,4,6,0,24,712,723,740,750,81,4.05,6.5615,0.1254,650,770
Clover Park South,House,NA,9,6,15,671,640,650,680,96,4,6.4999,0.1326,608,727
Dannemora North,House,3,9,9,27,747,735,750,775,44,3.65,6.6148,0.0603,716,777
Dannemora North,House,4,18,9,87,808,799,850,863,157,3.72,6.6513,0.3751,601,997
Dannemora North,House,5+,9,6,24,999,970,1000,1000,49,3.29,6.9053,0.0479,966,1030
Dannemora North,House,NA,6,9,21,879,788,885,955,97,4,6.7731,0.111,811,942
Dannemora South,House,1,9,3,9,521,350,450,638,228,3.92,6.1823,0.3988,370,634
Dannemora South,House,4,27,15,99,847,805,850,873,74,4.04,6.7387,0.0841,798,894
Dannemora South,House,5+,6,9,36,991,818,988,1031,246,3.15,6.8743,0.2332,826,1132
Dannemora South,House,NA,9,6,15,879,835,870,960,102,4,6.7722,0.1208,805,947
Donegal Park,Flat,2,12,3,39,740,558,598,600,477,3,6.5007,0.4167,503,882
Donegal Park,House,1,6,3,6,716,523,713,908,210,3.91,6.5335,0.3044,560,845
Donegal Park,House,2,27,18,69,582,540,580,610,84,3.68,6.3561,0.1416,524,634
Donegal Park,House,3,21,12,75,730,710,730,750,36,3.92,6.5922,0.0494,705,754
Donegal Park,House,4,12,9,57,800,796,800,824,47,3.93,6.6824,0.0622,765,832
Donegal Park,House,5+,12,3,27,1135,993,1235,1300,282,3.95,6.9999,0.294,899,1337
Donegal Park,House,NA,30,15,39,923,680,820,1200,297,4,6.7773,0.3245,705,1092
East Tamaki Heights,House,3,12,12,51,754,750,760,780,59,3.8,6.6223,0.0852,710,796
East Tamaki Heights,House,4,12,9,54,1603,840,875,910,2454,1.9,6.9728,0.7092,661,1722
East Tamaki Heights,House,5+,6,3,24,1153,700,1065,1183,714,2.49,6.9099,0.5695,683,1471
East Tamaki Heights,House,NA,12,12,21,770,563,780,888,273,4,6.5912,0.3513,575,923
Ferguson,House,2,9,9,18,625,538,618,645,126,3.46,6.422,0.1908,541,700
Ferguson,House,3,21,18,93,628,598,640,700,126,3.95,6.4135,0.2821,504,738
Ferguson,House,4,6,3,21,751,711,720,760,87,4,6.617,0.1112,694,806
Ferguson,House,NA,21,6,30,564,390,650,650,137,3.84,6.303,0.265,457,653
Goodwood Heights,House,3,39,30,117,700,650,700,750,120,3.76,6.5332,0.2113,596,793
Goodwood Heights,House,4,15,12,81,775,738,755,796,124,3.9,6.6412,0.1546,690,850
Goodwood Heights,House,5,6,0,9,841,820,870,891,77,4,6.7316,0.0952,786,894
Goodwood Heights,House,NA,15,6,30,817,760,795,840,131,3.92,6.6942,0.1615,724,901
Hillpark North,Flat,2,6,0,24,534,484,518,568,86,3.75,6.2706,0.1564,476,588
Hillpark North,House,2,12,6,21,588,515,550,605,127,3.43,6.3594,0.1844,510,654
Hillpark North,House,3,18,15,54,683,670,695,725,61,3.84,6.5222,0.0975,637,726
Hillpark North,House,4,6,9,21,822,745,788,875,104,3.7,6.7049,0.1219,752,886
Hillpark North,House,NA,12,0,24,688,620,660,700,101,4,6.524,0.1376,621,748
Hilltop (Auckland),Flat,2,6,3,12,531,496,550,638,222,3.52,6.1532,0.6198,310,714
Hilltop (Auckland),House,1,9,0,12,658,490,620,725,231,3.86,6.4433,0.3078,511,773
Hilltop (Auckland),House,2,9,9,30,567,535,550,560,73,3.54,6.3342,0.1178,520,610
Hilltop (Auckland),House,3,33,27,78,708,673,700,723,66,3.94,6.558,0.087,665,747
Hilltop (Auckland),House,4,24,21,87,789,764,783,813,40,4,6.669,0.0499,762,815
Hilltop (Auckland),House,5+,12,6,30,1000,799,940,1109,234,3.93,6.8845,0.2212,842,1134
Hilltop (Auckland),House,NA,30,12,39,825,705,763,828,235,4,6.6815,0.2557,671,948
Homai East,Apartment,1,6,3,12,448,443,480,480,66,4,6.093,0.1663,396,495
Homai East,Flat,1,6,6,12,501,419,438,520,154,2.98,6.1865,0.2753,404,585
Homai East,Flat,2,18,12,51,544,514,535,585,70,3.93,6.2917,0.1305,495,590
Homai East,House,1,9,3,12,579,550,580,650,103,3.99,6.3456,0.2008,498,653
Homai East,House,2,21,15,60,557,545,560,595,107,3.94,6.2957,0.2659,453,649
Homai East,House,3,48,36,153,686,633,665,695,310,3.51,6.4803,0.2926,535,794
Homai East,House,4,15,15,39,758,728,760,805,95,3.92,6.622,0.1375,685,824
Homai East,House,NA,18,6,30,679,633,700,743,128,4,6.4986,0.2392,565,781
Homai West,House,1,15,3,21,687,675,680,690,78,3.93,6.5258,0.1143,632,737
Homai West,House,2,21,33,48,574,545,600,630,111,4.03,6.3216,0.2919,457,678
Homai West,House,3,84,87,228,700,650,680,700,239,3.85,6.5229,0.2205,587,790
Homai West,House,4,15,15,51,754,700,770,798,69,3.96,6.6213,0.0948,704,801
Homai West,House,5+,6,6,21,905,770,885,1060,194,4,6.7884,0.2177,766,1028
Homai West,House,NA,63,24,87,627,580,650,690,120,4,6.4144,0.2652,511,730
Karaka Creek,House,3,6,3,12,772,713,750,750,105,4,6.6417,0.1251,704,834
Karaka Creek,House,4,6,6,15,870,733,850,988,191,3.57,6.7504,0.2192,737,991
Manukau Central,Apartment,1,51,42,144,486,440,460,535,60,3.83,6.1794,0.1195,445,523
Manukau Central,Apartment,2,24,15,54,586,548,550,623,67,3.91,6.3682,0.1085,542,627
Manukau Central,Apartment,NA,6,3,15,490,418,490,533,85,4,6.1819,0.173,431,544
Manukau Central,House,1,27,6,27,493,410,465,540,105,3.99,6.1806,0.1947,424,551
Manukau Central,House,2,6,6,12,683,618,685,750,78,4,6.5208,0.1148,629,734
Manukau Central,House,NA,123,15,126,491,400,500,530,103,3.98,6.1772,0.1955,422,550
Maraetai,House,1,6,3,9,640,618,670,693,83,4,6.4546,0.1377,579,697
Maraetai,House,2,15,12,36,633,570,620,645,146,3.82,6.4286,0.2114,537,714
Maraetai,House,3,15,9,42,771,690,760,785,215,3.81,6.6206,0.2286,643,875
Maraetai,House,4,12,6,33,966,880,895,950,180,3.82,6.8604,0.1598,856,1062
Maraetai,House,5+,6,0,15,925,860,900,965,127,4,6.823,0.1335,840,1005
Maraetai,House,NA,9,9,12,743,650,750,825,155,3.87,6.5911,0.2146,630,842
Mission Heights North,Apartment,2,12,6,24,602,563,600,643,45,3.93,6.3969,0.0752,570,631
Mission Heights North,House,1,6,3,3,714,486,733,960,300,3.72,6.4974,0.4507,490,899
Mission Heights North,House,3,15,12,30,680,650,700,730,84,3.85,6.5144,0.1308,618,737
Mission Heights North,House,4,6,0,30,750,738,750,763,41,3.28,6.619,0.0545,722,777
Mission Heights North,House,5,6,0,15,965,950,965,980,17,4.02,6.872,0.018,953,977
Mission Heights North,House,5+,15,15,63,1006,920,995,1050,104,3.78,6.9089,0.0988,937,1070
Mission Heights North,House,NA,21,12,36,914,670,980,1050,236,4,6.7817,0.2841,728,1068
Mission Heights South,Apartment,1,12,12,27,499,500,500,500,3,3.57,6.2132,0.0054,497,501
Mission Heights South,House,1,6,3,6,770,476,618,911,438,2.64,6.5385,0.5195,487,981
Mission Heights South,House,2,6,6,12,585,448,550,660,187,2.97,6.3319,0.3044,458,690
Mission Heights South,House,3,9,9,39,730,700,720,755,37,3.9,6.5913,0.0502,704,754
Mission Heights South,House,4,15,12,42,901,808,860,920,162,3.74,6.7907,0.1624,797,993
Mission Heights South,House,5,12,3,15,939,950,1000,1050,248,3.93,6.7894,0.4116,673,1173
Mission Heights South,House,5+,15,9,45,988,940,980,1180,280,3.62,6.8499,0.3378,751,1185
Mission Heights South,House,NA,15,9,30,790,623,820,830,203,4.05,6.6401,0.2634,641,914
Ormiston East,Apartment,2,9,15,21,585,590,600,615,52,3.85,6.3678,0.0942,547,621
Ormiston East,Boarding House,NA,6,0,3,470,425,510,555,128,2.95,6.1195,0.3113,369,561
Ormiston East,Flat,1,6,3,6,370,345,360,385,43,3.29,5.9086,0.1135,341,397
Ormiston East,Flat,2,30,15,42,528,480,518,570,59,3.36,6.2629,0.1105,487,565
Ormiston East,House,1,21,0,21,629,555,595,648,174,3.84,6.4175,0.2176,529,709
Ormiston East,House,2,36,30,66,608,560,633,680,89,3.45,6.3984,0.1643,538,671
Ormiston East,House,3,42,36,78,699,680,695,725,56,3.75,6.5471,0.0801,661,736
Ormiston East,House,4,6,3,15,789,745,790,828,70,3.86,6.667,0.0883,741,834
Ormiston East,House,5+,39,27,78,1254,1050,1250,1400,567,3.63,7.0504,0.4359,860,1548
Ormiston East,House,NA,135,18,162,784,610,680,845,489,3.81,6.5745,0.4037,546,941
Ormiston East,Room,NA,9,3,9,369,250,330,515,155,2.77,5.8208,0.4595,247,460
Ormiston North,Apartment,2,6,0,3,584,540,583,626,67,4,6.3645,0.1147,538,628
Ormiston North,House,3,6,3,15,764,735,755,775,55,4.05,6.6361,0.0694,727,799
Ormiston North,House,4,21,12,63,840,800,850,855,71,3.69,6.7309,0.0783,795,883
Ormiston North,House,5+,6,6,33,978,943,950,988,64,4,6.8841,0.0634,936,1019
Ormiston North,House,NA,21,3,24,753,650,780,850,218,4.13,6.5695,0.3762,553,919
Ormiston South,Flat,2,30,15,51,529,500,530,573,56,3.18,6.2647,0.1076,489,565
Ormiston South,House,1,9,3,12,943,710,960,1100,340,4,6.7806,0.4116,667,1162
Ormiston South,House,2,15,12,27,488,500,530,560,132,3.15,6.1372,0.3886,356,601
Ormiston South,House,4,36,12,72,924,830,860,896,388,3.66,6.7907,0.2275,763,1037
Ormiston South,House,5+,24,18,96,1066,990,1088,1290,322,3.79,6.9116,0.3855,774,1302
Ormiston South,House,NA,51,12,84,940,750,920,1113,287,3.96,6.7959,0.3294,716,1117
Otara East,House,2,9,6,21,579,553,585,608,67,4,6.3559,0.1178,532,624
Otara East,House,3,42,30,117,737,650,680,700,350,3.71,6.554,0.259,590,836
Otara East,House,4,6,3,27,708,665,680,755,60,4,6.56,0.083,668,747
Otara East,House,NA,9,9,15,624,590,600,645,70,4,6.4316,0.1072,578,668
Otara South,House,2,9,6,12,580,540,580,620,49,3.73,6.3599,0.085,546,612
Otara South,House,3,21,24,93,666,630,650,693,136,3.84,6.4815,0.2096,567,752
Otara South,House,4,9,6,30,749,695,735,785,80,3.96,6.6136,0.1033,695,799
Otara South,House,NA,9,3,18,603,620,650,700,205,4,6.261,0.7281,321,856
Papatoetoe East,Apartment,2,9,3,9,558,560,560,565,40,4,6.3218,0.0737,530,585
Papatoetoe East,Flat,1,6,3,15,409,401,428,435,54,3.74,6.0061,0.1402,369,446
Papatoetoe East,Flat,2,9,12,48,577,569,580,585,42,3.97,6.3552,0.0742,547,605
Papatoetoe East,House,1,15,3,18,615,500,650,688,196,3.52,6.3765,0.3115,476,725
Papatoetoe East,House,2,21,21,48,597,550,595,630,69,3.74,6.3864,0.1135,550,641
Papatoetoe East,House,3,42,36,144,668,650,680,718,79,3.77,6.4955,0.1369,604,726
Papatoetoe East,House,4,18,12,69,739,678,728,793,70,3.88,6.6008,0.0933,691,783
Papatoetoe East,House,NA,36,15,54,744,675,750,850,130,3.98,6.596,0.1901,644,832
Papatoetoe South,Boarding House,1,6,0,3,225,216,223,231,19,3,5.4135,0.0821,212,237
Papatoetoe South,Boarding House,NA,9,0,3,252,235,250,268,35,3,5.5219,0.1378,228,274
Papatoetoe South,Flat,1,9,9,33,423,420,420,435,39,4,6.0431,0.0964,395,449
Papatoetoe South,Flat,2,21,15,81,565,536,573,590,45,3.98,6.3338,0.0794,534,594
Papatoetoe South,Flat,3,9,6,15,574,410,620,730,151,3.83,6.3188,0.2816,459,671
Papatoetoe South,House,1,21,6,27,595,580,595,628,72,4.15,6.3802,0.133,539,645
Papatoetoe South,House,2,33,42,111,604,563,600,650,60,3.73,6.3983,0.0996,562,643
Papatoetoe South,House,3,27,27,135,710,670,715,735,60,3.86,6.5622,0.084,669,749
Papatoetoe South,House,4,12,15,30,812,790,810,850,69,4,6.696,0.0904,761,860
Papatoetoe South,House,5+,6,3,15,1067,958,980,1145,189,3.32,6.9602,0.1672,941,1180
Papatoetoe South,House,NA,66,24,93,638,580,615,730,115,4.01,6.4427,0.1838,555,711
Papatoetoe South,Room,NA,6,3,6,288,280,285,305,25,4,5.661,0.0874,271,305
Papatoetoe South West,Flat,2,15,12,57,510,475,510,550,41,4,6.232,0.0809,482,537
Papatoetoe South West,House,2,18,15,36,694,575,605,665,272,3.45,6.4968,0.2802,549,801
Papatoetoe South West,House,3,30,36,99,875,648,668,693,1172,2.87,6.5622,0.4545,521,962
Papatoetoe South West,House,4,6,6,21,846,843,850,850,54,4,6.739,0.0644,809,882
Papatoetoe South West,House,NA,21,6,33,658,598,670,735,229,4,6.4115,0.4514,449,825
Puhinui East,Apartment,2,6,3,9,540,508,533,576,54,4,6.2872,0.0993,503,575
Puhinui East,Flat,2,12,9,78,553,513,555,590,52,4,6.3116,0.0958,516,588
Puhinui East,House,1,6,3,9,619,498,575,700,162,3.44,6.4007,0.2423,511,709
Puhinui East,House,2,12,6,36,562,536,563,588,41,3.6,6.3291,0.0729,534,589
Puhinui East,House,3,18,18,72,679,608,695,728,90,3.53,6.5117,0.1386,613,739
Puhinui East,House,4,6,6,24,765,705,775,835,90,4,6.6345,0.1199,702,825
Puhinui East,House,5+,6,3,6,910,823,900,988,153,4,6.8029,0.1681,804,1009
Puhinui East,House,NA,15,9,30,768,750,750,778,79,4,6.6395,0.0997,715,818
Puhinui North,Flat,2,15,21,111,508,503,530,568,125,4.04,6.1609,0.4884,341,659
Puhinui North,House,1,9,3,12,533,488,510,550,97,3.91,6.2656,0.1667,470,589
Puhinui North,House,2,27,12,84,544,541,590,635,161,3.74,6.2143,0.5063,355,703
Puhinui North,House,3,27,18,93,708,680,700,738,80,3.8,6.5556,0.1175,650,761
Puhinui North,House,NA,24,9,33,723,645,750,800,137,3.98,6.5637,0.2063,617,815
Puhinui South,Flat,2,12,6,33,725,528,573,610,555,3.15,6.4584,0.4355,476,856
Puhinui South,House,1,6,0,9,620,584,623,650,39,3.47,6.4281,0.0632,593,646
Puhinui South,House,3,27,24,90,703,675,700,710,72,4.03,6.5503,0.0954,656,746
Puhinui South,House,NA,21,6,27,658,643,728,791,203,3.95,6.3876,0.5772,403,877
Redcastle,House,1,9,0,9,546,443,560,595,136,3.64,6.2777,0.2434,452,628
Redcastle,House,2,15,15,51,611,568,605,645,64,3.65,6.411,0.1006,569,651
Redcastle,House,3,12,9,42,732,708,750,753,42,3.86,6.5937,0.0598,702,761
Redcastle,House,4,30,30,126,807,786,820,850,72,3.93,6.6886,0.097,752,858
Redcastle,House,5+,12,9,21,948,880,893,1000,115,3.92,6.8487,0.1119,874,1017
Rongomai East,House,1,6,0,6,665,628,630,668,77,4,6.4951,0.1097,615,713
Rongomai East,House,3,24,12,108,658,615,650,700,67,4.1,6.4848,0.1036,611,703
Rongomai West,House,3,12,9,51,634,585,623,678,56,3.9,6.4485,0.0883,595,671
Rongomai West,House,4,6,9,12,733,673,690,750,114,4,6.5881,0.1461,658,802
Rowandale West,House,1,9,0,6,644,605,660,715,101,4.18,6.4565,0.169,568,714
Rowandale West,House,2,12,12,27,573,543,555,609,56,4,6.3469,0.0971,535,609
Rowandale West,House,3,48,48,174,682,600,660,723,113,3.9,6.5126,0.1555,607,748
Rowandale West,House,4,9,3,36,763,750,750,795,67,3.84,6.6337,0.0892,716,807
Rowandale West,House,NA,42,15,51,654,593,690,715,154,4.04,6.4378,0.3576,491,796
Sunkist Bay,Apartment,2,6,3,6,570,540,555,585,42,3.53,6.3436,0.0727,542,597
Sunkist Bay,House,2,24,21,69,560,516,573,611,68,3.87,6.3209,0.1268,510,606
Sunkist Bay,House,3,27,24,75,717,679,720,760,66,3.93,6.5712,0.0927,671,760
Sunkist Bay,House,4,21,21,57,861,780,830,860,150,3.87,6.7464,0.1492,770,941
Sunkist Bay,House,NA,9,12,15,786,665,800,930,182,3.89,6.6395,0.2565,643,909
Te Puru,Apartment,2,6,6,12,631,581,625,675,94,4,6.4393,0.1493,566,692
Te Puru,House,1,6,0,6,752,713,755,854,123,3.86,6.6099,0.1735,660,835
Te Puru,House,2,21,15,36,607,595,600,628,43,4,6.4066,0.073,577,636
Te Puru,House,3,9,15,39,772,755,783,800,50,3.36,6.6464,0.0667,736,805
Te Puru,House,4,21,24,72,935,850,950,975,80,3.99,6.8368,0.0852,879,987
Te Puru,House,5+,6,15,27,1090,925,1140,1280,218,3.41,6.9764,0.2076,931,1232
Te Puru,House,NA,45,30,78,858,780,880,960,190,3.97,6.7258,0.2543,702,990
The Gardens (Auckland),House,2,6,6,6,530,525,545,550,34,3.49,6.2713,0.0656,506,553
The Gardens (Auckland),House,3,12,6,42,748,760,780,828,174,3.96,6.576,0.3431,569,905
The Gardens (Auckland),House,4,15,21,69,823,795,838,863,70,3.87,6.7092,0.0876,773,870
The Gardens (Auckland),House,5,6,0,6,951,903,993,1041,226,4,6.8338,0.2613,779,1108
The Gardens (Auckland),House,NA,18,3,24,917,815,873,1059,160,3.89,6.8071,0.1742,804,1017
Totara Heights,House,3,24,18,87,701,655,715,748,57,3.85,6.5494,0.0833,661,739
Totara Heights,House,4,9,9,42,777,705,780,823,80,4.1,6.6509,0.1024,722,829
Totara Heights,House,5+,6,6,12,1075,925,975,1125,290,3.65,6.9557,0.2478,888,1240
Totara Heights,House,NA,18,6,21,799,730,750,850,110,3.92,6.6753,0.1334,724,867
Turanga,House,3,6,6,30,670,650,650,700,73,3.63,6.5021,0.1084,620,717
Turanga,House,4,6,12,33,992,838,975,1075,218,3.84,6.88,0.2143,842,1124
Turanga,House,5+,6,3,15,1313,915,1048,1383,620,3.2,7.1056,0.3985,932,1595
Turanga,House,NA,6,6,18,919,860,865,885,251,4,6.7956,0.2412,760,1052
Tuscany Heights,Flat,2,6,3,3,520,495,515,540,39,3.3,6.2517,0.0747,493,546
Tuscany Heights,House,5+,6,6,12,1244,1150,1325,1575,486,4.18,7.0213,0.5725,761,1648
Wiri East,Apartment,1,27,9,30,462,400,480,500,69,4.01,6.1228,0.1596,410,508
Wiri East,Apartment,2,6,6,6,631,621,640,650,26,4,6.4471,0.0417,613,649
Wiri East,Boarding House,NA,9,0,9,327,327,327,327,,2,5.79,0,327,327
Wiri East,House,1,12,3,15,617,580,610,650,86,4,6.4156,0.1367,557,670
Wiri East,House,2,27,30,78,601,590,600,610,30,3.89,6.397,0.0497,580,620
Wiri East,House,3,30,27,99,651,629,665,691,63,3.91,6.4731,0.1042,604,695
Wiri East,House,4,6,0,18,795,758,790,828,48,4,6.677,0.0601,762,827
Wiri East,House,NA,63,9,84,519,433,488,613,108,4.03,6.2305,0.2058,442,584
Wiri West,House,1,6,0,3,590,590,590,590,,3.75,6.3801,0,590,590
Wiri West,House,2,9,9,18,601,605,610,620,43,2.71,6.3958,0.0788,568,632
Wiri West,House,NA,54,6,54,594,580,610,633,65,3.82,6.38,0.1182,545,639
Wiri West,Room,1,120,66,99,526,475,500,550,93,2.95,6.2558,0.1219,480,566
Alfriston,House,1,9,9,9,671,563,700,800,179,4.38,6.4733,0.2966,530,791
Alfriston,House,2,15,3,24,561,460,600,648,209,3.83,6.2459,0.4592,378,703
Alfriston,House,3,21,12,66,700,673,720,750,81,3.81,6.5432,0.1383,633,762
Alfriston,House,4,21,18,69,800,780,795,820,49,3.86,6.6832,0.0604,767,832
Alfriston,House,NA,60,18,57,567,380,395,709,247,3.77,6.2648,0.3784,407,679
Ardmore,House,4,6,3,21,723,683,810,850,205,3.73,6.5443,0.3392,553,874
Clevedon,House,3,6,6,24,728,743,750,750,66,3.65,6.5858,0.0982,678,774
Clevedon,House,NA,9,3,12,657,550,600,735,191,3.97,6.46,0.2823,528,773
Conifer Grove East,House,1,6,3,9,620,555,613,681,97,4,6.419,0.1569,552,682
Conifer Grove East,House,2,9,9,30,576,540,540,608,59,4,6.3515,0.098,537,613
Conifer Grove East,House,3,18,24,36,779,650,670,700,525,3.25,6.5615,0.373,550,910
Conifer Grove East,House,NA,30,9,27,703,640,733,750,71,4,6.5496,0.1033,652,749
Conifer Grove West,House,1,9,3,9,591,555,565,650,67,4.21,6.3765,0.1107,546,633
Conifer Grove West,House,2,9,9,9,623,605,620,635,30,4.17,6.4331,0.048,602,643
Conifer Grove West,House,3,21,15,45,740,715,750,758,35,3.9,6.6052,0.0486,715,764
Conifer Grove West,House,4,15,12,30,774,750,820,835,155,3.83,6.6173,0.3145,605,925
Conifer Grove West,House,NA,33,9,42,727,641,720,795,131,4,6.5728,0.1802,633,808
Drury,House,1,15,0,15,597,580,595,640,99,3.73,6.3771,0.1785,521,663
Drury,House,2,9,3,18,662,610,620,650,121,3.57,6.4824,0.1588,587,727
Drury,House,3,36,30,90,718,620,650,694,377,3.7,6.5255,0.257,574,811
Drury,House,4,36,18,63,804,730,755,815,150,3.99,6.6766,0.1581,713,883
Drury,House,NA,60,12,69,718,619,663,750,176,3.96,6.5525,0.2088,609,807
Drury Rural,House,1,6,3,9,603,471,513,790,228,3.98,6.3425,0.3734,442,731
Drury Rural,House,2,6,6,12,608,563,635,655,62,4,6.4062,0.1056,564,650
Drury Rural,House,3,15,30,81,665,590,665,690,102,3.88,6.4888,0.1525,593,729
Drury Rural,House,4,21,12,66,887,770,860,998,175,4,6.7715,0.184,771,988
Drury Rural,House,5+,6,6,24,981,901,955,1035,161,4,6.879,0.1607,872,1083
Drury Rural,House,NA,45,9,57,771,650,700,830,206,4.03,6.6194,0.2265,643,873
Glenbrook,House,2,12,6,27,570,498,550,650,118,3.78,6.3259,0.2019,488,640
Glenbrook,House,3,15,18,42,623,570,625,663,69,4,6.4289,0.1095,575,667
Glenbrook,House,4,12,6,27,883,685,750,775,615,2.99,6.6745,0.4008,604,1038
Glenbrook,House,NA,15,9,24,689,630,700,750,148,4,6.5119,0.2297,576,786
Hamilton Estate,Flat,2,6,3,12,436,408,440,469,76,4,6.0663,0.1798,382,487
Hamilton Estate,House,1,9,3,9,578,540,590,608,51,4,6.356,0.0878,543,611
Hamilton Estate,House,2,9,6,42,488,445,450,500,79,3.83,6.1806,0.1431,439,532
Hamilton Estate,House,3,21,30,93,584,565,600,650,136,3.99,6.2087,0.9666,259,954
Hamilton Estate,House,4,12,6,21,643,650,663,688,80,3.84,6.4572,0.14,580,700
Hamilton Estate,House,NA,6,6,12,666,623,683,700,58,4,6.4974,0.0877,625,704
Hillpark South,Flat,1,9,9,15,436,360,400,525,79,3.89,6.0638,0.1767,382,484
Hillpark South,Flat,2,15,9,48,538,505,520,575,40,3.8,6.2847,0.073,511,563
Hillpark South,House,1,6,3,9,566,501,538,601,116,4,6.321,0.1931,488,633
Hillpark South,House,2,18,12,54,563,523,568,600,82,3.69,6.3229,0.147,505,615
Hillpark South,House,3,27,15,75,710,660,690,730,100,3.72,6.5562,0.1324,643,769
Hillpark South,House,4,9,12,42,777,765,780,815,76,3.74,6.6513,0.1026,722,829
Hillpark South,House,NA,15,9,18,721,660,700,810,134,4,6.5639,0.1947,622,809
Hingaia,House,1,6,3,6,1090,845,980,1225,364,4.5,6.9556,0.3127,850,1295
Hingaia,House,2,9,0,6,808,798,800,825,32,4,6.6937,0.0397,786,829
Hingaia,House,3,6,6,15,856,750,860,995,157,4,6.7368,0.1934,740,960
Hingaia,House,4,15,12,54,945,830,890,950,216,4,6.8303,0.2094,804,1066
Hingaia,House,NA,18,9,30,920,820,860,895,221,4.09,6.8028,0.2024,785,1032
Karaka Lakes,House,1,9,3,9,820,690,895,895,148,4,6.6939,0.1892,711,917
Karaka Lakes,House,2,15,3,24,651,600,630,730,67,3.93,6.4739,0.1022,605,694
Karaka Lakes,House,3,12,12,36,703,640,678,751,82,4,6.5494,0.1118,648,754
Karaka Lakes,House,4,21,15,75,853,805,850,885,91,4,6.7432,0.1038,791,910
Karaka Lakes,House,5+,12,12,36,1035,900,985,1113,210,4,6.9254,0.1885,896,1156
Karaka Lakes,House,NA,54,12,84,819,703,813,900,149,4.01,6.6919,0.1852,711,913
Kawakawa Bay-Orere,House,2,12,9,30,543,496,538,584,85,3.56,6.2864,0.1541,484,596
Kawakawa Bay-Orere,House,NA,6,0,6,567,525,550,600,76,4.32,6.3338,0.1328,515,616
Kingseat-Karaka,House,2,9,9,15,632,550,650,720,110,3.54,6.4349,0.1822,551,705
Kingseat-Karaka,House,3,6,12,48,756,593,670,690,389,3.68,6.5506,0.3817,541,905
Kingseat-Karaka,House,4,15,9,33,797,750,750,850,133,3.83,6.6677,0.1698,701,882
Kingseat-Karaka,House,NA,18,6,30,768,735,790,813,145,4,6.6251,0.2045,657,865
Leabank,Apartment,2,9,6,18,198,124,162,180,154,4.01,5.103,0.6141,109,249
Leabank,Flat,2,6,0,33,523,503,535,550,50,4,6.2556,0.0986,487,557
Leabank,House,1,18,0,24,494,319,558,624,212,4,6.0823,0.565,299,641
Leabank,House,2,15,18,51,589,535,590,630,64,3.98,6.3731,0.1087,544,630
Leabank,House,3,87,78,264,638,620,660,700,137,4.02,6.4183,0.3359,489,769
Leabank,House,4,18,21,57,750,718,740,758,52,4,6.6183,0.0673,715,783
Leabank,House,NA,93,39,105,549,325,620,700,185,3.95,6.24,0.394,393,669
Manurewa Central,Flat,1,6,6,27,401,350,380,443,59,4,5.9837,0.1449,360,438
Manurewa Central,Flat,2,18,9,54,570,543,565,599,40,4,6.3429,0.0691,543,596
Manurewa Central,House,1,9,0,12,613,380,620,900,238,4,6.3482,0.4042,435,751
Manurewa Central,House,2,24,24,69,575,528,570,600,86,3.86,6.3445,0.1444,517,628
Manurewa Central,House,3,33,36,141,675,600,680,729,96,3.88,6.5062,0.1366,610,734
Manurewa Central,House,NA,21,12,36,611,540,595,683,98,3.96,6.4035,0.1584,543,672
Manurewa East,House,1,15,6,18,640,580,680,680,124,3.96,6.4425,0.207,546,722
Manurewa East,House,2,9,9,15,602,555,560,638,83,4,6.3929,0.131,547,653
Manurewa East,House,3,51,48,117,639,600,673,700,129,4.04,6.426,0.3057,503,759
Manurewa East,House,4,6,6,24,759,714,760,805,61,4,6.6293,0.0801,717,799
Manurewa East,House,NA,45,15,51,664,620,700,740,154,3.96,6.4552,0.3443,504,802
Manurewa South,Apartment,2,6,3,9,540,528,540,553,18,4,6.2911,0.0338,528,552
Manurewa South,Flat,1,6,0,33,411,364,388,435,70,4,6.0091,0.1611,365,454
Manurewa South,Flat,2,12,6,45,495,505,550,575,179,4,6.0675,0.6701,275,678
Manurewa South,House,1,18,0,24,632,593,618,671,110,4,6.4338,0.185,550,705
Manurewa South,House,2,39,18,90,549,550,560,600,120,3.88,6.2649,0.3457,416,664
Manurewa South,House,3,51,63,213,634,595,640,675,75,3.9,6.4435,0.1363,573,689
Manurewa South,House,4,12,24,60,791,763,788,843,71,4,6.6696,0.0906,741,838
Manurewa South,House,NA,54,21,78,643,525,680,750,140,3.9,6.4384,0.2564,526,743
Opaheke,House,1,6,0,6,651,591,660,708,266,3.71,6.3845,0.5099,420,836
Opaheke,House,3,30,33,84,679,648,680,700,67,3.98,6.5166,0.0993,632,723
Opaheke,House,4,21,12,48,840,700,750,785,478,3.43,6.6621,0.3195,631,970
Opaheke,House,NA,33,6,39,652,615,650,695,119,3.99,6.4522,0.2779,526,765
Pahurehure,House,1,6,3,6,660,595,608,718,115,4,6.4803,0.1662,583,730
Pahurehure,House,2,12,6,33,590,563,580,630,47,3.73,6.3765,0.079,557,620
Pahurehure,House,3,21,21,93,663,653,700,731,127,3.69,6.4626,0.3209,516,796
Pahurehure,House,4,6,12,39,792,750,755,828,67,4,6.6713,0.0819,747,834
Pahurehure,House,NA,27,3,39,642,583,650,745,144,4,6.4365,0.2556,525,742
Papakura Central,Apartment,1,6,6,9,415,415,420,420,10,4,6.0281,0.0244,408,422
Papakura Central,Apartment,2,24,9,33,498,444,540,550,97,3.76,6.1867,0.2469,412,574
Papakura Central,Apartment,3,6,6,6,488,470,550,568,175,4,6.1219,0.4594,334,621
Papakura Central,Flat,1,6,6,33,390,398,425,445,158,4,5.8345,0.6652,218,535
Papakura Central,Flat,2,18,18,96,527,495,540,560,117,3.91,6.2296,0.3219,408,631
Papakura Central,House,1,21,6,30,516,490,550,595,159,4,6.1652,0.4963,341,665
Papakura Central,House,2,27,45,102,577,550,580,620,47,3.96,6.3549,0.0838,544,609
Papakura Central,House,3,39,39,135,615,595,645,670,112,3.83,6.3948,0.2693,499,718
Papakura Central,House,4,9,12,27,756,713,770,784,46,3.08,6.6257,0.0614,724,786
Papakura Central,House,NA,72,21,78,519,528,550,641,190,4.03,6.1123,0.6455,292,698
Papakura East,House,2,6,9,12,565,560,575,580,24,4,6.3361,0.043,548,581
Papakura East,House,3,24,24,87,665,625,660,680,72,3.93,6.4938,0.1042,616,709
Papakura East,House,4,18,18,78,738,696,750,764,48,3.99,6.602,0.0651,705,770
Papakura East,House,NA,18,3,30,659,600,693,788,219,4,6.3795,0.5974,394,882
Papakura Kelvin,House,1,15,0,15,710,650,695,800,98,4,6.5566,0.1368,642,772
Papakura Kelvin,House,2,9,9,30,586,540,560,595,81,4,6.3657,0.1302,533,635
Papakura Kelvin,House,3,87,87,270,640,600,650,696,102,3.94,6.4393,0.2451,531,738
Papakura Kelvin,House,4,12,18,51,705,670,695,743,56,4.07,6.5548,0.0784,666,741
Papakura Kelvin,House,NA,30,15,45,680,600,668,743,88,3.95,6.5145,0.1261,620,735
Papakura Massey Park,Flat,2,6,6,18,570,550,570,598,30,4,6.3444,0.0535,549,590
Papakura Massey Park,House,1,12,0,15,594,605,650,683,168,3.8,6.3105,0.5018,392,772
Papakura Massey Park,House,2,18,15,33,577,545,560,570,64,3.99,6.3532,0.0995,537,614
Papakura Massey Park,House,3,45,36,123,666,600,665,700,68,3.98,6.4958,0.1014,619,709
Papakura Massey Park,House,4,9,12,33,708,650,730,750,64,3.95,6.5582,0.0923,662,750
Papakura Massey Park,House,NA,33,15,39,701,650,700,780,105,3.92,6.5418,0.1552,625,770
Papakura North,Flat,2,15,18,45,552,520,550,580,42,4,6.3109,0.0763,523,580
Papakura North,House,1,60,27,48,457,370,370,480,144,3.94,6.0857,0.2706,366,528
Papakura North,House,2,24,21,84,583,550,550,605,77,3.88,6.3608,0.1223,533,628
Papakura North,House,3,48,42,174,668,640,675,700,75,4.06,6.4978,0.117,613,718
Papakura North,House,4,15,24,57,718,700,750,790,147,3.8,6.5408,0.3269,556,864
Papakura North,House,NA,42,12,51,682,603,690,750,115,3.85,6.5103,0.179,596,758
Papakura North East,Flat,2,6,0,12,383,370,400,400,72,3.99,5.9302,0.1979,329,430
Papakura North East,House,1,18,0,21,561,405,588,645,178,3.99,6.2801,0.3326,427,668
Papakura North East,House,3,39,33,117,663,650,668,700,69,3.86,6.4901,0.1166,609,712
Papakura North East,House,4,18,18,30,735,700,763,813,148,3.95,6.5613,0.3393,563,889
Papakura North East,House,NA,48,24,51,693,615,700,770,160,3.95,6.505,0.3045,544,821
Papakura West,Flat,2,9,0,24,548,510,550,560,45,3.8,6.304,0.0796,518,577
Papakura West,House,2,12,9,30,578,536,565,625,71,4,6.3524,0.1242,528,624
Papakura West,House,3,15,15,48,688,650,680,700,60,3.88,6.5299,0.0843,647,725
Papakura West,House,NA,12,3,15,601,536,580,645,100,3.91,6.3872,0.1578,534,661
Papakura West,Room,1,9,3,9,409,360,420,420,58,4,6.0047,0.1342,370,444
Patumahoe,House,2,6,0,12,601,542,570,663,89,3.56,6.3895,0.1449,540,657
Patumahoe,House,3,9,12,39,715,668,695,775,110,3.38,6.5619,0.1565,637,786
Patumahoe,House,4,6,6,21,865,725,870,1010,216,4,6.7384,0.2573,710,1004
Patumahoe,House,NA,12,0,21,622,543,630,700,110,4,6.4178,0.1795,543,692
Randwick Park East,House,1,6,0,6,624,561,603,651,85,4.29,6.4291,0.1307,567,677
Randwick Park East,House,3,30,27,114,647,635,680,700,106,3.85,6.4483,0.2622,529,754
Randwick Park East,House,4,6,3,21,783,780,790,800,46,4,6.662,0.0607,751,815
Randwick Park East,House,NA,12,3,18,732,685,700,780,89,3.95,6.5887,0.1236,669,790
Randwick Park West,House,1,9,0,9,640,595,595,680,93,4,6.4531,0.1334,580,694
Randwick Park West,House,2,12,9,27,520,480,510,565,51,4,6.2503,0.0971,485,553
Randwick Park West,House,3,57,51,255,687,600,650,700,287,3.76,6.4976,0.2154,574,767
Randwick Park West,House,4,6,6,30,826,788,795,849,138,4,6.705,0.1648,731,912
Randwick Park West,House,NA,12,18,24,624,603,650,650,54,4,6.4325,0.0944,583,663
Red Hill,House,1,9,0,9,642,590,650,675,62,4,6.4609,0.0957,600,682
Red Hill,House,3,45,54,138,651,600,650,700,79,4.02,6.4701,0.129,592,704
Red Hill,House,4,6,6,18,708,684,723,769,89,4.23,6.5545,0.1344,642,769
Red Hill,House,NA,33,12,42,660,595,650,680,102,4,6.482,0.1367,596,716
Rosehill,House,1,9,0,6,661,620,650,665,78,4.26,6.4889,0.1109,610,709
Rosehill,House,2,6,12,30,610,545,580,620,103,4,6.4021,0.1569,543,670
Rosehill,House,3,48,48,165,648,625,650,695,99,3.91,6.4544,0.2274,545,741
Rosehill,House,4,9,12,42,776,750,780,813,53,4,6.6518,0.0698,739,811
Rosehill,House,NA,33,15,42,716,650,700,800,115,4.03,6.5609,0.161,634,788
Rowandale East,House,1,6,0,6,739,673,680,773,210,3.75,6.5699,0.2846,589,864
Rowandale East,House,3,48,42,213,679,630,680,720,65,3.92,6.5166,0.0971,633,722
Rowandale East,House,4,9,3,42,749,698,750,795,70,4,6.6144,0.0944,700,795
Rowandale East,House,5+,6,9,27,1081,950,1125,1256,225,4,6.9685,0.219,917,1232
Rowandale East,House,NA,21,9,36,670,610,700,728,178,4,6.4494,0.4206,476,840
Takanini North,House,1,15,3,18,563,420,595,690,138,4,6.3045,0.2509,462,648
Takanini North,House,2,9,9,9,560,578,585,600,95,3.69,6.3123,0.2029,481,632
Takanini North,House,3,27,39,84,668,640,650,700,53,3.79,6.5011,0.0774,632,702
Takanini North,House,4,9,9,42,761,700,800,838,199,3.9,6.586,0.3737,563,933
Takanini North,House,NA,48,15,57,596,420,635,700,141,4.01,6.3615,0.2498,489,685
Takanini South,Flat,1,6,6,9,572,453,605,750,207,3.73,6.2832,0.4154,405,709
Takanini South,Flat,2,6,3,3,518,495,510,533,39,3.04,6.247,0.0735,491,543
Takanini South,House,1,21,3,27,683,655,750,795,172,4.03,6.4763,0.367,507,832
Takanini South,House,2,6,12,6,584,570,610,658,192,3.64,6.2987,0.4604,399,742
Takanini South,House,3,48,48,99,715,675,690,715,330,3.64,6.5182,0.312,549,836
Takanini South,House,4,63,78,168,778,750,790,800,73,3.9,6.6496,0.1282,708,842
Takanini South,House,NA,105,33,120,734,690,750,800,109,3.98,6.5829,0.2063,629,831
Takanini South East,House,1,21,3,21,575,520,630,685,195,3.77,6.2325,0.6327,332,780
Takanini South East,House,2,33,24,33,595,575,630,680,137,3.95,6.3351,0.4046,429,741
Takanini South East,House,3,60,93,84,679,650,680,700,43,3.92,6.519,0.0641,649,708
Takanini South East,House,4,27,45,36,748,700,750,790,56,3.69,6.6151,0.0751,709,785
Takanini South East,House,5+,9,9,9,805,800,815,850,89,4,6.685,0.1201,738,868
Takanini South East,House,NA,150,39,171,651,600,680,720,128,3.94,6.4412,0.336,500,787
Takanini West,Flat,2,6,3,33,1086,495,540,563,1590,1.94,6.5411,0.8048,403,1193
Takanini West,House,1,9,3,9,562,460,600,670,163,3.95,6.2802,0.3672,417,684
Takanini West,House,3,30,30,123,658,620,670,710,139,3.96,6.4263,0.4951,442,863
Takanini West,House,4,15,9,33,756,735,750,774,54,4.09,6.6258,0.0709,719,791
Takanini West,House,NA,24,12,33,695,680,700,761,91,4,6.535,0.1392,627,757
Tamakae,House,1,9,3,9,570,540,580,608,71,3.4,6.3385,0.1305,518,618
Tamakae,House,2,9,12,33,531,500,500,550,63,4,6.2681,0.1129,489,569
Tamakae,House,3,33,27,87,605,580,600,640,44,3.76,6.4022,0.0717,575,633
Tamakae,House,4,9,6,30,701,670,680,695,53,3.78,6.5495,0.0723,666,734
Tamakae,House,NA,15,9,21,641,590,650,703,73,4,6.4569,0.1153,589,689
Waiuku Central,House,3,12,15,30,546,525,560,593,81,3.78,6.2914,0.1593,485,601
Waiuku Central,House,4,6,9,27,669,640,690,740,114,3.96,6.4908,0.1896,580,749
Waiuku Central,House,NA,6,0,9,660,636,655,679,70,3.98,6.4881,0.105,612,706
Waiuku East,House,2,6,3,18,438,438,450,450,25,4,6.0798,0.0589,420,455
Waiuku East,House,3,15,12,57,575,550,580,600,35,4,6.352,0.0614,550,598
Waiuku East,House,4,6,6,27,638,600,645,670,75,3.61,6.4512,0.1217,584,688
Waiuku East,House,NA,12,6,12,643,573,650,720,78,4,6.4594,0.1229,588,694
Wattle Downs East,House,3,12,9,45,716,700,715,750,45,4.02,6.5718,0.0632,685,746
Wattle Downs East,House,4,12,12,39,796,723,755,843,107,3.82,6.6722,0.1256,726,860
Wattle Downs East,House,NA,15,6,21,663,625,680,760,164,4,6.4438,0.3993,480,823
Wattle Downs North,House,1,12,6,9,581,465,670,698,190,4,6.2883,0.471,392,740
Wattle Downs North,House,2,6,9,24,543,538,550,560,36,4,6.2953,0.0684,518,568
Wattle Downs North,House,3,36,33,156,644,613,650,688,82,3.84,6.4589,0.1455,579,704
Wattle Downs North,House,NA,27,3,33,604,595,595,695,136,4,6.3618,0.3384,461,728
Wattle Downs West,House,3,15,12,78,657,650,700,750,165,3.88,6.4322,0.4138,470,822
Wattle Downs West,House,4,12,18,81,798,800,800,828,57,3.87,6.6792,0.0785,755,839
Wattle Downs West,House,NA,12,6,36,784,685,795,830,145,3.98,6.6498,0.1737,687,869
Weymouth East,House,1,6,3,12,592,566,658,704,194,4,6.2996,0.5102,386,768
Weymouth East,House,2,9,6,30,317,162,162,487,208,4,5.5782,0.6377,172,407
Weymouth East,House,3,45,36,150,676,655,690,720,100,3.91,6.4961,0.2372,565,778
Weymouth East,House,4,6,6,51,779,738,800,805,61,3.99,6.6549,0.0797,736,819
Weymouth East,House,5+,6,6,21,970,938,1015,1048,153,3.43,6.8671,0.1694,856,1076
Weymouth East,House,NA,18,6,33,660,670,680,723,225,4,6.3762,0.6098,390,887
Weymouth North,House,2,6,3,6,600,580,585,605,34,4,6.3958,0.0547,578,622
Weymouth North,House,3,51,33,231,640,595,650,700,107,5.09,6.4394,0.2452,531,739
Weymouth North,House,4,9,18,60,758,750,760,780,69,3.55,6.6265,0.092,709,803
Weymouth North,House,NA,15,6,33,648,590,680,720,105,3.97,6.4604,0.1712,570,718
Weymouth South,House,1,9,3,15,643,570,600,695,117,3.94,6.4509,0.18,561,715
Weymouth South,House,2,12,15,42,643,588,660,695,87,3.99,6.4574,0.1417,579,701
Weymouth South,House,3,33,39,129,679,666,680,729,84,3.89,6.5121,0.1415,612,741
Weymouth South,House,4,12,6,60,759,714,800,838,122,3.83,6.6165,0.1992,653,855
Weymouth South,House,5+,6,6,21,544,480,480,480,289,3.26,6.1972,0.4815,355,680
Weymouth South,House,NA,27,6,51,643,620,680,695,83,4.07,6.4578,0.1407,580,701
Aka Aka,House,2,9,6,18,464,400,520,540,98,3.3,6.1191,0.2306,389,531
Aka Aka,House,3,9,12,39,641,618,650,700,98,3.8,6.4513,0.1678,566,709
Aka Aka,House,4,6,3,27,640,575,590,655,121,3.06,6.4493,0.1756,562,712
Aka Aka,House,NA,6,3,9,678,623,720,755,137,3.77,6.5049,0.2142,578,772
Anselmi Ridge,House,3,24,6,33,635,635,650,670,98,3.92,6.4407,0.1728,558,704
Anselmi Ridge,House,4,15,24,33,797,730,780,850,78,3.94,6.6763,0.0967,743,847
Anselmi Ridge,House,5+,6,3,9,975,930,965,1010,95,4,6.8789,0.0969,910,1037
Anselmi Ridge,House,NA,60,3,63,758,650,750,828,137,4.04,6.6176,0.1576,673,832
Ararimu,House,NA,6,0,6,869,669,800,1000,317,4,6.7195,0.352,653,1050
Bombay Hills,House,2,6,0,12,503,459,513,556,75,2.95,6.2109,0.1534,449,552
Bombay Hills,House,3,9,3,27,773,638,755,925,185,3.87,6.6262,0.2437,640,889
Bombay Hills,House,5+,6,0,9,898,770,835,963,179,4,6.7857,0.1894,779,1006
Bombay Hills,House,NA,6,3,15,624,450,575,749,216,3.22,6.3916,0.3411,474,751
Buckland,House,4,6,6,12,878,763,885,1000,142,4,6.7671,0.1632,778,970
Cape Hill,House,3,9,9,30,671,650,665,695,40,4.2,6.5073,0.0609,643,698
Cape Hill,House,4,18,30,51,745,703,738,764,51,3.77,6.6112,0.0668,711,778
Cape Hill,House,NA,6,3,9,669,630,660,740,109,4.07,6.4939,0.1737,588,743
Cloverlea (Auckland),House,1,6,0,9,731,645,723,809,108,4,6.5866,0.1477,657,801
Cloverlea (Auckland),House,3,21,24,60,660,615,650,680,63,3.65,6.4882,0.0902,619,699
Cloverlea (Auckland),House,4,15,18,48,732,680,740,760,60,3.94,6.5931,0.0829,690,772
Cloverlea (Auckland),House,NA,9,0,15,711,650,700,758,127,4.05,6.5518,0.1829,619,792
Hauraki Plains North,House,3,6,3,21,600,575,650,675,173,4.23,6.358,0.3401,459,726
Hauraki Plains North,House,NA,6,3,6,618,605,650,663,101,4,6.4144,0.1779,542,688
Hauraki Plains South,House,3,6,9,36,528,495,533,565,44,3.56,6.2655,0.084,497,557
Hauraki Plains South,House,NA,6,3,6,582,508,555,633,92,4,6.3559,0.1535,519,639
Matatoki-Puriri,House,3,6,3,9,529,499,520,550,40,4,6.2684,0.0741,502,555
Mercury Bay North,House,3,6,6,18,549,449,575,663,163,3.37,6.265,0.3271,422,656
Mercury Bay North,House,NA,6,3,9,526,466,528,548,121,3.31,6.2436,0.2262,442,600
Miranda-Pukorokoro,Flat,2,6,0,6,521,503,565,584,109,4,6.2369,0.2361,436,600
Ngatea,House,3,15,12,57,539,513,573,600,119,3.34,6.2634,0.2527,443,623
Ngatea,House,NA,6,0,9,613,578,620,685,115,4,6.4026,0.2037,526,692
Paeroa,Flat,2,6,3,24,472,473,480,480,27,4,6.1548,0.0596,452,490
Paeroa,House,1,12,3,12,528,493,530,550,59,3.63,6.2635,0.111,487,566
Paeroa,House,2,6,9,27,487,450,475,538,65,3.81,6.18,0.135,441,529
Paeroa,House,3,36,42,129,596,520,555,600,306,3.52,6.3387,0.2638,474,676
Paeroa,House,NA,30,9,33,560,514,600,631,92,3.93,6.3133,0.1854,487,625
Paeroa Rural,House,3,6,9,15,441,425,460,493,92,3.57,6.0662,0.245,365,508
Pauanui,House,2,6,0,9,445,388,440,498,88,4,6.0833,0.199,383,501
Pukekohe Central,Apartment,1,15,12,30,414,390,430,430,24,4.01,6.025,0.0582,398,430
Pukekohe Central,House,NA,6,3,6,603,570,650,660,99,3.65,6.3929,0.1726,532,671
Pukekohe Hospital,House,2,12,12,24,550,550,550,564,28,3.3,6.3077,0.0544,529,569
Pukekohe Hospital,House,3,12,9,42,631,613,640,650,28,4,6.4464,0.0444,612,650
Pukekohe Hospital,House,NA,9,0,9,617,525,565,676,177,4.09,6.3932,0.2597,502,712
Pukekohe North West,Flat,2,6,3,24,495,473,505,528,56,4,6.1996,0.1162,455,533
Pukekohe North West,House,1,12,0,15,435,259,545,568,211,4,5.8763,0.7583,214,595
Pukekohe North West,House,2,12,21,48,523,488,503,578,74,3.88,6.25,0.1419,471,570
Pukekohe North West,House,3,78,84,246,625,600,630,650,57,3.88,6.4326,0.0956,583,663
Pukekohe North West,House,4,24,24,99,710,658,715,741,61,3.84,6.5624,0.0848,669,750
Pukekohe North West,House,NA,51,6,60,610,550,585,650,85,4.02,6.4053,0.1307,554,661
Pukekohe West,House,1,24,6,21,602,550,615,678,112,3.9,6.3811,0.2024,515,677
Pukekohe West,House,2,21,18,51,569,510,550,580,86,4,6.335,0.1398,513,620
Pukekohe West,House,3,114,123,276,662,600,640,680,234,3.76,6.4673,0.1974,563,735
Pukekohe West,House,4,39,51,96,718,695,700,750,69,4,6.5729,0.0916,673,761
Pukekohe West,House,5+,6,6,9,838,735,873,890,147,3.66,6.7183,0.1788,733,933
Pukekohe West,House,NA,81,18,90,679,645,680,730,70,3.99,6.5156,0.1102,627,728
Puni,House,3,9,3,27,559,488,570,625,93,3.87,6.3142,0.1701,492,620
Puni,House,NA,9,6,15,821,700,710,875,281,3.95,6.6688,0.2922,647,959
Ramarama,House,1,6,3,6,544,420,563,686,203,4,6.2387,0.4128,388,677
Ramarama,House,3,15,9,39,706,650,700,750,128,3.41,6.5445,0.1831,615,787
Ramarama,House,4,15,9,45,754,650,760,900,184,3.63,6.5942,0.2697,609,877
Ramarama,House,5+,9,3,9,1309,1225,1450,1450,232,3.05,7.1608,0.2006,1125,1475
Ramarama,House,NA,18,3,21,757,676,795,875,155,3.93,6.6069,0.2273,635,863
Rooseville Park,Apartment,2,9,3,6,503,500,500,538,52,3.84,6.2152,0.1122,464,540
Rooseville Park,Flat,2,6,3,18,522,501,525,534,26,4,6.256,0.0502,504,539
Rooseville Park,House,1,9,3,15,597,560,590,645,87,4,6.3819,0.1554,532,656
Rooseville Park,House,2,12,18,24,588,550,570,606,53,3.69,6.3731,0.0866,553,621
Rooseville Park,House,3,45,42,93,652,630,650,690,58,3.78,6.4751,0.0959,608,692
Rooseville Park,House,4,12,12,30,753,705,730,758,89,3.91,6.6185,0.1078,696,805
Rooseville Park,House,NA,15,3,21,670,550,710,770,111,4,6.4947,0.1705,590,742
Rosa Birch Park,Flat,2,6,3,12,515,498,515,533,24,4,6.2434,0.0463,499,531
Rosa Birch Park,House,1,6,3,9,561,533,550,605,89,4,6.3173,0.1667,495,620
Rosa Birch Park,House,2,21,24,42,587,543,570,620,83,3.73,6.3651,0.1388,529,638
Rosa Birch Park,House,3,33,30,90,627,600,620,650,43,3.71,6.438,0.0687,597,655
Rosa Birch Park,House,NA,12,9,18,586,560,570,615,79,3.99,6.3649,0.1387,529,638
Tairua,House,2,6,6,15,490,443,475,523,74,2.82,6.1861,0.1479,440,537
Tairua,House,3,12,15,27,546,485,545,600,85,3.04,6.292,0.1581,486,601
Thames Central,House,3,6,6,21,608,593,620,670,88,3.18,6.4011,0.1564,542,670
Thames Central,House,NA,6,0,3,554,443,610,643,132,4,6.2909,0.26,453,643
Thames Coast,House,2,6,3,12,400,365,375,410,68,3.28,5.9816,0.1591,356,441
Thames Coast,House,NA,6,3,9,524,488,505,541,79,3.98,6.253,0.1446,471,573
Thames North,Flat,2,6,3,18,489,486,498,500,19,4,6.1913,0.0403,475,502
Thames North,House,1,6,0,6,581,525,575,631,114,4.04,6.3506,0.1979,501,655
Thames North,House,3,15,18,45,718,500,600,650,513,2.85,6.4596,0.4239,480,850
Thames North,House,NA,9,0,12,620,573,645,650,95,3.9,6.4185,0.1603,550,683
Thames South,Flat,1,6,3,9,360,345,350,365,35,4,5.8828,0.0931,337,382
Thames South,House,1,6,0,6,531,500,575,606,125,4,6.2506,0.2672,433,621
Thames South,House,2,6,6,24,503,450,495,555,73,4.16,6.2125,0.1446,453,550
Thames South,House,3,27,21,90,591,578,600,630,61,3.62,6.3765,0.1097,546,633
Thames South,House,4,9,3,21,666,650,680,690,36,3.46,6.4996,0.0553,641,690
Thames South,House,NA,15,3,15,613,583,610,665,64,3.77,6.4137,0.1075,567,656
Totora-Kopu,House,3,6,6,15,548,478,560,643,106,3.64,6.2904,0.2015,471,618
Tuakau Rural,House,3,6,6,24,640,600,675,715,134,3.45,6.4427,0.2313,537,734
Waihi East,House,1,6,0,6,506,460,485,531,64,4,6.2214,0.1216,464,546
Waihi East,House,2,6,6,21,524,483,550,575,71,3.96,6.2536,0.1429,472,572
Waihi East,House,3,12,18,63,566,506,580,600,89,3.84,6.3271,0.1594,502,623
Waihi East,House,NA,15,3,18,579,500,610,650,98,3.78,6.3465,0.1771,506,643
Waihi North,House,2,9,12,18,527,520,550,550,39,3.87,6.265,0.077,499,554
Waihi North,House,3,21,15,51,548,490,550,600,78,3.72,6.296,0.1464,491,599
Waihi North,House,4,6,3,21,599,528,620,691,114,4,6.3804,0.1985,516,675
Waihi North,House,NA,12,6,15,540,420,570,616,99,3.88,6.2756,0.1888,468,604
Waihi Rural,House,3,9,3,33,518,400,575,650,190,3.68,6.1732,0.4525,354,651
Waihi Rural,House,4,6,6,9,675,631,655,739,92,3.29,6.5069,0.1371,611,735
Waihi Rural,House,NA,9,0,12,573,550,640,663,153,3.79,6.3055,0.358,430,697
Waihi South,House,2,9,18,30,552,550,580,605,77,3.78,6.3042,0.1525,493,606
Waihi South,House,3,18,21,75,546,523,588,650,151,3.65,6.2109,0.5765,338,735
Waihi South,House,NA,21,6,21,516,450,585,623,152,3.81,6.1724,0.4561,352,652
Whangamata,House,1,6,0,6,1266,558,585,650,1749,1.82,6.6616,0.9134,422,1448
Whangamata,House,2,15,21,42,539,510,550,570,47,3.46,6.2857,0.0897,505,570
Whangamata,House,3,18,21,66,618,598,630,650,57,3.49,6.4219,0.0958,577,656
Whangamata,House,NA,18,3,18,571,513,550,665,101,4,6.3307,0.2012,490,643
Whitianga North,Flat,1,6,0,6,403,345,370,428,140,3.55,5.9556,0.3296,309,482
Whitianga North,House,1,6,6,3,500,440,465,533,112,3.45,6.1963,0.2094,426,565
Whitianga North,House,NA,21,9,21,492,385,450,590,131,4,6.1662,0.2566,401,566
Whitianga South,Flat,2,6,3,15,403,383,415,435,53,3.23,5.9909,0.1368,365,438
Whitianga South,House,1,12,3,21,524,393,580,598,120,3.84,6.2347,0.2451,432,602
Whitianga South,House,2,15,15,60,477,450,480,500,57,3.47,6.1608,0.1205,437,514
Whitianga South,House,3,42,48,108,596,570,585,635,73,3.7,6.3834,0.1246,544,644
Whitianga South,House,4,9,21,33,697,650,700,725,59,3.91,6.5439,0.0852,656,736
Whitianga South,House,NA,27,6,30,564,495,550,650,98,3.93,6.3196,0.179,492,627
