{"type":"FeatureCollection","features":[{"type":"Feature","properties":{"name":"Albany","region":"North","population":9435,"lat":-36.72974,"lng":174.69272},"geometry":{"type":"MultiPolygon","coordinates":[[[[174.6853,-36.7504],[174.6848,-36.7516],[174.6839,-36.7509],[174.6824,-36.7511],[174.6817,-36.7508],[174.682,-36.7508],[174.6819,-36.7505],[174.6798,-36.7496],[174.6788,-36.7484],[174.6798,-36.7453],[174.6792,-36.7441],[174.6794,-36.7433],[174.6818,-36.7405],[174.6828,-36.7411],[174.6824,-36.7404],[174.6828,-36.7397],[174.6839,-36.7401],[174.6834,-36.7388],[174.6839,-36.7382],[174.6846,-36.7381],[174.6847,-36.7378],[174.6854,-36.7376],[174.686,-36.737],[174.6863,-36.7373],[174.6871,-36.737],[174.6865,-36.7364],[174.6888,-36.7339],[174.6879,-36.7333],[174.6886,-36.7326],[174.6885,-36.7317],[174.6899,-36.729],[174.6891,-36.7287],[174.6858,-36.725],[174.6871,-36.7234],[174.6859,-36.7231],[174.6856,-36.7222],[174.6887,-36.7216],[174.6876,-36.7202],[174.6883,-36.7192],[174.6888,-36.7203],[174.6894,-36.7207],[174.69,-36.7207],[174.6909,-36.7203],[174.6927,-36.7216],[174.6924,-36.7224],[174.6931,-36.7231],[174.6933,-36.7227],[174.6942,-36.7224],[174.6952,-36.7225],[174.6964,-36.7232],[174.6988,-36.7234],[174.7001,-36.7223],[174.7016,-36.7224],[174.7024,-36.7221],[174.7027,-36.7224],[174.7029,-36.7218],[174.704,-36.7215],[174.7055,-36.7202],[174.7071,-36.7203],[174.7092,-36.7195],[174.7097,-36.7199],[174.7099,-36.7194],[174.7111,-36.7185],[174.7113,-36.7178],[174.7121,-36.7177],[174.7143,-36.7228],[174.7155,-36.731],[174.7184,-36.7364],[174.7197,-36.7401],[174.7151,-36.742],[174.7042,-36.7413],[174.7006,-36.7423],[174.6981,-36.7423],[174.6928,-36.7429],[174.6938,-36.7504],[174.6922,-36.7506],[174.6885,-36.749],[174.6877,-36.7511],[174.6853,-36.7504]]]]}},{"type":"Feature","properties":{"name":"Albany Heights","region":"North","population":2770,"lat":-36.72063,"lng":174.70046},"geometry":{"type":"MultiPolygon","coordinates":[[[[174.6741,-36.7142],[174.6753,-36.7127],[174.6764,-36.7121],[174.6771,-36.7109],[174.6782,-36.7111],[174.6794,-36.7104],[174.6801,-36.7095],[174.6817,-36.709],[174.6831,-36.71],[174.6854,-36.7097],[174.6866,-36.7099],[174.6894,-36.7085],[174.6902,-36.7087],[174.6908,-36.71],[174.6969,-36.712],[174.7007,-36.711],[174.7016,-36.7113],[174.7054,-36.7111],[174.7062,-36.7109],[174.7071,-36.7102],[174.7121,-36.7177],[174.7113,-36.7178],[174.7111,-36.7185],[174.7099,-36.7194],[174.7097,-36.7199],[174.7092,-36.7195],[174.7071,-36.7203],[174.7055,-36.7202],[174.704,-36.7215],[174.7029,-36.7218],[174.7027,-36.7224],[174.7024,-36.7221],[174.7016,-36.7224],[174.7001,-36.7223],[174.6988,-36.7234],[174.6964,-36.7232],[174.6952,-36.7225],[174.6942,-36.7224],[174.6933,-36.7227],[174.6931,-36.7231],[174.6924,-36.7224],[174.6927,-36.7216],[174.6909,-36.7203],[174.69,-36.7207],[174.6894,-36.7207],[174.6888,-36.7203],[174.6883,-36.7192],[174.6876,-36.7202],[174.6887,-36.7216],[174.6836,-36.7224],[174.6822,-36.7221],[174.6807,-36.7207],[174.6804,-36.7201],[174.6781,-36.7188],[174.6776,-36.7183],[174.6768,-36.7161],[174.6741,-36.7142]]]]}},{"type":"Feature","properties":{"name":"Alfriston","region":"South","population":700,"lat":-37.01039,"lng":174.93294},"geometry":{"type":"MultiPolygon","coordinates":[[[[174.9596,-37.002],[174.9571,-37.0032],[174.9544,-37.0065],[174.9584,-37.0148],[174.9544,-37.016],[174.9566,-37.0206],[174.9519,-37.022],[174.9498,-37.0175],[174.947,-37.0183],[174.9449,-37.0147],[174.9457,-37.0161],[174.9416,-37.0174],[174.9414,-37.0169],[174.9399,-37.0172],[174.9396,-37.0167],[174.9394,-37.0168],[174.9399,-37.0179],[174.9257,-37.0224],[174.9231,-37.0171],[174.9204,-37.0178],[174.9193,-37.0156],[174.92,-37.0154],[174.9201,-37.0157],[174.9208,-37.0156],[174.921,-37.0154],[174.9206,-37.0151],[174.9216,-37.0148],[174.9215,-37.0145],[174.9218,-37.0144],[174.9206,-37.0121],[174.919,-37.0127],[174.9179,-37.0107],[174.919,-37.0102],[174.9188,-37.0098],[174.9198,-37.0091],[174.92,-37.0094],[174.9234,-37.0082],[174.9246,-37.0105],[174.9299,-37.0086],[174.9303,-37.0091],[174.932,-37.0079],[174.9331,-37.0063],[174.9343,-37.0068],[174.9343,-37.0062],[174.9363,-37.0046],[174.9365,-37.0052],[174.9377,-37.0056],[174.9397,-37.0058],[174.9391,-37.0017],[174.9393,-37.0011],[174.9386,-36.9995],[174.9387,-36.999],[174.9394,-36.9981],[174.9389,-36.998],[174.9389,-36.9972],[174.9379,-36.9966],[174.9389,-36.9958],[174.9596,-37.002]]]]}},{"type":"Feature","properties":{"name":"Auckland Airport","region":"South","population":11,"lat":-37.0099,"lng":174.79203},"geometry":{"type":"MultiPolygon","coordinates":[[[[174.8049,-36.9956],[174.8052,-36.9978],[174.8058,-36.9972],[174.8065,-36.9984],[174.8062,-36.9987],[174.8055,-36.9987],[174.8032,-36.9981],[174.8031,-36.9983],[174.8035,-36.9986],[174.8023,-36.9991],[174.8007,-36.9984],[174.8006,-36.9988],[174.802,-37.0005],[174.8019,-37.0014],[174.804,-37.0008],[174.8058,-37.0012],[174.809,-37.0054],[174.8104,-37.0051],[174.8108,-37.0057],[174.8089,-37.0062],[174.8096,-37.0073],[174.8091,-37.008],[174.8093,-37.0089],[174.8085,-37.0101],[174.8066,-37.011],[174.8043,-37.0111],[174.8026,-37.0118],[174.8022,-37.0122],[174.8028,-37.0137],[174.8058,-37.0138],[174.8072,-37.013],[174.8082,-37.0129],[174.8092,-37.0133],[174.8105,-37.0146],[174.8108,-37.0144],[174.8105,-37.014],[174.8109,-37.0137],[174.8113,-37.0141],[174.8126,-37.014],[174.8127,-37.0144],[174.8121,-37.0152],[174.8124,-37.0156],[174.814,-37.015],[174.8145,-37.014],[174.815,-37.0141],[174.815,-37.0145],[174.8165,-37.0155],[174.8171,-37.0164],[174.8177,-37.0165],[174.8176,-37.0172],[174.815,-37.0179],[174.8056,-37.0163],[174.8027,-37.0146],[174.8019,-37.0145],[174.8019,-37.0136],[174.8026,-37.0138],[174.8018,-37.012],[174.798,-37.0122],[174.7955,-37.0119],[174.786,-37.0144],[174.7852,-37.0139],[174.7767,-37.0163],[174.7766,-37.0167],[174.776,-37.0164],[174.7743,-37.0168],[174.7684,-37.0188],[174.7681,-37.0186],[174.7664,-37.019],[174.765,-37.0185],[174.7646,-37.017],[174.7651,-37.0155],[174.7705,-37.014],[174.7707,-37.0135],[174.7711,-37.0134],[174.7714,-37.0138],[174.7732,-37.0133],[174.7734,-37.0122],[174.7744,-37.0113],[174.7746,-37.0103],[174.7737,-37.008],[174.7716,-37.0075],[174.7709,-37.0058],[174.7749,-37.0003],[174.7798,-37.0017],[174.7819,-36.9988],[174.7843,-36.9995],[174.7869,-36.9988],[174.7869,-36.9979],[174.7856,-36.9951],[174.7861,-36.9925],[174.7915,-36.9932],[174.7959,-36.9949],[174.8019,-36.9947],[174.8049,-36.9956]]]]}},{"type":"Feature","properties":{"name":"Auckland Central","region":"CBD","population":35527,"lat":-36.8513,"lng":174.76069},"geometry":{"type":"MultiPolygon","coordinates":[[[[174.7595,-36.8377],[174.7565,-36.8403],[174.7586,-36.8409],[174.7598,-36.8398],[174.7621,-36.8404],[174.7619,-36.8408],[174.7619,-36.8406],[174.7605,-36.8403],[174.7591,-36.8415],[174.7586,-36.8427],[174.7579,-36.8425],[174.7576,-36.8432],[174.7585,-36.8435],[174.7579,-36.8451],[174.7585,-36.8451],[174.7591,-36.8436],[174.7604,-36.8429],[174.7614,-36.8431],[174.7616,-36.8427],[174.7631,-36.8431],[174.7634,-36.8425],[174.7602,-36.8418],[174.7606,-36.8413],[174.763,-36.8419],[174.7632,-36.8408],[174.7625,-36.8405],[174.7636,-36.8408],[174.7635,-36.8419],[174.7641,-36.8421],[174.7654,-36.8391],[174.7663,-36.8394],[174.7651,-36.8421],[174.7654,-36.8426],[174.7664,-36.8429],[174.7663,-36.8422],[174.7667,-36.8419],[174.7667,-36.8429],[174.7671,-36.843],[174.7682,-36.8399],[174.7692,-36.8401],[174.7681,-36.8432],[174.769,-36.8434],[174.7699,-36.8413],[174.7707,-36.8415],[174.77,-36.8436],[174.7705,-36.8437],[174.7712,-36.8419],[174.7716,-36.8419],[174.771,-36.8436],[174.7713,-36.8439],[174.7731,-36.8398],[174.7763,-36.8402],[174.7767,-36.84],[174.7754,-36.8417],[174.7756,-36.8418],[174.7763,-36.8414],[174.7767,-36.8418],[174.7752,-36.8432],[174.7761,-36.8434],[174.7773,-36.8432],[174.7802,-36.8411],[174.7809,-36.8417],[174.7781,-36.8438],[174.7782,-36.8441],[174.7798,-36.8443],[174.7817,-36.843],[174.7821,-36.8431],[174.7826,-36.845],[174.7834,-36.8452],[174.783,-36.8456],[174.7836,-36.8458],[174.7838,-36.8463],[174.7837,-36.8465],[174.7817,-36.8459],[174.7813,-36.8469],[174.7836,-36.8474],[174.7834,-36.848],[174.7763,-36.8486],[174.7752,-36.8498],[174.7755,-36.8509],[174.7753,-36.8513],[174.7757,-36.8516],[174.7736,-36.854],[174.773,-36.8535],[174.7717,-36.8549],[174.7706,-36.8543],[174.7706,-36.8535],[174.7696,-36.8547],[174.7684,-36.854],[174.7676,-36.8545],[174.7672,-36.8544],[174.7671,-36.8547],[174.7674,-36.8547],[174.7661,-36.8553],[174.7657,-36.8561],[174.7649,-36.8564],[174.7643,-36.8562],[174.7626,-36.8573],[174.7629,-36.8577],[174.7623,-36.8581],[174.7633,-36.8586],[174.7624,-36.8601],[174.7612,-36.8596],[174.7586,-36.8594],[174.7558,-36.8611],[174.7548,-36.8621],[174.7546,-36.8617],[174.7551,-36.8615],[174.7546,-36.8616],[174.7544,-36.8614],[174.7548,-36.8612],[174.7546,-36.8609],[174.754,-36.8608],[174.7534,-36.8598],[174.7525,-36.8594],[174.7535,-36.8584],[174.7555,-36.8579],[174.7552,-36.8573],[174.7562,-36.8553],[174.7562,-36.8544],[174.7536,-36.8509],[174.7538,-36.851],[174.753,-36.8494],[174.7534,-36.8491],[174.7533,-36.8486],[174.752,-36.8482],[174.751,-36.8483],[174.7511,-36.8479],[174.75,-36.8479],[174.75,-36.8476],[174.7492,-36.8476],[174.7491,-36.848],[174.7491,-36.8476],[174.7486,-36.8476],[174.7509,-36.8441],[174.7517,-36.8446],[174.7519,-36.844],[174.7512,-36.8437],[174.7518,-36.8437],[174.7526,-36.8423],[174.7528,-36.8424],[174.7529,-36.8421],[174.7527,-36.8421],[174.7537,-36.8396],[174.7552,-36.8386],[174.7574,-36.8367],[174.7593,-36.8363],[174.7601,-36.8371],[174.7595,-36.8377]]]]}},{"type":"Feature","properties":{"name":"Avondale","region":"West","population":25010,"lat":-36.88624,"lng":174.68215},"geometry":{"type":"MultiPolygon","coordinates":[[[[174.6825,-36.8717],[174.6835,-36.8724],[174.6829,-36.8723],[174.6807,-36.8735],[174.6796,-36.875],[174.6789,-36.875],[174.6791,-36.8753],[174.6788,-36.8756],[174.6787,-36.875],[174.6779,-36.8739],[174.6786,-36.8729],[174.6785,-36.8723],[174.6736,-36.8703],[174.6744,-36.871],[174.6744,-36.8716],[174.6723,-36.8725],[174.6715,-36.8744],[174.6718,-36.8753],[174.6724,-36.8758],[174.6722,-36.8768],[174.6738,-36.8774],[174.6764,-36.8773],[174.6781,-36.8782],[174.6799,-36.8801],[174.6834,-36.88],[174.6842,-36.8803],[174.6852,-36.8814],[174.6882,-36.8821],[174.6887,-36.8825],[174.6884,-36.8833],[174.6867,-36.8849],[174.6876,-36.8846],[174.688,-36.884],[174.6897,-36.8835],[174.6905,-36.8846],[174.69,-36.8854],[174.6896,-36.8856],[174.6902,-36.8864],[174.6902,-36.8859],[174.6907,-36.8852],[174.6914,-36.885],[174.6928,-36.8853],[174.6933,-36.8849],[174.6936,-36.8853],[174.6929,-36.8857],[174.693,-36.886],[174.6925,-36.8866],[174.6927,-36.8868],[174.6934,-36.8865],[174.6936,-36.8872],[174.6942,-36.8871],[174.6943,-36.886],[174.6995,-36.887],[174.7003,-36.8861],[174.7021,-36.8861],[174.7022,-36.8868],[174.7019,-36.8876],[174.7023,-36.8877],[174.7029,-36.8873],[174.7035,-36.8877],[174.7038,-36.887],[174.7048,-36.8876],[174.7044,-36.8879],[174.7049,-36.8881],[174.7044,-36.8891],[174.7057,-36.8892],[174.7054,-36.8897],[174.7055,-36.8901],[174.7059,-36.8903],[174.7057,-36.8913],[174.7053,-36.892],[174.7033,-36.8929],[174.7035,-36.8938],[174.7028,-36.8947],[174.703,-36.8951],[174.7022,-36.8952],[174.702,-36.8955],[174.7026,-36.896],[174.7034,-36.8956],[174.7044,-36.8958],[174.7046,-36.8965],[174.704,-36.8966],[174.7035,-36.8976],[174.7039,-36.8977],[174.7038,-36.8981],[174.7044,-36.8982],[174.7044,-36.8987],[174.7051,-36.8988],[174.7053,-36.8995],[174.7052,-36.9001],[174.7045,-36.8999],[174.7045,-36.9003],[174.704,-36.9002],[174.704,-36.9005],[174.7054,-36.9009],[174.7058,-36.905],[174.707,-36.905],[174.7073,-36.9054],[174.7078,-36.9054],[174.708,-36.9066],[174.7077,-36.9067],[174.708,-36.9071],[174.7076,-36.9073],[174.7076,-36.9079],[174.7062,-36.9079],[174.7062,-36.9083],[174.7049,-36.9079],[174.7041,-36.908],[174.7036,-36.9084],[174.7036,-36.9094],[174.7044,-36.9094],[174.7045,-36.9111],[174.7026,-36.9105],[174.7016,-36.9115],[174.7006,-36.911],[174.6976,-36.9112],[174.6976,-36.9108],[174.6969,-36.9107],[174.6967,-36.9102],[174.6959,-36.9102],[174.6954,-36.9095],[174.6944,-36.9098],[174.6942,-36.9096],[174.6948,-36.9093],[174.6945,-36.9092],[174.6948,-36.9088],[174.6927,-36.9077],[174.6925,-36.9073],[174.6934,-36.9071],[174.6919,-36.9059],[174.6932,-36.9038],[174.6906,-36.9038],[174.6894,-36.9026],[174.6897,-36.9021],[174.6867,-36.9015],[174.6853,-36.9006],[174.6852,-36.9012],[174.6846,-36.9015],[174.6843,-36.8996],[174.6833,-36.8992],[174.6817,-36.8993],[174.6813,-36.898],[174.6818,-36.8976],[174.6805,-36.8973],[174.679,-36.898],[174.6775,-36.8971],[174.6765,-36.8958],[174.6744,-36.896],[174.6747,-36.8954],[174.6743,-36.8947],[174.6749,-36.8944],[174.6756,-36.8945],[174.6751,-36.8942],[174.6751,-36.8938],[174.6758,-36.8932],[174.6759,-36.8923],[174.6767,-36.8919],[174.6758,-36.8918],[174.6755,-36.8909],[174.6749,-36.8904],[174.6733,-36.8896],[174.6723,-36.8895],[174.6721,-36.8891],[174.6739,-36.8876],[174.6741,-36.8851],[174.6746,-36.8856],[174.6748,-36.8848],[174.6751,-36.8845],[174.6767,-36.8848],[174.676,-36.8847],[174.6756,-36.8841],[174.6741,-36.8842],[174.6724,-36.8825],[174.6704,-36.8819],[174.6679,-36.8798],[174.6666,-36.8793],[174.6637,-36.8797],[174.6656,-36.8773],[174.6671,-36.8762],[174.6674,-36.8755],[174.6669,-36.875],[174.6681,-36.8744],[174.6679,-36.8734],[174.6673,-36.8731],[174.6664,-36.8736],[174.6656,-36.8735],[174.6649,-36.8726],[174.6645,-36.8711],[174.664,-36.8708],[174.6644,-36.8698],[174.6649,-36.867],[174.6654,-36.866],[174.6649,-36.8642],[174.6641,-36.8633],[174.6634,-36.8635],[174.6626,-36.8641],[174.6606,-36.8636],[174.6604,-36.8628],[174.6618,-36.8619],[174.662,-36.8614],[174.6568,-36.8595],[174.6569,-36.8591],[174.6624,-36.8612],[174.6628,-36.861],[174.6642,-36.8621],[174.6664,-36.8652],[174.6675,-36.8661],[174.6702,-36.8677],[174.6715,-36.8682],[174.6726,-36.8691],[174.6772,-36.8712],[174.6783,-36.8704],[174.6825,-36.8717]]]]}},{"type":"Feature","properties":{"name":"Bayswater","region":"North","population":2715,"lat":-36.81432,"lng":174.7765},"geometry":{"type":"MultiPolygon","coordinates":[[[[174.7905,-36.8119],[174.7881,-36.8134],[174.7883,-36.8137],[174.7874,-36.8143],[174.7862,-36.8141],[174.7841,-36.8149],[174.7828,-36.8147],[174.78,-36.8153],[174.7792,-36.8158],[174.7775,-36.816],[174.7764,-36.8168],[174.7758,-36.8166],[174.7721,-36.8174],[174.7678,-36.8196],[174.7677,-36.8209],[174.7664,-36.8219],[174.7659,-36.8216],[174.7658,-36.821],[174.7668,-36.8186],[174.7679,-36.8185],[174.7677,-36.8184],[174.7683,-36.818],[174.7683,-36.8169],[174.7679,-36.8163],[174.768,-36.8153],[174.769,-36.8149],[174.7701,-36.8136],[174.7712,-36.8131],[174.7732,-36.8134],[174.7766,-36.8121],[174.7779,-36.8122],[174.7791,-36.8118],[174.7797,-36.8106],[174.7791,-36.8104],[174.7795,-36.8096],[174.7788,-36.808],[174.7802,-36.8084],[174.7821,-36.8081],[174.7845,-36.8066],[174.7847,-36.8068],[174.784,-36.8077],[174.7857,-36.81],[174.7867,-36.8095],[174.7866,-36.8092],[174.787,-36.8091],[174.7871,-36.8093],[174.7888,-36.8084],[174.7905,-36.8106],[174.7897,-36.8109],[174.7905,-36.8119]]]]}},{"type":"Feature","properties":{"name":"Bayview","region":"North","population":7870,"lat":-36.78029,"lng":174.70285},"geometry":{"type":"MultiPolygon","coordinates":[[[[174.7131,-36.7795],[174.7121,-36.7802],[174.7113,-36.7816],[174.71,-36.7823],[174.7088,-36.7839],[174.7078,-36.7846],[174.7053,-36.785],[174.7026,-36.7846],[174.7008,-36.7832],[174.7007,-36.7828],[174.6997,-36.7826],[174.6992,-36.7814],[174.6998,-36.7804],[174.6987,-36.7807],[174.6986,-36.7794],[174.6979,-36.7796],[174.6975,-36.7792],[174.6979,-36.7789],[174.6976,-36.7785],[174.698,-36.7781],[174.6989,-36.7785],[174.6987,-36.7779],[174.6991,-36.777],[174.6997,-36.7767],[174.6995,-36.776],[174.6999,-36.7751],[174.7004,-36.775],[174.7001,-36.774],[174.7013,-36.7728],[174.7022,-36.7725],[174.7028,-36.7713],[174.7036,-36.7711],[174.703,-36.7702],[174.7059,-36.7691],[174.7061,-36.7694],[174.7085,-36.7682],[174.7095,-36.767],[174.7099,-36.7655],[174.7105,-36.7652],[174.711,-36.7658],[174.7124,-36.7657],[174.7146,-36.7646],[174.7161,-36.766],[174.7165,-36.7659],[174.7158,-36.765],[174.7163,-36.7647],[174.7167,-36.7652],[174.7186,-36.7651],[174.7193,-36.7659],[174.7202,-36.7682],[174.7198,-36.7706],[174.7204,-36.7729],[174.7212,-36.7742],[174.7164,-36.7746],[174.7152,-36.774],[174.7143,-36.7741],[174.7116,-36.776],[174.71,-36.7788],[174.7101,-36.7791],[174.7113,-36.7794],[174.7124,-36.7796],[174.7131,-36.7792],[174.7136,-36.7794],[174.7131,-36.7795]]]]}},{"type":"Feature","properties":{"name":"Beach Haven","region":"North","population":10997,"lat":-36.79838,"lng":174.68962},"geometry":{"type":"MultiPolygon","coordinates":[[[[174.7017,-36.8065],[174.7024,-36.8084],[174.7019,-36.8088],[174.7023,-36.8093],[174.7021,-36.8128],[174.7013,-36.8129],[174.7015,-36.8136],[174.7011,-36.8135],[174.7009,-36.813],[174.6996,-36.8128],[174.6977,-36.8132],[174.6945,-36.8123],[174.6929,-36.8121],[174.6918,-36.813],[174.6898,-36.8126],[174.6901,-36.8117],[174.6899,-36.811],[174.6886,-36.8103],[174.6899,-36.8101],[174.6917,-36.8094],[174.6904,-36.809],[174.6904,-36.8082],[174.6886,-36.8077],[174.6875,-36.8078],[174.6868,-36.8072],[174.6867,-36.8056],[174.687,-36.8053],[174.6866,-36.8052],[174.6866,-36.8049],[174.6871,-36.8041],[174.6862,-36.8031],[174.6875,-36.8022],[174.6866,-36.8011],[174.6852,-36.801],[174.6843,-36.8005],[174.6848,-36.7998],[174.6846,-36.7986],[174.6829,-36.7985],[174.6816,-36.7977],[174.6814,-36.7957],[174.6818,-36.7955],[174.682,-36.7945],[174.6809,-36.7942],[174.6803,-36.7934],[174.6811,-36.793],[174.6827,-36.793],[174.6825,-36.7932],[174.6833,-36.7933],[174.6834,-36.7931],[174.682,-36.7919],[174.6796,-36.7912],[174.6796,-36.7903],[174.6787,-36.7899],[174.6803,-36.789],[174.681,-36.7892],[174.681,-36.7883],[174.6826,-36.7869],[174.6839,-36.7873],[174.6842,-36.7883],[174.6849,-36.7875],[174.6857,-36.7872],[174.6864,-36.7884],[174.6864,-36.7874],[174.6867,-36.7872],[174.686,-36.7869],[174.6864,-36.786],[174.6869,-36.7857],[174.6883,-36.7858],[174.6904,-36.7873],[174.6903,-36.7868],[174.6899,-36.7866],[174.6902,-36.7864],[174.6897,-36.7863],[174.6895,-36.7859],[174.6897,-36.785],[174.6912,-36.784],[174.6922,-36.785],[174.692,-36.7841],[174.6944,-36.7828],[174.6956,-36.7827],[174.6959,-36.7839],[174.6963,-36.7838],[174.6968,-36.7846],[174.6965,-36.7854],[174.6969,-36.7864],[174.6967,-36.7872],[174.697,-36.7873],[174.6971,-36.7886],[174.6975,-36.7887],[174.697,-36.7891],[174.6975,-36.7906],[174.6968,-36.7919],[174.6977,-36.7926],[174.6964,-36.7939],[174.696,-36.7936],[174.6962,-36.7942],[174.6972,-36.795],[174.6951,-36.795],[174.6956,-36.7952],[174.6956,-36.7957],[174.6949,-36.7962],[174.6961,-36.7975],[174.6945,-36.7981],[174.6954,-36.7998],[174.6966,-36.8012],[174.6982,-36.8017],[174.6989,-36.8037],[174.6983,-36.8039],[174.699,-36.8045],[174.6988,-36.8047],[174.6994,-36.8057],[174.7002,-36.8061],[174.7006,-36.8069],[174.7017,-36.8065]]]]}},{"type":"Feature","properties":{"name":"Beachlands","region":"East","population":8428,"lat":-36.88857,"lng":175.0017},"geometry":{"type":"MultiPolygon","coordinates":[[[[174.9996,-36.8765],[175.0027,-36.8782],[175.0052,-36.8786],[175.006,-36.8792],[175.0099,-36.878],[175.012,-36.8788],[175.0114,-36.8798],[175.0141,-36.8804],[175.0146,-36.8816],[175.015,-36.8819],[175.0161,-36.8821],[175.0178,-36.8817],[175.0189,-36.8824],[175.0192,-36.8833],[175.0181,-36.8839],[175.0195,-36.8836],[175.0198,-36.8843],[175.0191,-36.8844],[175.0187,-36.8854],[175.0194,-36.8857],[175.02,-36.8869],[175.0186,-36.8882],[175.0184,-36.8889],[175.0188,-36.8903],[175.0188,-36.8913],[175.0194,-36.8922],[175.0194,-36.893],[175.0198,-36.8937],[175.0193,-36.8945],[175.0199,-36.896],[175.0198,-36.8969],[175.0193,-36.8978],[175.0194,-36.8987],[175.019,-36.9],[175.0185,-36.9002],[175.0189,-36.9011],[175.0188,-36.9017],[175.0199,-36.9019],[175.0196,-36.9027],[175.0207,-36.9028],[175.0229,-36.9038],[175.0255,-36.9058],[175.0263,-36.9059],[175.0268,-36.9055],[175.0277,-36.9055],[175.0283,-36.9059],[175.0287,-36.9068],[175.0301,-36.9076],[175.0318,-36.9064],[175.0352,-36.9083],[175.0358,-36.908],[175.047,-36.9077],[175.0515,-36.9195],[175.0531,-36.9201],[175.0497,-36.9302],[175.0383,-36.9282],[175.0353,-36.936],[175.0169,-36.9327],[175.0159,-36.9251],[175.0092,-36.9246],[175.0088,-36.9282],[175.002,-36.9277],[175.0024,-36.9264],[175.0015,-36.9265],[175.0007,-36.9256],[175.0007,-36.9251],[174.999,-36.9248],[174.9983,-36.924],[174.9977,-36.9245],[174.9978,-36.924],[174.9969,-36.9235],[174.9972,-36.9235],[174.9971,-36.9228],[174.9977,-36.9225],[174.9982,-36.921],[174.9975,-36.9196],[174.9964,-36.9194],[174.9961,-36.9181],[174.9963,-36.9177],[174.9976,-36.918],[174.9976,-36.9175],[174.9969,-36.9171],[174.9954,-36.9178],[174.9949,-36.9185],[174.9943,-36.9179],[174.9941,-36.9163],[174.9959,-36.9147],[174.9962,-36.9135],[174.9972,-36.9151],[174.9969,-36.9166],[174.9979,-36.917],[174.9985,-36.9152],[174.9981,-36.9139],[174.9985,-36.9132],[174.9953,-36.9077],[174.9926,-36.9059],[174.9922,-36.905],[174.9924,-36.9045],[174.9914,-36.9043],[174.9919,-36.9033],[174.9907,-36.9033],[174.9905,-36.9039],[174.99,-36.9038],[174.9901,-36.9042],[174.991,-36.9047],[174.99,-36.9047],[174.9894,-36.9039],[174.9894,-36.9029],[174.9882,-36.9018],[174.9876,-36.9002],[174.9866,-36.8993],[174.988,-36.896],[174.9884,-36.893],[174.988,-36.8924],[174.9886,-36.8918],[174.9888,-36.891],[174.9884,-36.8914],[174.9876,-36.8916],[174.9855,-36.8908],[174.9852,-36.8902],[174.9859,-36.8893],[174.9853,-36.8882],[174.9842,-36.8879],[174.9863,-36.8875],[174.9865,-36.888],[174.9876,-36.888],[174.9865,-36.8861],[174.9847,-36.8851],[174.9839,-36.8831],[174.984,-36.8819],[174.9836,-36.8814],[174.9851,-36.8816],[174.9859,-36.8807],[174.9886,-36.8811],[174.9896,-36.8808],[174.9905,-36.8811],[174.994,-36.8806],[174.9947,-36.8803],[174.9948,-36.8795],[174.9958,-36.8789],[174.9964,-36.8787],[174.9975,-36.8789],[174.9984,-36.8785],[174.9991,-36.8778],[174.9989,-36.8771],[174.9996,-36.8765]]]]}},{"type":"Feature","properties":{"name":"Belmont","region":"North","population":3918,"lat":-36.80517,"lng":174.79002},"geometry":{"type":"MultiPolygon","coordinates":[[[[174.7974,-36.8075],[174.7964,-36.8078],[174.7966,-36.808],[174.7958,-36.8088],[174.7944,-36.8095],[174.7949,-36.81],[174.7926,-36.8105],[174.7925,-36.8112],[174.7905,-36.8119],[174.7897,-36.8109],[174.7905,-36.8106],[174.7888,-36.8084],[174.7871,-36.8093],[174.787,-36.8091],[174.7866,-36.8092],[174.7867,-36.8095],[174.7857,-36.81],[174.784,-36.8077],[174.7847,-36.8068],[174.7845,-36.8066],[174.7823,-36.8081],[174.7813,-36.8083],[174.7801,-36.8083],[174.7786,-36.8077],[174.7787,-36.8067],[174.7807,-36.804],[174.7808,-36.8034],[174.7817,-36.8024],[174.7816,-36.8019],[174.7819,-36.8017],[174.7826,-36.8019],[174.7854,-36.7983],[174.7866,-36.8005],[174.7889,-36.7998],[174.7891,-36.8003],[174.7898,-36.8003],[174.7908,-36.7996],[174.7925,-36.8005],[174.7947,-36.8047],[174.7955,-36.8051],[174.7961,-36.8064],[174.7974,-36.8075]]]]}},{"type":"Feature","properties":{"name":"Birkdale","region":"North","population":9733,"lat":-36.78906,"lng":174.70303},"geometry":{"type":"MultiPolygon","coordinates":[[[[174.7017,-36.8065],[174.7006,-36.8069],[174.7002,-36.8061],[174.6994,-36.8057],[174.6988,-36.8047],[174.699,-36.8045],[174.6983,-36.8039],[174.6989,-36.8037],[174.6982,-36.8017],[174.6966,-36.8012],[174.6954,-36.7998],[174.6945,-36.7981],[174.6961,-36.7975],[174.6949,-36.7962],[174.6956,-36.7957],[174.6956,-36.7952],[174.6951,-36.795],[174.6972,-36.795],[174.6962,-36.7942],[174.696,-36.7936],[174.6964,-36.7939],[174.6977,-36.7926],[174.6968,-36.7919],[174.6975,-36.7906],[174.697,-36.7891],[174.6975,-36.7887],[174.6971,-36.7886],[174.6974,-36.7856],[174.6977,-36.7853],[174.6985,-36.7856],[174.6981,-36.7851],[174.6983,-36.7849],[174.6999,-36.7858],[174.7002,-36.7853],[174.7014,-36.785],[174.7021,-36.7856],[174.7035,-36.7856],[174.7041,-36.7884],[174.7057,-36.7902],[174.7058,-36.7908],[174.7064,-36.79],[174.707,-36.7914],[174.708,-36.7919],[174.7096,-36.7937],[174.7113,-36.7946],[174.7139,-36.7948],[174.7161,-36.8001],[174.7123,-36.8041],[174.7105,-36.8055],[174.7079,-36.8063],[174.7053,-36.8064],[174.7024,-36.8084],[174.7017,-36.8065]]]]}},{"type":"Feature","properties":{"name":"Birkenhead","region":"North","population":10614,"lat":-36.81767,"lng":174.73029},"geometry":{"type":"MultiPolygon","coordinates":[[[[174.7325,-36.8063],[174.732,-36.8081],[174.7313,-36.8081],[174.7314,-36.8095],[174.7335,-36.8097],[174.7335,-36.8101],[174.7328,-36.8102],[174.7328,-36.8108],[174.7323,-36.8108],[174.7322,-36.8121],[174.7329,-36.8122],[174.733,-36.8129],[174.7346,-36.8129],[174.7345,-36.8137],[174.735,-36.8141],[174.7367,-36.814],[174.7377,-36.815],[174.739,-36.8149],[174.74,-36.8166],[174.7391,-36.8167],[174.7393,-36.818],[174.7381,-36.8188],[174.7389,-36.8194],[174.7398,-36.8196],[174.7391,-36.8199],[174.7381,-36.8211],[174.7375,-36.8211],[174.7362,-36.822],[174.7358,-36.8218],[174.735,-36.822],[174.7351,-36.8223],[174.7338,-36.8225],[174.7337,-36.8228],[174.7344,-36.8229],[174.7342,-36.823],[174.7333,-36.823],[174.7317,-36.8215],[174.7306,-36.8212],[174.7304,-36.8206],[174.7296,-36.8202],[174.7297,-36.8194],[174.728,-36.8188],[174.7278,-36.8178],[174.7271,-36.8179],[174.7256,-36.8188],[174.7244,-36.8181],[174.7234,-36.8182],[174.7239,-36.8193],[174.7238,-36.8196],[174.7227,-36.8197],[174.7203,-36.8191],[174.7199,-36.8193],[174.7199,-36.8189],[174.7192,-36.8182],[174.7192,-36.8164],[174.7211,-36.8163],[174.7212,-36.8146],[174.721,-36.8131],[174.7206,-36.8128],[174.7207,-36.8115],[174.7152,-36.8107],[174.71,-36.8107],[174.7085,-36.8148],[174.7069,-36.815],[174.7011,-36.8135],[174.7015,-36.8136],[174.7013,-36.8129],[174.7021,-36.8128],[174.7023,-36.8093],[174.7019,-36.8088],[174.7053,-36.8064],[174.7079,-36.8063],[174.7105,-36.8055],[174.7123,-36.8041],[174.7161,-36.8001],[174.714,-36.795],[174.7242,-36.7925],[174.7233,-36.798],[174.7253,-36.8036],[174.7325,-36.8019],[174.7328,-36.8049],[174.7324,-36.8049],[174.7325,-36.8063]]]]}},{"type":"Feature","properties":{"name":"Blockhouse Bay","region":"West","population":16522,"lat":-36.91989,"lng":174.70051},"geometry":{"type":"MultiPolygon","coordinates":[[[[174.6944,-36.9087],[174.6949,-36.909],[174.6945,-36.9092],[174.6948,-36.9093],[174.6942,-36.9096],[174.6944,-36.9098],[174.6954,-36.9095],[174.6959,-36.9102],[174.6967,-36.9102],[174.6969,-36.9107],[174.6976,-36.9108],[174.6976,-36.9112],[174.7006,-36.911],[174.7016,-36.9115],[174.7026,-36.9105],[174.7046,-36.9111],[174.7044,-36.9094],[174.7036,-36.9094],[174.7036,-36.9084],[174.7041,-36.908],[174.7058,-36.9081],[174.7058,-36.9083],[174.7062,-36.9083],[174.7062,-36.9079],[174.7072,-36.908],[174.7077,-36.9081],[174.7077,-36.9085],[174.7081,-36.9085],[174.7081,-36.9088],[174.7071,-36.9093],[174.7072,-36.9102],[174.7068,-36.9102],[174.7069,-36.9107],[174.7073,-36.9107],[174.7073,-36.9111],[174.7081,-36.9111],[174.7084,-36.9119],[174.7091,-36.9118],[174.7091,-36.9123],[174.7106,-36.9125],[174.7107,-36.9131],[174.7117,-36.913],[174.7117,-36.9125],[174.7122,-36.9125],[174.7123,-36.9131],[174.7137,-36.9128],[174.7136,-36.9124],[174.7154,-36.9127],[174.7156,-36.9127],[174.7156,-36.9123],[174.7168,-36.9121],[174.7179,-36.9123],[174.7174,-36.9137],[174.7182,-36.914],[174.7166,-36.9147],[174.7162,-36.9156],[174.7157,-36.9157],[174.7163,-36.9159],[174.7159,-36.9166],[174.7173,-36.9182],[174.7164,-36.9187],[174.715,-36.9185],[174.7157,-36.9187],[174.7147,-36.9213],[174.7134,-36.9216],[174.7134,-36.9221],[174.7127,-36.9225],[174.7132,-36.9225],[174.7133,-36.9247],[174.7109,-36.9252],[174.7105,-36.9273],[174.7099,-36.9272],[174.7091,-36.9285],[174.7085,-36.9284],[174.7085,-36.9279],[174.7075,-36.9274],[174.7067,-36.9258],[174.7064,-36.9266],[174.7049,-36.928],[174.7031,-36.9277],[174.702,-36.9286],[174.702,-36.9293],[174.7005,-36.9299],[174.7007,-36.9303],[174.7024,-36.9313],[174.7023,-36.9316],[174.7,-36.9317],[174.6992,-36.9324],[174.6964,-36.9328],[174.6938,-36.9325],[174.6926,-36.9321],[174.6929,-36.9292],[174.6921,-36.9293],[174.6893,-36.9285],[174.6894,-36.9271],[174.6894,-36.9268],[174.6911,-36.9262],[174.6923,-36.9224],[174.6926,-36.922],[174.6932,-36.9221],[174.6932,-36.921],[174.6924,-36.9208],[174.6927,-36.9202],[174.6925,-36.9195],[174.6921,-36.9194],[174.692,-36.9182],[174.6924,-36.9182],[174.6922,-36.9163],[174.6913,-36.9159],[174.6918,-36.9152],[174.6923,-36.9151],[174.6907,-36.9116],[174.6912,-36.9111],[174.6915,-36.9101],[174.6919,-36.9099],[174.692,-36.9092],[174.6929,-36.9087],[174.6928,-36.908],[174.6923,-36.9078],[174.6929,-36.9078],[174.6944,-36.9087]]]]}},{"type":"Feature","properties":{"name":"Botany Downs","region":"East","population":6193,"lat":-36.90969,"lng":174.91666},"geometry":{"type":"MultiPolygon","coordinates":[[[[174.9293,-36.9088],[174.9287,-36.9096],[174.9282,-36.9095],[174.9285,-36.9097],[174.9268,-36.9112],[174.9261,-36.9123],[174.9245,-36.9124],[174.9237,-36.9133],[174.9231,-36.913],[174.9213,-36.9143],[174.9185,-36.9141],[174.9181,-36.9136],[174.9166,-36.9136],[174.9167,-36.9147],[174.9156,-36.9156],[174.9153,-36.9164],[174.9148,-36.9162],[174.9146,-36.9165],[174.9133,-36.9158],[174.9076,-36.9147],[174.908,-36.9142],[174.908,-36.9132],[174.9091,-36.9134],[174.909,-36.9123],[174.9097,-36.9123],[174.9095,-36.9099],[174.9092,-36.9099],[174.9093,-36.909],[174.9088,-36.9089],[174.9087,-36.9085],[174.9091,-36.9083],[174.9086,-36.9071],[174.9091,-36.907],[174.9092,-36.9058],[174.9099,-36.9056],[174.9093,-36.9053],[174.9094,-36.9051],[174.9089,-36.905],[174.9095,-36.9045],[174.9115,-36.9052],[174.9118,-36.9048],[174.9162,-36.9026],[174.9174,-36.9017],[174.9171,-36.9015],[174.9177,-36.9009],[174.9189,-36.9016],[174.9189,-36.9028],[174.9198,-36.9038],[174.9196,-36.9042],[174.9196,-36.9053],[174.928,-36.908],[174.9293,-36.9088]]]]}},{"type":"Feature","properties":{"name":"Browns Bay","region":"North","population":12088,"lat":-36.71493,"lng":174.74468},"geometry":{"type":"MultiPolygon","coordinates":[[[[174.7338,-36.7096],[174.7353,-36.7102],[174.7385,-36.7094],[174.7401,-36.7096],[174.741,-36.7105],[174.7435,-36.7108],[174.7447,-36.7114],[174.7461,-36.7096],[174.748,-36.71],[174.7507,-36.7097],[174.7509,-36.71],[174.7529,-36.7103],[174.7528,-36.7107],[174.7513,-36.7109],[174.75,-36.7126],[174.7499,-36.7154],[174.7505,-36.7179],[174.7495,-36.7173],[174.7458,-36.7192],[174.7454,-36.7196],[174.7453,-36.7204],[174.7413,-36.7244],[174.7397,-36.7266],[174.739,-36.7271],[174.7386,-36.7287],[174.7374,-36.7304],[174.734,-36.7314],[174.7323,-36.7301],[174.7305,-36.728],[174.7284,-36.7278],[174.7269,-36.7267],[174.7243,-36.7264],[174.7231,-36.7237],[174.7243,-36.7202],[174.7249,-36.7167],[174.7312,-36.717],[174.7309,-36.7163],[174.7314,-36.716],[174.7313,-36.7146],[174.732,-36.7146],[174.7315,-36.712],[174.732,-36.7119],[174.7322,-36.7121],[174.7325,-36.7117],[174.7331,-36.7116],[174.7329,-36.7113],[174.7335,-36.7108],[174.7338,-36.7096]]]]}},{"type":"Feature","properties":{"name":"Bucklands Beach","region":"East","population":10523,"lat":-36.86565,"lng":174.90545},"geometry":{"type":"MultiPolygon","coordinates":[[[[174.9091,-36.8988],[174.91,-36.8969],[174.9084,-36.8969],[174.9084,-36.8965],[174.9079,-36.8964],[174.9078,-36.8959],[174.907,-36.8962],[174.9066,-36.8981],[174.9061,-36.898],[174.9063,-36.8974],[174.9058,-36.8973],[174.906,-36.8967],[174.9051,-36.8958],[174.9058,-36.8947],[174.9059,-36.8939],[174.9077,-36.8933],[174.9079,-36.8928],[174.9071,-36.8923],[174.9078,-36.8916],[174.9081,-36.89],[174.9085,-36.8898],[174.9084,-36.8882],[174.9089,-36.8883],[174.9099,-36.8842],[174.9103,-36.8843],[174.9104,-36.8836],[174.9047,-36.8826],[174.9054,-36.8803],[174.9049,-36.8802],[174.9051,-36.88],[174.9042,-36.879],[174.9051,-36.8783],[174.904,-36.8769],[174.9059,-36.8756],[174.9056,-36.8728],[174.9046,-36.8713],[174.9042,-36.8709],[174.9035,-36.871],[174.9034,-36.8688],[174.899,-36.8615],[174.9003,-36.859],[174.9005,-36.8579],[174.9002,-36.8571],[174.9004,-36.8562],[174.9002,-36.8546],[174.8995,-36.853],[174.8996,-36.8501],[174.9004,-36.8492],[174.9001,-36.8483],[174.9008,-36.8472],[174.9004,-36.8467],[174.9012,-36.8464],[174.9023,-36.8471],[174.9025,-36.848],[174.9035,-36.8492],[174.9036,-36.8497],[174.904,-36.8498],[174.9037,-36.8504],[174.9042,-36.8508],[174.9044,-36.8517],[174.9052,-36.8523],[174.9049,-36.8525],[174.9053,-36.853],[174.905,-36.8532],[174.9053,-36.8535],[174.9052,-36.8541],[174.9061,-36.8554],[174.9056,-36.8559],[174.9056,-36.8569],[174.906,-36.8574],[174.9056,-36.8581],[174.905,-36.8582],[174.9049,-36.8588],[174.9107,-36.8673],[174.9105,-36.8678],[174.9108,-36.8681],[174.9098,-36.8685],[174.9106,-36.8699],[174.9089,-36.8705],[174.9097,-36.8708],[174.9087,-36.8711],[174.9086,-36.8715],[174.9077,-36.8715],[174.9085,-36.8739],[174.9087,-36.8761],[174.9091,-36.8766],[174.909,-36.8777],[174.9093,-36.8779],[174.9093,-36.8774],[174.9116,-36.8787],[174.9113,-36.879],[174.9133,-36.8805],[174.9145,-36.8837],[174.9153,-36.8844],[174.9194,-36.8855],[174.9199,-36.8845],[174.9207,-36.885],[174.9205,-36.8853],[174.9211,-36.8857],[174.921,-36.8863],[174.9213,-36.8864],[174.9208,-36.8868],[174.9206,-36.888],[174.919,-36.888],[174.9193,-36.8881],[174.919,-36.8885],[174.9203,-36.8892],[174.92,-36.89],[174.9202,-36.8905],[174.9198,-36.8904],[174.9174,-36.8921],[174.9171,-36.8918],[174.9162,-36.8924],[174.9162,-36.8927],[174.9158,-36.8926],[174.9126,-36.8955],[174.9128,-36.8968],[174.9114,-36.8971],[174.9102,-36.8983],[174.9097,-36.8982],[174.9094,-36.8989],[174.9091,-36.8988]]]]}},{"type":"Feature","properties":{"name":"Burswood","region":"East","population":1856,"lat":-36.92424,"lng":174.89534},"geometry":{"type":"MultiPolygon","coordinates":[[[[174.8876,-36.9251],[174.8878,-36.9248],[174.8896,-36.9253],[174.8907,-36.9247],[174.891,-36.9254],[174.8916,-36.9251],[174.8919,-36.9256],[174.8927,-36.9257],[174.8923,-36.9246],[174.8925,-36.9243],[174.894,-36.9237],[174.8944,-36.9238],[174.8953,-36.9229],[174.8952,-36.9227],[174.8942,-36.9233],[174.8933,-36.9229],[174.8932,-36.9235],[174.8924,-36.9237],[174.8923,-36.9241],[174.8918,-36.9243],[174.8911,-36.9237],[174.8914,-36.9224],[174.8922,-36.9216],[174.8933,-36.9215],[174.8931,-36.9208],[174.8932,-36.9199],[174.895,-36.9191],[174.8957,-36.918],[174.8961,-36.9179],[174.8979,-36.9184],[174.8981,-36.9188],[174.898,-36.9202],[174.899,-36.9211],[174.8998,-36.9207],[174.9,-36.9223],[174.9009,-36.9218],[174.9015,-36.9219],[174.9015,-36.9229],[174.9011,-36.9232],[174.901,-36.9239],[174.9013,-36.9234],[174.902,-36.923],[174.9026,-36.9242],[174.9044,-36.9244],[174.9033,-36.9255],[174.9032,-36.9267],[174.9025,-36.9275],[174.9047,-36.9278],[174.9055,-36.9288],[174.9068,-36.9291],[174.9066,-36.9296],[174.9064,-36.9295],[174.9013,-36.9279],[174.901,-36.929],[174.9005,-36.9289],[174.8989,-36.9283],[174.8992,-36.9275],[174.897,-36.927],[174.8968,-36.9279],[174.896,-36.9277],[174.8957,-36.9292],[174.8936,-36.9294],[174.8941,-36.9278],[174.8924,-36.9275],[174.8925,-36.9271],[174.8916,-36.927],[174.8918,-36.9262],[174.8916,-36.9262],[174.8914,-36.9267],[174.8907,-36.9265],[174.8905,-36.9271],[174.8894,-36.9269],[174.889,-36.9263],[174.8895,-36.9256],[174.8876,-36.9251]]]]}},{"type":"Feature","properties":{"name":"Campbells Bay","region":"North","population":2961,"lat":-36.74706,"lng":174.76234},"geometry":{"type":"MultiPolygon","coordinates":[[[[174.7575,-36.7418],[174.7582,-36.7415],[174.7582,-36.7419],[174.7593,-36.7417],[174.7621,-36.7452],[174.7636,-36.7467],[174.7649,-36.7476],[174.7648,-36.7481],[174.7655,-36.7484],[174.7648,-36.7493],[174.7649,-36.7506],[174.7642,-36.7514],[174.7642,-36.7528],[174.7625,-36.7527],[174.7601,-36.7537],[174.7547,-36.7583],[174.751,-36.7564],[174.7509,-36.7554],[174.7515,-36.7545],[174.7515,-36.7539],[174.7505,-36.7528],[174.7473,-36.751],[174.7465,-36.7487],[174.7471,-36.7479],[174.7502,-36.7475],[174.7513,-36.7466],[174.7531,-36.7446],[174.7538,-36.7431],[174.7558,-36.7424],[174.7561,-36.741],[174.7573,-36.7419],[174.7575,-36.7418]]]]}},{"type":"Feature","properties":{"name":"Castor Bay","region":"North","population":4630,"lat":-36.76028,"lng":174.76756},"geometry":{"type":"MultiPolygon","coordinates":[[[[174.7547,-36.7583],[174.7601,-36.7537],[174.7625,-36.7527],[174.7642,-36.7528],[174.7648,-36.7539],[174.7692,-36.7581],[174.7702,-36.76],[174.7689,-36.7596],[174.7683,-36.7598],[174.7677,-36.761],[174.768,-36.7612],[174.7675,-36.7625],[174.7677,-36.7636],[174.7656,-36.7642],[174.765,-36.7659],[174.765,-36.7667],[174.7626,-36.7672],[174.7619,-36.7667],[174.7617,-36.7671],[174.7586,-36.7679],[174.7579,-36.7683],[174.7555,-36.7666],[174.7568,-36.7613],[174.756,-36.7592],[174.7547,-36.7583]]]]}},{"type":"Feature","properties":{"name":"Chatswood","region":"North","population":3551,"lat":-36.81983,"lng":174.70859},"geometry":{"type":"MultiPolygon","coordinates":[[[[174.7104,-36.8109],[174.7152,-36.8107],[174.7207,-36.8115],[174.7206,-36.8128],[174.721,-36.8131],[174.7212,-36.8146],[174.7211,-36.8163],[174.7192,-36.8164],[174.7192,-36.8182],[174.7199,-36.8189],[174.7199,-36.8193],[174.7203,-36.8191],[174.7232,-36.8197],[174.7239,-36.8195],[174.7234,-36.8182],[174.7244,-36.8181],[174.7256,-36.8189],[174.7255,-36.8211],[174.7234,-36.8227],[174.7225,-36.822],[174.72,-36.8227],[174.7194,-36.8231],[174.7184,-36.8229],[174.7162,-36.8238],[174.7144,-36.8251],[174.7117,-36.825],[174.7111,-36.8257],[174.7099,-36.8262],[174.7091,-36.826],[174.7098,-36.8254],[174.7095,-36.8248],[174.7074,-36.8234],[174.7068,-36.8242],[174.7055,-36.8251],[174.7045,-36.8249],[174.7038,-36.8242],[174.7013,-36.824],[174.6993,-36.8243],[174.6982,-36.8235],[174.697,-36.8231],[174.6972,-36.8222],[174.698,-36.8217],[174.698,-36.8208],[174.6972,-36.8204],[174.6969,-36.8198],[174.6959,-36.8195],[174.6959,-36.8185],[174.6954,-36.8182],[174.6959,-36.8168],[174.695,-36.8163],[174.6951,-36.8153],[174.6955,-36.8148],[174.6985,-36.8135],[174.7005,-36.8133],[174.701,-36.8136],[174.7068,-36.815],[174.7085,-36.8148],[174.71,-36.8107],[174.7104,-36.8109]]]]}},{"type":"Feature","properties":{"name":"Clendon Park","region":"South","population":11150,"lat":-37.0298,"lng":174.85724},"geometry":{"type":"MultiPolygon","coordinates":[[[[174.8604,-37.0374],[174.8601,-37.0375],[174.8608,-37.038],[174.8605,-37.038],[174.8607,-37.0387],[174.8594,-37.0424],[174.8576,-37.0418],[174.8565,-37.0395],[174.8552,-37.0382],[174.8554,-37.0375],[174.8564,-37.0361],[174.8561,-37.0346],[174.8566,-37.0337],[174.8545,-37.0321],[174.8552,-37.0322],[174.8545,-37.0307],[174.8545,-37.0298],[174.8553,-37.029],[174.8554,-37.0282],[174.856,-37.0277],[174.8566,-37.0262],[174.8562,-37.0246],[174.855,-37.0232],[174.8543,-37.023],[174.8545,-37.0226],[174.854,-37.0224],[174.8566,-37.0209],[174.8579,-37.0208],[174.8585,-37.0213],[174.8589,-37.0205],[174.86,-37.021],[174.8591,-37.0201],[174.8582,-37.0204],[174.8625,-37.0187],[174.8631,-37.0194],[174.8634,-37.0193],[174.864,-37.0204],[174.8639,-37.0216],[174.8646,-37.0216],[174.8655,-37.0232],[174.8663,-37.0237],[174.8661,-37.0242],[174.8667,-37.0253],[174.8663,-37.0255],[174.8666,-37.0263],[174.8676,-37.0267],[174.867,-37.0268],[174.8683,-37.0292],[174.8681,-37.0294],[174.8684,-37.0293],[174.8691,-37.0306],[174.8695,-37.0301],[174.87,-37.0305],[174.8699,-37.031],[174.8694,-37.0311],[174.8708,-37.0334],[174.8707,-37.034],[174.8703,-37.0341],[174.8701,-37.0349],[174.8705,-37.0349],[174.8703,-37.0356],[174.8696,-37.0355],[174.8695,-37.0357],[174.8688,-37.0353],[174.8687,-37.0358],[174.8681,-37.036],[174.8683,-37.0364],[174.866,-37.0372],[174.8652,-37.0357],[174.8648,-37.0358],[174.8647,-37.0356],[174.8639,-37.0359],[174.864,-37.0372],[174.8631,-37.0373],[174.8626,-37.0368],[174.8611,-37.0374],[174.8606,-37.0371],[174.8603,-37.0372],[174.8604,-37.0374]]]]}},{"type":"Feature","properties":{"name":"Clover Park","region":"South","population":11439,"lat":-36.98153,"lng":174.89378},"geometry":{"type":"MultiPolygon","coordinates":[[[[174.8864,-36.9743],[174.8866,-36.974],[174.887,-36.9745],[174.8867,-36.9757],[174.8879,-36.9757],[174.8881,-36.9751],[174.8886,-36.9751],[174.8886,-36.9754],[174.8899,-36.9755],[174.8902,-36.9751],[174.8901,-36.9755],[174.8911,-36.9755],[174.8913,-36.9752],[174.8915,-36.9755],[174.8923,-36.9755],[174.8929,-36.9758],[174.8932,-36.9756],[174.8941,-36.9759],[174.8944,-36.9748],[174.8952,-36.9753],[174.8954,-36.9751],[174.8952,-36.9754],[174.8962,-36.9759],[174.8964,-36.9756],[174.8963,-36.9759],[174.898,-36.9768],[174.8975,-36.9767],[174.8974,-36.9772],[174.8978,-36.9773],[174.8976,-36.9778],[174.8987,-36.9782],[174.8991,-36.978],[174.899,-36.9785],[174.902,-36.9805],[174.9014,-36.9817],[174.9017,-36.982],[174.9016,-36.9824],[174.9007,-36.9823],[174.9006,-36.9826],[174.9011,-36.9827],[174.901,-36.9832],[174.9013,-36.9833],[174.9009,-36.9834],[174.9006,-36.9841],[174.9016,-36.9843],[174.9034,-36.9837],[174.9072,-36.9839],[174.9076,-36.9842],[174.9069,-36.9852],[174.9061,-36.9849],[174.9051,-36.9858],[174.9045,-36.9858],[174.9041,-36.9878],[174.9036,-36.9877],[174.9037,-36.9872],[174.9016,-36.9868],[174.9016,-36.9873],[174.901,-36.9866],[174.9007,-36.9867],[174.9007,-36.9865],[174.8992,-36.9865],[174.8992,-36.9872],[174.8968,-36.9879],[174.8971,-36.9884],[174.8967,-36.9892],[174.8962,-36.9892],[174.8963,-36.9899],[174.8951,-36.9897],[174.895,-36.9893],[174.8938,-36.9895],[174.8942,-36.9901],[174.8922,-36.9906],[174.8921,-36.9909],[174.89,-36.9907],[174.8899,-36.9911],[174.8892,-36.9912],[174.8894,-36.9915],[174.8872,-36.9921],[174.8843,-36.9857],[174.8815,-36.9809],[174.8818,-36.9808],[174.8815,-36.9801],[174.8821,-36.9798],[174.8817,-36.9791],[174.8832,-36.9791],[174.8838,-36.9766],[174.8834,-36.9765],[174.8835,-36.9763],[174.8838,-36.976],[174.8842,-36.976],[174.8846,-36.9755],[174.8853,-36.9757],[174.8854,-36.9753],[174.8858,-36.9753],[174.8862,-36.9739],[174.8866,-36.974],[174.8864,-36.9743]]]]}},{"type":"Feature","properties":{"name":"Cockle Bay","region":"East","population":5365,"lat":-36.89724,"lng":174.94771},"geometry":{"type":"MultiPolygon","coordinates":[[[[174.9397,-36.8925],[174.9408,-36.8922],[174.9442,-36.8935],[174.9448,-36.8935],[174.9451,-36.8932],[174.9462,-36.8935],[174.9466,-36.8941],[174.9496,-36.8941],[174.9509,-36.8949],[174.9513,-36.8956],[174.9507,-36.8971],[174.9513,-36.8982],[174.9505,-36.8989],[174.9506,-36.8998],[174.9521,-36.9009],[174.9544,-36.9017],[174.9539,-36.9028],[174.9545,-36.9037],[174.9545,-36.9059],[174.9539,-36.9061],[174.9525,-36.9058],[174.9522,-36.906],[174.9505,-36.9044],[174.9501,-36.9047],[174.9494,-36.9041],[174.9497,-36.9037],[174.9485,-36.9022],[174.9479,-36.9025],[174.9478,-36.9031],[174.9468,-36.9036],[174.9448,-36.9057],[174.9433,-36.9066],[174.9427,-36.9065],[174.942,-36.9072],[174.9423,-36.9077],[174.9417,-36.9083],[174.9408,-36.9084],[174.9389,-36.9097],[174.9366,-36.9074],[174.9369,-36.9072],[174.9346,-36.9057],[174.9348,-36.9051],[174.9343,-36.9054],[174.9333,-36.9047],[174.9336,-36.9035],[174.9343,-36.9024],[174.9338,-36.9022],[174.9343,-36.9012],[174.934,-36.9012],[174.9337,-36.9006],[174.9352,-36.9001],[174.9343,-36.8989],[174.9348,-36.8988],[174.9353,-36.8975],[174.9346,-36.8976],[174.9348,-36.8974],[174.9341,-36.8954],[174.9336,-36.8954],[174.9336,-36.8946],[174.9369,-36.8937],[174.9372,-36.8919],[174.9396,-36.8928],[174.9397,-36.8925]]]]}},{"type":"Feature","properties":{"name":"Cornwallis","region":"West","population":163,"lat":-36.99492,"lng":174.5921},"geometry":{"type":"MultiPolygon","coordinates":[[[[174.5873,-36.9857],[174.5875,-36.9853],[174.5887,-36.9851],[174.5885,-36.9848],[174.5878,-36.9849],[174.5878,-36.9845],[174.5884,-36.9844],[174.5892,-36.9846],[174.5893,-36.9838],[174.5897,-36.9838],[174.5874,-36.9751],[174.6007,-36.9663],[174.6096,-36.9786],[174.6169,-36.9896],[174.6141,-36.9901],[174.6112,-36.9919],[174.6089,-36.992],[174.6064,-36.9927],[174.6055,-36.9921],[174.605,-36.9922],[174.604,-36.9933],[174.605,-36.9955],[174.605,-36.9965],[174.6038,-36.9989],[174.6032,-37.0014],[174.604,-37.0081],[174.6049,-37.0093],[174.6064,-37.0142],[174.6087,-37.0149],[174.6103,-37.0163],[174.6106,-37.0169],[174.6103,-37.0175],[174.6118,-37.0182],[174.6125,-37.0191],[174.6126,-37.0196],[174.6121,-37.0202],[174.6112,-37.0204],[174.609,-37.0202],[174.6082,-37.0205],[174.6078,-37.0216],[174.605,-37.0217],[174.6045,-37.0213],[174.6044,-37.0198],[174.6006,-37.0171],[174.601,-37.0155],[174.6009,-37.0145],[174.5994,-37.0132],[174.5986,-37.0131],[174.5969,-37.0109],[174.5974,-37.0094],[174.5972,-37.0089],[174.598,-37.008],[174.5977,-37.0068],[174.595,-37.005],[174.5942,-37.0039],[174.5926,-37.0029],[174.5923,-37.0022],[174.5925,-37.0013],[174.5921,-37.0016],[174.5929,-37.0002],[174.5924,-37.0001],[174.5919,-37.0005],[174.5913,-37.0003],[174.5912,-36.999],[174.5902,-36.9991],[174.5897,-36.9987],[174.5907,-36.9973],[174.5903,-36.9969],[174.59,-36.9973],[174.5882,-36.996],[174.5886,-36.9955],[174.5881,-36.9951],[174.5883,-36.9942],[174.589,-36.9938],[174.5884,-36.9933],[174.5886,-36.9927],[174.5871,-36.9921],[174.5872,-36.9913],[174.588,-36.9915],[174.5882,-36.9912],[174.5869,-36.9907],[174.5865,-36.9901],[174.5869,-36.9898],[174.5868,-36.9893],[174.5875,-36.9892],[174.5876,-36.9889],[174.5874,-36.9886],[174.5872,-36.989],[174.5868,-36.9889],[174.5866,-36.9878],[174.5871,-36.9873],[174.5865,-36.9866],[174.5876,-36.9869],[174.5874,-36.9866],[174.5877,-36.9863],[174.5867,-36.986],[174.5873,-36.9857]]]]}},{"type":"Feature","properties":{"name":"Dannemora","region":"East","population":3856,"lat":-36.92773,"lng":174.92394},"geometry":{"type":"MultiPolygon","coordinates":[[[[174.9153,-36.9316],[174.9158,-36.9293],[174.9178,-36.9279],[174.919,-36.9266],[174.9187,-36.9264],[174.919,-36.9259],[174.9198,-36.9257],[174.9201,-36.9254],[174.9199,-36.9251],[174.9212,-36.9236],[174.922,-36.923],[174.9222,-36.9231],[174.9233,-36.9219],[174.9274,-36.9228],[174.9261,-36.9267],[174.93,-36.9274],[174.9325,-36.9274],[174.9323,-36.9281],[174.9316,-36.9279],[174.9311,-36.9287],[174.931,-36.9295],[174.9319,-36.9296],[174.9317,-36.9325],[174.9303,-36.933],[174.9305,-36.9341],[174.9309,-36.9345],[174.929,-36.9348],[174.9282,-36.9358],[174.9224,-36.9348],[174.921,-36.9351],[174.9187,-36.9347],[174.9167,-36.9333],[174.9151,-36.933],[174.9153,-36.9316]]]]}},{"type":"Feature","properties":{"name":"Devonport","region":"North","population":6926,"lat":-36.82351,"lng":174.79626},"geometry":{"type":"MultiPolygon","coordinates":[[[[174.8014,-36.8214],[174.8023,-36.8208],[174.8034,-36.8207],[174.8038,-36.82],[174.8048,-36.8194],[174.8056,-36.8197],[174.8054,-36.8199],[174.8063,-36.8198],[174.8069,-36.8208],[174.8071,-36.8206],[174.808,-36.8221],[174.8109,-36.8252],[174.8118,-36.8255],[174.8125,-36.8253],[174.8127,-36.8257],[174.8134,-36.8259],[174.8138,-36.8273],[174.8135,-36.8286],[174.8126,-36.8295],[174.81,-36.8308],[174.8095,-36.8296],[174.8085,-36.8288],[174.8089,-36.8285],[174.8071,-36.8282],[174.8056,-36.8294],[174.8041,-36.83],[174.8032,-36.8313],[174.8026,-36.8311],[174.8002,-36.8318],[174.7985,-36.8316],[174.7976,-36.8328],[174.7969,-36.8326],[174.7966,-36.8332],[174.7969,-36.8332],[174.7968,-36.8334],[174.795,-36.8336],[174.7956,-36.8324],[174.7912,-36.8308],[174.7916,-36.8296],[174.7915,-36.829],[174.7913,-36.829],[174.7911,-36.8259],[174.7919,-36.826],[174.7922,-36.8256],[174.7892,-36.8232],[174.79,-36.8234],[174.7931,-36.8219],[174.7943,-36.822],[174.7942,-36.8218],[174.7901,-36.8184],[174.7884,-36.8182],[174.7849,-36.8189],[174.7835,-36.8183],[174.7837,-36.8178],[174.7863,-36.8159],[174.7878,-36.814],[174.7888,-36.8134],[174.7883,-36.8137],[174.7881,-36.8134],[174.7905,-36.8119],[174.7917,-36.8115],[174.7946,-36.8176],[174.7966,-36.8209],[174.797,-36.8211],[174.7995,-36.8209],[174.7997,-36.8217],[174.8001,-36.8216],[174.8004,-36.8223],[174.8015,-36.822],[174.8014,-36.8214]]]]}},{"type":"Feature","properties":{"name":"East T\u0101maki","region":"South","population":7116,"lat":-36.9382,"lng":174.8774},"geometry":{"type":"MultiPolygon","coordinates":[[[[174.8755,-36.9449],[174.8746,-36.9456],[174.8739,-36.9458],[174.8735,-36.9454],[174.8738,-36.946],[174.8729,-36.9461],[174.8722,-36.9467],[174.8694,-36.9469],[174.8665,-36.9478],[174.8659,-36.9476],[174.8656,-36.9469],[174.8653,-36.947],[174.8658,-36.9465],[174.8648,-36.9466],[174.8646,-36.946],[174.8653,-36.9448],[174.8668,-36.9452],[174.867,-36.9457],[174.8672,-36.9455],[174.8672,-36.9436],[174.8662,-36.9433],[174.8658,-36.9435],[174.8654,-36.9433],[174.8657,-36.9429],[174.8649,-36.9428],[174.8637,-36.9432],[174.8641,-36.944],[174.8634,-36.9439],[174.8625,-36.9446],[174.862,-36.9444],[174.8614,-36.9431],[174.8619,-36.9416],[174.8643,-36.9397],[174.8657,-36.9389],[174.8676,-36.9385],[174.8681,-36.9388],[174.8691,-36.9378],[174.8684,-36.9374],[174.8698,-36.9372],[174.8699,-36.9377],[174.8707,-36.9379],[174.8701,-36.9373],[174.8705,-36.9367],[174.8717,-36.9367],[174.8705,-36.9364],[174.8697,-36.9367],[174.8685,-36.9362],[174.869,-36.9357],[174.8696,-36.9354],[174.8719,-36.9355],[174.8728,-36.935],[174.8736,-36.9353],[174.8733,-36.9349],[174.8736,-36.9347],[174.8749,-36.9346],[174.874,-36.9343],[174.8743,-36.9338],[174.8735,-36.934],[174.8736,-36.9343],[174.8728,-36.9347],[174.8721,-36.9347],[174.872,-36.9336],[174.8708,-36.9318],[174.8702,-36.9314],[174.8695,-36.9292],[174.8686,-36.9282],[174.869,-36.9275],[174.8716,-36.9282],[174.8724,-36.9295],[174.8728,-36.9285],[174.8736,-36.9281],[174.8777,-36.9286],[174.8779,-36.9288],[174.8772,-36.9296],[174.8773,-36.9307],[174.877,-36.9314],[174.8776,-36.9321],[174.8784,-36.9321],[174.8789,-36.9326],[174.8788,-36.9321],[174.8775,-36.9314],[174.8778,-36.9309],[174.8778,-36.9297],[174.8789,-36.9293],[174.8808,-36.9302],[174.8798,-36.929],[174.8801,-36.9281],[174.8812,-36.927],[174.8847,-36.9278],[174.8849,-36.9283],[174.8841,-36.9293],[174.8851,-36.9283],[174.885,-36.9276],[174.8853,-36.9274],[174.8867,-36.9272],[174.8875,-36.9275],[174.8884,-36.9274],[174.8887,-36.9278],[174.888,-36.9286],[174.8878,-36.9298],[174.8884,-36.9287],[174.8891,-36.9282],[174.89,-36.9283],[174.8906,-36.929],[174.8917,-36.9294],[174.891,-36.9289],[174.891,-36.9284],[174.8891,-36.9271],[174.8888,-36.9263],[174.8894,-36.9255],[174.889,-36.9263],[174.8894,-36.9269],[174.8905,-36.9271],[174.8907,-36.9265],[174.8914,-36.9267],[174.8916,-36.9262],[174.8918,-36.9262],[174.8916,-36.927],[174.8925,-36.9271],[174.8924,-36.9275],[174.8941,-36.9278],[174.8936,-36.9294],[174.8957,-36.9292],[174.896,-36.9277],[174.8968,-36.9279],[174.897,-36.927],[174.8992,-36.9275],[174.8989,-36.9283],[174.9005,-36.9289],[174.901,-36.929],[174.9013,-36.9279],[174.9032,-36.9285],[174.9032,-36.9292],[174.9039,-36.9299],[174.9038,-36.9312],[174.9031,-36.932],[174.9035,-36.9326],[174.9034,-36.9344],[174.905,-36.9354],[174.9069,-36.9333],[174.9071,-36.9328],[174.9068,-36.9326],[174.9069,-36.9324],[174.9074,-36.9327],[174.9083,-36.9318],[174.9085,-36.9319],[174.9099,-36.9311],[174.9102,-36.9306],[174.9114,-36.9307],[174.911,-36.9314],[174.9114,-36.9315],[174.9117,-36.9309],[174.9142,-36.9312],[174.9153,-36.9316],[174.9151,-36.933],[174.9154,-36.9331],[174.9154,-36.9335],[174.9147,-36.9359],[174.9151,-36.9359],[174.915,-36.9365],[174.9146,-36.9366],[174.9145,-36.9369],[174.9148,-36.9369],[174.9144,-36.9381],[174.9141,-36.938],[174.9145,-36.9381],[174.9142,-36.9393],[174.9139,-36.9392],[174.9141,-36.9395],[174.9137,-36.9402],[174.9132,-36.9426],[174.9129,-36.9425],[174.9127,-36.9431],[174.9138,-36.9432],[174.9139,-36.9438],[174.9129,-36.944],[174.9125,-36.9447],[174.9121,-36.9465],[174.9117,-36.9465],[174.9116,-36.9471],[174.9119,-36.9472],[174.9114,-36.9488],[174.9092,-36.9483],[174.907,-36.9481],[174.9064,-36.9483],[174.9041,-36.9566],[174.9016,-36.9559],[174.9017,-36.9557],[174.9002,-36.9548],[174.899,-36.955],[174.8989,-36.9557],[174.8995,-36.9558],[174.8992,-36.9567],[174.8985,-36.9571],[174.9002,-36.9576],[174.9002,-36.9598],[174.9024,-36.9599],[174.9028,-36.9602],[174.9025,-36.9614],[174.9017,-36.9614],[174.901,-36.9634],[174.9023,-36.964],[174.9001,-36.9709],[174.8996,-36.9708],[174.8996,-36.97],[174.9003,-36.9677],[174.8965,-36.967],[174.896,-36.9689],[174.8933,-36.9684],[174.8949,-36.9626],[174.8955,-36.9627],[174.8959,-36.9617],[174.8935,-36.9613],[174.8953,-36.9551],[174.8909,-36.9544],[174.8913,-36.953],[174.892,-36.9531],[174.8922,-36.9526],[174.8915,-36.9523],[174.8916,-36.9515],[174.891,-36.9513],[174.891,-36.9506],[174.8891,-36.9499],[174.8887,-36.9505],[174.8877,-36.9505],[174.8871,-36.9501],[174.8859,-36.95],[174.8853,-36.9493],[174.8816,-36.9491],[174.8805,-36.9494],[174.8801,-36.9486],[174.8808,-36.9481],[174.8803,-36.9479],[174.88,-36.9471],[174.8782,-36.9466],[174.8764,-36.9451],[174.877,-36.944],[174.8785,-36.943],[174.8794,-36.9436],[174.8817,-36.9436],[174.8795,-36.9432],[174.8797,-36.9426],[174.8792,-36.943],[174.8784,-36.9425],[174.8777,-36.9427],[174.8776,-36.943],[174.8771,-36.9431],[174.877,-36.9434],[174.8764,-36.9432],[174.8758,-36.9434],[174.8765,-36.9444],[174.8755,-36.9449]]]]}},{"type":"Feature","properties":{"name":"East T\u0101maki Heights","region":"East","population":5759,"lat":-36.94048,"lng":174.93087},"geometry":{"type":"MultiPolygon","coordinates":[[[[174.9339,-36.9274],[174.9329,-36.9312],[174.9333,-36.9319],[174.9334,-36.9335],[174.9346,-36.9353],[174.9362,-36.9362],[174.9368,-36.938],[174.9367,-36.9396],[174.9377,-36.94],[174.9361,-36.9413],[174.9355,-36.9447],[174.9355,-36.9472],[174.9344,-36.9491],[174.9374,-36.9501],[174.9361,-36.9546],[174.9237,-36.9521],[174.9246,-36.9487],[174.9217,-36.9487],[174.9162,-36.9477],[174.9157,-36.9498],[174.9114,-36.9488],[174.9119,-36.9472],[174.9116,-36.9471],[174.9117,-36.9465],[174.9121,-36.9465],[174.9125,-36.9447],[174.9129,-36.944],[174.9139,-36.9438],[174.9138,-36.9432],[174.9127,-36.9431],[174.9129,-36.9425],[174.9132,-36.9426],[174.9137,-36.9402],[174.9141,-36.9395],[174.9139,-36.9392],[174.9142,-36.9393],[174.9145,-36.9381],[174.9141,-36.9381],[174.9144,-36.9381],[174.9148,-36.9369],[174.9145,-36.9369],[174.9146,-36.9366],[174.915,-36.9365],[174.9151,-36.9359],[174.9147,-36.9359],[174.9154,-36.9331],[174.9167,-36.9333],[174.9187,-36.9347],[174.9196,-36.9349],[174.9217,-36.9351],[174.9224,-36.9348],[174.9282,-36.9358],[174.929,-36.9348],[174.9309,-36.9345],[174.9305,-36.9341],[174.9303,-36.933],[174.9317,-36.9325],[174.9319,-36.9296],[174.931,-36.9295],[174.9316,-36.9279],[174.9323,-36.9281],[174.9325,-36.9274],[174.9339,-36.9274]]]]}},{"type":"Feature","properties":{"name":"Eastern Beach","region":"East","population":1597,"lat":-36.87465,"lng":174.91483},"geometry":{"type":"MultiPolygon","coordinates":[[[[174.9212,-36.8789],[174.921,-36.8797],[174.9202,-36.8794],[174.9196,-36.8799],[174.9189,-36.8798],[174.9188,-36.8801],[174.9188,-36.8807],[174.9206,-36.8812],[174.9203,-36.8821],[174.9189,-36.8818],[174.9184,-36.8833],[174.9193,-36.8839],[174.9193,-36.8845],[174.9196,-36.8846],[174.9194,-36.8855],[174.9153,-36.8844],[174.9145,-36.8837],[174.9133,-36.8805],[174.9113,-36.879],[174.9116,-36.8787],[174.9093,-36.8774],[174.9093,-36.8779],[174.9091,-36.8778],[174.9091,-36.8766],[174.9087,-36.8761],[174.9085,-36.8739],[174.9077,-36.8715],[174.9086,-36.8715],[174.9087,-36.8711],[174.9097,-36.8708],[174.9089,-36.8705],[174.9106,-36.8699],[174.9098,-36.8685],[174.9108,-36.8681],[174.9125,-36.871],[174.9155,-36.8748],[174.918,-36.8771],[174.9212,-36.8789]]]]}},{"type":"Feature","properties":{"name":"Eden Terrace","region":"Central","population":4023,"lat":-36.86352,"lng":174.75724},"geometry":{"type":"MultiPolygon","coordinates":[[[[174.7638,-36.8626],[174.7628,-36.8617],[174.7626,-36.8621],[174.7623,-36.862],[174.762,-36.8626],[174.7627,-36.8633],[174.7625,-36.8635],[174.7618,-36.8634],[174.7617,-36.8638],[174.7611,-36.8642],[174.7615,-36.8646],[174.7612,-36.8653],[174.7608,-36.865],[174.7604,-36.8653],[174.7613,-36.8669],[174.7607,-36.8676],[174.7575,-36.8677],[174.7539,-36.8691],[174.7542,-36.8683],[174.7533,-36.8673],[174.753,-36.8674],[174.7508,-36.8653],[174.7547,-36.8624],[174.7557,-36.8611],[174.7586,-36.8594],[174.7612,-36.8596],[174.7627,-36.8602],[174.7622,-36.8611],[174.7635,-36.8616],[174.7632,-36.8621],[174.7638,-36.8626]]]]}},{"type":"Feature","properties":{"name":"Ellerslie","region":"East","population":10695,"lat":-36.89568,"lng":174.81255},"geometry":{"type":"MultiPolygon","coordinates":[[[[174.8014,-36.892],[174.8016,-36.8918],[174.8005,-36.8913],[174.8007,-36.8909],[174.8019,-36.8915],[174.8024,-36.891],[174.8078,-36.8928],[174.8082,-36.8922],[174.8095,-36.892],[174.8095,-36.8912],[174.8106,-36.8913],[174.8125,-36.8899],[174.8128,-36.8903],[174.8136,-36.8898],[174.8128,-36.8892],[174.8149,-36.8887],[174.8148,-36.8891],[174.8152,-36.8892],[174.8152,-36.8888],[174.8163,-36.8888],[174.8162,-36.8883],[174.8166,-36.8883],[174.8169,-36.8896],[174.8171,-36.8896],[174.8169,-36.8884],[174.8246,-36.8873],[174.827,-36.8901],[174.8267,-36.8904],[174.8272,-36.8902],[174.826,-36.891],[174.8256,-36.892],[174.8251,-36.8921],[174.8255,-36.8922],[174.8253,-36.8926],[174.8256,-36.8927],[174.8251,-36.894],[174.8256,-36.8941],[174.8253,-36.8951],[174.8261,-36.8955],[174.8251,-36.8964],[174.8247,-36.8964],[174.8252,-36.8967],[174.8222,-36.8983],[174.8223,-36.8985],[174.8195,-36.9018],[174.82,-36.902],[174.8196,-36.9047],[174.8188,-36.9048],[174.8184,-36.9055],[174.8186,-36.9061],[174.8164,-36.9059],[174.8074,-36.9024],[174.8056,-36.9047],[174.8052,-36.9046],[174.805,-36.9052],[174.8045,-36.9051],[174.8044,-36.9048],[174.8031,-36.906],[174.8026,-36.9056],[174.804,-36.9042],[174.8035,-36.9035],[174.804,-36.9031],[174.8028,-36.9025],[174.8036,-36.9018],[174.8037,-36.9011],[174.8033,-36.901],[174.8034,-36.9003],[174.8029,-36.8997],[174.8032,-36.8997],[174.8027,-36.8994],[174.8031,-36.8988],[174.8022,-36.8984],[174.802,-36.8987],[174.8015,-36.8984],[174.802,-36.8974],[174.8017,-36.8977],[174.8014,-36.8976],[174.8012,-36.8969],[174.7991,-36.8954],[174.7991,-36.8949],[174.7987,-36.8946],[174.7991,-36.894],[174.7997,-36.8944],[174.8007,-36.894],[174.8004,-36.8947],[174.8008,-36.8944],[174.8014,-36.8938],[174.8012,-36.8937],[174.8023,-36.8928],[174.8014,-36.892]]]]}},{"type":"Feature","properties":{"name":"Epsom","region":"Central","population":20988,"lat":-36.89043,"lng":174.7717},"geometry":{"type":"MultiPolygon","coordinates":[[[[174.7707,-36.8667],[174.7712,-36.8665],[174.7724,-36.8668],[174.7724,-36.8665],[174.7727,-36.8666],[174.7725,-36.8673],[174.773,-36.8674],[174.7728,-36.868],[174.7748,-36.8687],[174.7743,-36.8696],[174.7738,-36.8695],[174.7733,-36.871],[174.776,-36.8715],[174.7755,-36.8723],[174.7766,-36.8725],[174.7765,-36.8729],[174.7776,-36.873],[174.7776,-36.8734],[174.7792,-36.873],[174.7797,-36.8746],[174.78,-36.8745],[174.7825,-36.8774],[174.7821,-36.8777],[174.7823,-36.8779],[174.7827,-36.8777],[174.7893,-36.8841],[174.7889,-36.8846],[174.7877,-36.8836],[174.7869,-36.8853],[174.7874,-36.8856],[174.7867,-36.8856],[174.7857,-36.887],[174.7846,-36.887],[174.7843,-36.8876],[174.7835,-36.8876],[174.7833,-36.8881],[174.7835,-36.8882],[174.7833,-36.8888],[174.786,-36.8899],[174.7891,-36.8929],[174.7867,-36.893],[174.7856,-36.8943],[174.7829,-36.8935],[174.7828,-36.8938],[174.782,-36.8935],[174.7811,-36.8952],[174.7778,-36.8945],[174.7776,-36.8956],[174.7803,-36.8967],[174.7789,-36.8991],[174.7775,-36.9045],[174.7755,-36.9055],[174.7752,-36.9052],[174.7747,-36.9055],[174.7746,-36.9051],[174.7728,-36.9046],[174.7727,-36.905],[174.7729,-36.905],[174.7725,-36.9053],[174.7723,-36.9062],[174.772,-36.9061],[174.7719,-36.9065],[174.7708,-36.9062],[174.7707,-36.9066],[174.7702,-36.9065],[174.7702,-36.9067],[174.7706,-36.9068],[174.7705,-36.9074],[174.77,-36.9073],[174.7699,-36.9075],[174.7657,-36.9067],[174.7652,-36.9074],[174.7655,-36.9074],[174.7653,-36.9083],[174.7655,-36.9084],[174.765,-36.9091],[174.7638,-36.909],[174.7636,-36.9094],[174.7631,-36.9092],[174.7633,-36.9088],[174.7622,-36.9086],[174.762,-36.909],[174.7607,-36.9088],[174.7604,-36.9091],[174.7608,-36.9075],[174.7604,-36.9075],[174.7608,-36.9061],[174.7613,-36.9062],[174.7614,-36.9056],[174.761,-36.9055],[174.7614,-36.9043],[174.7619,-36.9042],[174.7614,-36.9041],[174.7616,-36.9033],[174.7601,-36.9014],[174.7603,-36.9008],[174.7628,-36.9013],[174.763,-36.9006],[174.7624,-36.9005],[174.7626,-36.9],[174.7631,-36.9001],[174.7628,-36.8994],[174.7633,-36.8976],[174.7638,-36.8977],[174.7639,-36.8972],[174.7637,-36.8964],[174.7633,-36.8964],[174.7635,-36.8959],[174.7613,-36.8955],[174.7627,-36.8916],[174.7629,-36.8899],[174.7632,-36.89],[174.7637,-36.8887],[174.7638,-36.8876],[174.7634,-36.8875],[174.7639,-36.8856],[174.7643,-36.8857],[174.7646,-36.8853],[174.7655,-36.8826],[174.7654,-36.8819],[174.7644,-36.8817],[174.764,-36.8797],[174.7655,-36.8794],[174.7675,-36.8778],[174.766,-36.8768],[174.7665,-36.8748],[174.7662,-36.8733],[174.7648,-36.8723],[174.7666,-36.8693],[174.7688,-36.8674],[174.7679,-36.8663],[174.7693,-36.8659],[174.7706,-36.8662],[174.7704,-36.8666],[174.7707,-36.8667]]]]}},{"type":"Feature","properties":{"name":"Fairview Heights","region":"North","population":3599,"lat":-36.71101,"lng":174.71751},"geometry":{"type":"MultiPolygon","coordinates":[[[[174.7071,-36.7102],[174.7072,-36.7094],[174.7087,-36.7082],[174.7096,-36.7083],[174.7106,-36.7079],[174.711,-36.7074],[174.712,-36.7071],[174.7137,-36.7058],[174.7146,-36.7061],[174.7178,-36.7047],[174.7207,-36.7027],[174.7219,-36.7027],[174.7225,-36.704],[174.7238,-36.7051],[174.7199,-36.7068],[174.721,-36.7085],[174.7219,-36.7082],[174.7218,-36.7113],[174.7224,-36.7113],[174.7216,-36.7121],[174.7221,-36.7127],[174.7195,-36.7135],[174.7152,-36.717],[174.7126,-36.7185],[174.7071,-36.7102]]]]}},{"type":"Feature","properties":{"name":"Farm Cove","region":"East","population":2746,"lat":-36.89365,"lng":174.88684},"geometry":{"type":"MultiPolygon","coordinates":[[[[174.8969,-36.8983],[174.8972,-36.8987],[174.8968,-36.8989],[174.897,-36.8994],[174.8951,-36.8997],[174.8956,-36.898],[174.8944,-36.8976],[174.8941,-36.898],[174.8923,-36.8974],[174.8918,-36.8976],[174.8919,-36.8973],[174.8911,-36.8972],[174.8911,-36.8975],[174.8901,-36.8974],[174.8897,-36.8969],[174.8886,-36.8969],[174.888,-36.8964],[174.8871,-36.8964],[174.8867,-36.8971],[174.8851,-36.8973],[174.8848,-36.8985],[174.8836,-36.8983],[174.8838,-36.898],[174.8831,-36.8979],[174.8819,-36.898],[174.8803,-36.8963],[174.8797,-36.8961],[174.8798,-36.8959],[174.8793,-36.896],[174.8805,-36.8947],[174.8803,-36.8939],[174.8795,-36.8935],[174.8792,-36.8929],[174.8796,-36.8914],[174.8799,-36.891],[174.8817,-36.8916],[174.8851,-36.8915],[174.886,-36.8918],[174.8873,-36.8916],[174.8889,-36.8922],[174.8901,-36.8923],[174.8899,-36.8935],[174.8906,-36.8927],[174.8926,-36.8934],[174.8928,-36.8941],[174.893,-36.8932],[174.8937,-36.893],[174.8941,-36.8937],[174.8946,-36.8939],[174.8956,-36.8932],[174.8992,-36.8943],[174.8996,-36.8947],[174.8993,-36.8956],[174.8974,-36.8969],[174.8973,-36.8976],[174.8968,-36.8976],[174.8972,-36.8982],[174.8969,-36.8983]]]]}},{"type":"Feature","properties":{"name":"Favona","region":"South","population":11261,"lat":-36.94897,"lng":174.81644},"geometry":{"type":"MultiPolygon","coordinates":[[[[174.8347,-36.9561],[174.8328,-36.9588],[174.8301,-36.9574],[174.8282,-36.957],[174.8275,-36.9581],[174.8259,-36.9577],[174.8261,-36.9562],[174.8249,-36.9556],[174.8244,-36.955],[174.8243,-36.9542],[174.8209,-36.9537],[174.821,-36.953],[174.8219,-36.9531],[174.8215,-36.9527],[174.8218,-36.9522],[174.8227,-36.9519],[174.8187,-36.9527],[174.8176,-36.9522],[174.817,-36.9506],[174.8172,-36.9497],[174.8189,-36.9496],[174.8174,-36.9495],[174.8164,-36.949],[174.8151,-36.9497],[174.8147,-36.9489],[174.814,-36.9486],[174.8145,-36.9489],[174.8144,-36.9493],[174.8151,-36.9502],[174.8151,-36.9506],[174.8135,-36.9496],[174.8134,-36.9499],[174.8129,-36.95],[174.8121,-36.9497],[174.8136,-36.9503],[174.8137,-36.9509],[174.8134,-36.9512],[174.8127,-36.951],[174.8123,-36.952],[174.8112,-36.952],[174.8113,-36.9522],[174.8103,-36.9524],[174.8094,-36.9521],[174.8102,-36.9526],[174.8097,-36.953],[174.8103,-36.9528],[174.8096,-36.9536],[174.8098,-36.9539],[174.8098,-36.9535],[174.8107,-36.9526],[174.8113,-36.9529],[174.8137,-36.9522],[174.8152,-36.953],[174.815,-36.9532],[174.8154,-36.953],[174.8157,-36.9533],[174.8162,-36.9526],[174.8178,-36.9524],[174.8185,-36.9529],[174.8178,-36.9532],[174.8183,-36.9531],[174.8183,-36.9538],[174.8189,-36.9544],[174.8188,-36.9548],[174.8068,-36.9601],[174.8071,-36.9605],[174.8061,-36.9609],[174.8059,-36.9613],[174.8054,-36.9612],[174.8042,-36.9619],[174.8021,-36.9633],[174.8021,-36.9637],[174.7979,-36.9582],[174.796,-36.9537],[174.7951,-36.9524],[174.795,-36.9515],[174.7935,-36.952],[174.7943,-36.9514],[174.794,-36.9511],[174.7953,-36.951],[174.7968,-36.9499],[174.7969,-36.9502],[174.7988,-36.9492],[174.8007,-36.9491],[174.8017,-36.9484],[174.8037,-36.948],[174.8052,-36.9474],[174.8091,-36.9448],[174.812,-36.9438],[174.8129,-36.9438],[174.8143,-36.9431],[174.8167,-36.9429],[174.8172,-36.9432],[174.8164,-36.9442],[174.8165,-36.9451],[174.8161,-36.9451],[174.8161,-36.9455],[174.8158,-36.9456],[174.8167,-36.9471],[174.8148,-36.9474],[174.8156,-36.9479],[174.815,-36.9485],[174.8159,-36.9478],[174.8166,-36.9486],[174.8165,-36.9488],[174.8193,-36.9493],[174.8216,-36.9473],[174.821,-36.9464],[174.8222,-36.9459],[174.8225,-36.9464],[174.8245,-36.9451],[174.8265,-36.9456],[174.8272,-36.9464],[174.8279,-36.9456],[174.8294,-36.9449],[174.8287,-36.944],[174.8284,-36.9411],[174.8292,-36.9418],[174.8302,-36.9418],[174.8296,-36.9408],[174.8298,-36.9382],[174.8312,-36.938],[174.8317,-36.9375],[174.8326,-36.9451],[174.8324,-36.9466],[174.8326,-36.9466],[174.8329,-36.9486],[174.8332,-36.9485],[174.8335,-36.949],[174.833,-36.9493],[174.8335,-36.9492],[174.8347,-36.9561]]]]}},{"type":"Feature","properties":{"name":"Flat Bush","region":"South","population":51157,"lat":-36.97545,"lng":174.92025},"geometry":{"type":"MultiPolygon","coordinates":[[[[174.9012,-36.9634],[174.901,-36.9634],[174.9017,-36.9614],[174.9025,-36.9614],[174.9028,-36.9602],[174.9024,-36.9599],[174.9002,-36.9598],[174.9002,-36.9576],[174.8985,-36.9571],[174.8992,-36.9567],[174.8995,-36.9558],[174.8989,-36.9557],[174.899,-36.955],[174.9002,-36.9548],[174.9017,-36.9557],[174.9016,-36.9559],[174.9041,-36.9566],[174.9064,-36.9483],[174.907,-36.9481],[174.9109,-36.9485],[174.9133,-36.9491],[174.9132,-36.9494],[174.9157,-36.9498],[174.9162,-36.9477],[174.9217,-36.9487],[174.9246,-36.9487],[174.9237,-36.9521],[174.9361,-36.9546],[174.9375,-36.9501],[174.9381,-36.9512],[174.9378,-36.9517],[174.9388,-36.9528],[174.9399,-36.9535],[174.9406,-36.9535],[174.9419,-36.9489],[174.946,-36.9503],[174.9444,-36.9552],[174.95,-36.9562],[174.9495,-36.957],[174.9486,-36.9573],[174.9563,-36.9658],[174.9534,-36.9674],[174.952,-36.9714],[174.947,-36.9706],[174.9476,-36.9718],[174.9477,-36.9729],[174.9491,-36.9745],[174.9491,-36.9753],[174.9481,-36.9762],[174.948,-36.9773],[174.9491,-36.9775],[174.9494,-36.9785],[174.9513,-36.9808],[174.9554,-36.9816],[174.956,-36.9813],[174.9566,-36.9815],[174.9567,-36.9809],[174.9602,-36.9788],[174.9612,-36.9768],[174.9618,-36.977],[174.9627,-36.9766],[174.9684,-36.9829],[174.967,-36.9838],[174.9647,-36.9834],[174.9638,-36.9855],[174.952,-36.9856],[174.9501,-36.9904],[174.9526,-36.9912],[174.9535,-36.9999],[174.9538,-37.0002],[174.9364,-36.9952],[174.939,-36.9872],[174.9348,-36.9859],[174.9349,-36.9855],[174.9341,-36.9851],[174.9318,-36.9851],[174.9316,-36.9846],[174.9311,-36.9847],[174.931,-36.9842],[174.9306,-36.984],[174.9303,-36.9842],[174.93,-36.9838],[174.9287,-36.9879],[174.9194,-36.9861],[174.9184,-36.9893],[174.9158,-36.989],[174.9155,-36.9895],[174.914,-36.9895],[174.9123,-36.9888],[174.9104,-36.9888],[174.9104,-36.9903],[174.9098,-36.9902],[174.9098,-36.9906],[174.9087,-36.9905],[174.908,-36.9915],[174.9065,-36.9888],[174.9061,-36.9887],[174.9045,-36.9891],[174.9046,-36.9904],[174.9034,-36.9905],[174.9033,-36.9889],[174.9039,-36.9888],[174.9045,-36.9858],[174.9051,-36.9858],[174.9061,-36.9849],[174.9069,-36.9852],[174.9076,-36.9842],[174.9072,-36.9839],[174.9034,-36.9837],[174.9016,-36.9843],[174.9006,-36.9841],[174.9009,-36.9834],[174.9013,-36.9833],[174.901,-36.9832],[174.9011,-36.9827],[174.9006,-36.9826],[174.9007,-36.9823],[174.9016,-36.9824],[174.9017,-36.982],[174.9014,-36.9817],[174.902,-36.9805],[174.899,-36.9785],[174.8991,-36.978],[174.8987,-36.9782],[174.8976,-36.9778],[174.8978,-36.9773],[174.8974,-36.9772],[174.8975,-36.9767],[174.898,-36.9768],[174.8963,-36.9759],[174.8964,-36.9756],[174.8962,-36.9759],[174.8958,-36.9757],[174.8952,-36.9754],[174.8954,-36.9751],[174.8952,-36.9753],[174.8944,-36.9748],[174.8965,-36.967],[174.9003,-36.9677],[174.8996,-36.97],[174.8996,-36.9708],[174.9001,-36.9709],[174.9023,-36.964],[174.9012,-36.9634]]]]}},{"type":"Feature","properties":{"name":"Forrest Hill","region":"North","population":10634,"lat":-36.76542,"lng":174.74908},"geometry":{"type":"MultiPolygon","coordinates":[[[[174.7508,-36.7713],[174.75,-36.7715],[174.7504,-36.7726],[174.7488,-36.7751],[174.7498,-36.777],[174.7502,-36.7795],[174.75,-36.7801],[174.7476,-36.7799],[174.7427,-36.7718],[174.7379,-36.762],[174.7406,-36.7602],[174.7418,-36.7577],[174.7439,-36.7559],[174.7438,-36.7545],[174.7473,-36.751],[174.7505,-36.7528],[174.7515,-36.7539],[174.7515,-36.7545],[174.7509,-36.7554],[174.751,-36.7564],[174.7557,-36.7588],[174.7568,-36.7613],[174.7555,-36.7666],[174.7565,-36.7675],[174.7528,-36.7708],[174.7515,-36.7707],[174.7508,-36.7713]]]]}},{"type":"Feature","properties":{"name":"Freemans Bay","region":"Central","population":4560,"lat":-36.85282,"lng":174.74975},"geometry":{"type":"MultiPolygon","coordinates":[[[[174.7563,-36.8546],[174.7552,-36.8573],[174.7555,-36.8579],[174.7535,-36.8584],[174.7525,-36.8594],[174.7516,-36.8586],[174.7512,-36.8587],[174.7506,-36.8584],[174.7516,-36.8575],[174.7492,-36.8576],[174.7491,-36.8572],[174.7472,-36.8561],[174.7462,-36.8542],[174.7451,-36.8509],[174.7455,-36.8508],[174.7453,-36.8502],[174.7444,-36.8499],[174.7451,-36.8497],[174.7444,-36.849],[174.7447,-36.8472],[174.7455,-36.8466],[174.7458,-36.8468],[174.7457,-36.847],[174.7466,-36.8474],[174.7464,-36.8476],[174.7481,-36.8484],[174.7486,-36.8476],[174.7491,-36.8476],[174.7491,-36.848],[174.7492,-36.8476],[174.75,-36.8476],[174.75,-36.8479],[174.7511,-36.8479],[174.751,-36.8483],[174.752,-36.8482],[174.7533,-36.8486],[174.7534,-36.8491],[174.753,-36.8494],[174.7538,-36.851],[174.7536,-36.8509],[174.7563,-36.8546]]]]}},{"type":"Feature","properties":{"name":"Glen Eden","region":"West","population":24138,"lat":-36.91124,"lng":174.63526},"geometry":{"type":"MultiPolygon","coordinates":[[[[174.6629,-36.9071],[174.6639,-36.908],[174.6662,-36.9087],[174.6654,-36.9106],[174.667,-36.9108],[174.6673,-36.9113],[174.667,-36.9118],[174.6674,-36.912],[174.6671,-36.9124],[174.6667,-36.9121],[174.6664,-36.9124],[174.6654,-36.9119],[174.665,-36.9122],[174.6657,-36.9126],[174.6653,-36.9129],[174.6656,-36.9131],[174.6645,-36.9143],[174.6641,-36.9146],[174.6638,-36.9144],[174.661,-36.916],[174.6612,-36.9167],[174.6617,-36.9168],[174.6595,-36.9205],[174.6597,-36.9209],[174.6594,-36.9213],[174.656,-36.9218],[174.6562,-36.9226],[174.6553,-36.9233],[174.6542,-36.9221],[174.6539,-36.9224],[174.654,-36.9228],[174.6525,-36.9216],[174.6525,-36.922],[174.652,-36.9221],[174.6522,-36.9224],[174.6503,-36.9226],[174.6501,-36.9215],[174.6481,-36.9215],[174.6478,-36.922],[174.6483,-36.9223],[174.6478,-36.9226],[174.6479,-36.9235],[174.6466,-36.9236],[174.6468,-36.9237],[174.6463,-36.9241],[174.6466,-36.9259],[174.645,-36.9261],[174.6455,-36.9283],[174.6445,-36.9281],[174.644,-36.9284],[174.644,-36.9293],[174.6449,-36.9294],[174.645,-36.9302],[174.6444,-36.9304],[174.6447,-36.9307],[174.6445,-36.9308],[174.6441,-36.9306],[174.6447,-36.9311],[174.6442,-36.9319],[174.6439,-36.9316],[174.6435,-36.9318],[174.6421,-36.9312],[174.6427,-36.9302],[174.6424,-36.93],[174.6418,-36.9308],[174.641,-36.9307],[174.6416,-36.9294],[174.6363,-36.9302],[174.6357,-36.9275],[174.6331,-36.9279],[174.6305,-36.9257],[174.6294,-36.9237],[174.6303,-36.9207],[174.6276,-36.9202],[174.6276,-36.919],[174.6294,-36.9191],[174.6287,-36.9191],[174.6282,-36.9183],[174.6253,-36.9161],[174.6252,-36.9163],[174.6244,-36.9153],[174.6239,-36.9151],[174.6233,-36.9153],[174.6233,-36.9164],[174.6207,-36.9167],[174.6212,-36.9142],[174.6217,-36.9144],[174.6218,-36.9141],[174.6234,-36.9144],[174.6228,-36.9131],[174.6232,-36.9113],[174.6242,-36.9116],[174.6245,-36.9105],[174.625,-36.9107],[174.6244,-36.9098],[174.6243,-36.9094],[174.6246,-36.9092],[174.6243,-36.9089],[174.6238,-36.9091],[174.6221,-36.9076],[174.6232,-36.907],[174.6228,-36.9062],[174.6238,-36.9064],[174.625,-36.9049],[174.6264,-36.9054],[174.6267,-36.9053],[174.6277,-36.9043],[174.6283,-36.9044],[174.6286,-36.904],[174.6281,-36.9038],[174.6283,-36.9036],[174.6287,-36.9039],[174.6306,-36.9021],[174.6301,-36.9018],[174.6303,-36.9016],[174.6316,-36.9018],[174.6319,-36.9008],[174.633,-36.901],[174.6334,-36.9004],[174.6333,-36.9016],[174.6345,-36.903],[174.635,-36.9029],[174.6355,-36.9041],[174.6378,-36.9047],[174.6415,-36.9007],[174.6419,-36.9009],[174.6419,-36.9026],[174.6427,-36.9026],[174.6435,-36.9022],[174.644,-36.9006],[174.6439,-36.8995],[174.6455,-36.8987],[174.6462,-36.898],[174.6462,-36.8975],[174.6482,-36.8974],[174.6487,-36.8969],[174.6499,-36.8977],[174.6496,-36.8981],[174.6512,-36.8984],[174.6521,-36.899],[174.6518,-36.8993],[174.652,-36.8997],[174.6527,-36.899],[174.6538,-36.8998],[174.6548,-36.8988],[174.656,-36.8995],[174.6559,-36.9002],[174.6549,-36.9011],[174.6583,-36.9032],[174.6589,-36.9028],[174.6584,-36.9033],[174.6633,-36.9065],[174.6629,-36.9071]]]]}},{"type":"Feature","properties":{"name":"Glen Innes","region":"East","population":7813,"lat":-36.87357,"lng":174.86151},"geometry":{"type":"MultiPolygon","coordinates":[[[[174.8594,-36.8694],[174.8648,-36.8695],[174.8655,-36.8698],[174.8655,-36.8696],[174.869,-36.8683],[174.874,-36.8694],[174.8731,-36.8708],[174.874,-36.8713],[174.8743,-36.8719],[174.8734,-36.8735],[174.8734,-36.8738],[174.8738,-36.8738],[174.8737,-36.8744],[174.8732,-36.8743],[174.8726,-36.8753],[174.8711,-36.8761],[174.8707,-36.8764],[174.8709,-36.8766],[174.8704,-36.8769],[174.8695,-36.8764],[174.8696,-36.8773],[174.8701,-36.8779],[174.8696,-36.8779],[174.8692,-36.8793],[174.8686,-36.8792],[174.8681,-36.8797],[174.8677,-36.8798],[174.8662,-36.8795],[174.8657,-36.8813],[174.8653,-36.8809],[174.8641,-36.8807],[174.864,-36.8811],[174.8596,-36.8803],[174.8595,-36.8807],[174.8594,-36.8803],[174.857,-36.8795],[174.8568,-36.8799],[174.8562,-36.8796],[174.8559,-36.8806],[174.8551,-36.8809],[174.8528,-36.8805],[174.8522,-36.8804],[174.8528,-36.8803],[174.8529,-36.8788],[174.8521,-36.8753],[174.8509,-36.8739],[174.8489,-36.8725],[174.8511,-36.8729],[174.8491,-36.8717],[174.8476,-36.8714],[174.8481,-36.8705],[174.846,-36.8698],[174.8458,-36.8692],[174.8464,-36.8691],[174.8463,-36.8687],[174.8479,-36.8685],[174.8483,-36.8688],[174.8487,-36.8683],[174.8489,-36.8684],[174.8504,-36.8675],[174.8517,-36.8683],[174.8529,-36.8671],[174.8543,-36.8674],[174.8546,-36.8672],[174.8558,-36.869],[174.8561,-36.8688],[174.8564,-36.8693],[174.8568,-36.8691],[174.8568,-36.8699],[174.8583,-36.8701],[174.8594,-36.8694]]]]}},{"type":"Feature","properties":{"name":"Glendene","region":"West","population":8560,"lat":-36.88875,"lng":174.65902},"geometry":{"type":"MultiPolygon","coordinates":[[[[174.6454,-36.8967],[174.6439,-36.896],[174.6441,-36.8958],[174.6437,-36.8954],[174.6437,-36.8948],[174.6443,-36.8947],[174.6442,-36.8943],[174.6447,-36.894],[174.6446,-36.8936],[174.6443,-36.8937],[174.6442,-36.8926],[174.6436,-36.8926],[174.6441,-36.8924],[174.644,-36.8916],[174.6436,-36.8917],[174.6436,-36.8913],[174.644,-36.8913],[174.644,-36.8909],[174.6436,-36.891],[174.6433,-36.8889],[174.6437,-36.8889],[174.6436,-36.8884],[174.6443,-36.8883],[174.6436,-36.8883],[174.6437,-36.8875],[174.6442,-36.8874],[174.6438,-36.8862],[174.6447,-36.886],[174.6455,-36.8864],[174.6482,-36.8862],[174.648,-36.8857],[174.6494,-36.8856],[174.6506,-36.8858],[174.6507,-36.8861],[174.651,-36.886],[174.6508,-36.8856],[174.6512,-36.8856],[174.6518,-36.8845],[174.6536,-36.8852],[174.6531,-36.8862],[174.6546,-36.8838],[174.6551,-36.8823],[174.656,-36.882],[174.6564,-36.8812],[174.6576,-36.8814],[174.6587,-36.8808],[174.6596,-36.8809],[174.6613,-36.882],[174.6614,-36.8826],[174.6608,-36.8833],[174.6611,-36.8835],[174.6611,-36.8838],[174.6623,-36.8843],[174.6627,-36.885],[174.6634,-36.8848],[174.6651,-36.8853],[174.6664,-36.8846],[174.6667,-36.8849],[174.667,-36.8861],[174.6656,-36.8874],[174.6648,-36.8888],[174.6642,-36.889],[174.6636,-36.8902],[174.6637,-36.8909],[174.6621,-36.8916],[174.6618,-36.8915],[174.6616,-36.8924],[174.6603,-36.8932],[174.6603,-36.8939],[174.6593,-36.8943],[174.6599,-36.8946],[174.6599,-36.8951],[174.6588,-36.8956],[174.6586,-36.8961],[174.6579,-36.8961],[174.6588,-36.8963],[174.6586,-36.8967],[174.6582,-36.8966],[174.658,-36.8972],[174.6582,-36.8973],[174.6579,-36.8974],[174.6587,-36.8981],[174.6581,-36.8987],[174.6577,-36.8986],[174.6565,-36.8999],[174.6548,-36.8988],[174.6538,-36.8998],[174.6527,-36.899],[174.652,-36.8997],[174.6518,-36.8993],[174.6521,-36.899],[174.6512,-36.8984],[174.6496,-36.8981],[174.6499,-36.8977],[174.6487,-36.8969],[174.6482,-36.8974],[174.6477,-36.8972],[174.646,-36.896],[174.6454,-36.8967]]]]}},{"type":"Feature","properties":{"name":"Glendowie","region":"East","population":8187,"lat":-36.86255,"lng":174.88085},"geometry":{"type":"MultiPolygon","coordinates":[[[[174.892,-36.8717],[174.8913,-36.8721],[174.8895,-36.8718],[174.8873,-36.8726],[174.8875,-36.8724],[174.8869,-36.8718],[174.8879,-36.8723],[174.8884,-36.8721],[174.8883,-36.8718],[174.8867,-36.871],[174.886,-36.8702],[174.8866,-36.8716],[174.8861,-36.8708],[174.8856,-36.8712],[174.885,-36.8694],[174.8836,-36.8685],[174.8835,-36.8687],[174.8848,-36.8696],[174.8835,-36.8689],[174.8833,-36.8683],[174.8828,-36.8698],[174.8831,-36.8706],[174.8859,-36.8732],[174.8817,-36.8729],[174.882,-36.8715],[174.8812,-36.8695],[174.8809,-36.8693],[174.8794,-36.8693],[174.8788,-36.8688],[174.8785,-36.8691],[174.878,-36.8687],[174.8783,-36.8684],[174.878,-36.8681],[174.8785,-36.8676],[174.8785,-36.867],[174.8781,-36.8668],[174.8778,-36.8673],[174.8773,-36.8672],[174.877,-36.8681],[174.8762,-36.8682],[174.8764,-36.8686],[174.8757,-36.8688],[174.8754,-36.8684],[174.8753,-36.869],[174.874,-36.8694],[174.869,-36.8683],[174.8655,-36.8696],[174.8655,-36.8698],[174.8651,-36.8695],[174.8621,-36.8696],[174.8605,-36.8693],[174.8606,-36.8687],[174.8612,-36.8683],[174.8608,-36.8682],[174.8604,-36.8674],[174.8599,-36.8674],[174.8601,-36.867],[174.8598,-36.8666],[174.8592,-36.8666],[174.8595,-36.8664],[174.859,-36.8657],[174.8603,-36.8655],[174.861,-36.8635],[174.8614,-36.8634],[174.861,-36.8633],[174.861,-36.8629],[174.8617,-36.8604],[174.8606,-36.8599],[174.8606,-36.8595],[174.8627,-36.8592],[174.8688,-36.8519],[174.8702,-36.8522],[174.8703,-36.8519],[174.871,-36.8521],[174.8711,-36.8501],[174.8706,-36.8499],[174.8706,-36.8489],[174.8701,-36.8483],[174.8704,-36.8483],[174.8705,-36.8479],[174.8699,-36.8464],[174.8694,-36.8465],[174.8698,-36.8461],[174.8701,-36.8462],[174.8701,-36.8458],[174.8695,-36.8457],[174.8697,-36.8454],[174.8733,-36.8464],[174.8754,-36.8465],[174.8754,-36.8479],[174.8761,-36.849],[174.8796,-36.8518],[174.8808,-36.8523],[174.8809,-36.8534],[174.8826,-36.8551],[174.8824,-36.8555],[174.8828,-36.8563],[174.8823,-36.8568],[174.8822,-36.8576],[174.8828,-36.8582],[174.8826,-36.859],[174.8835,-36.8596],[174.883,-36.8607],[174.8813,-36.8621],[174.8804,-36.8623],[174.8801,-36.8635],[174.8804,-36.8647],[174.8798,-36.8649],[174.8805,-36.8652],[174.8829,-36.8679],[174.8854,-36.8696],[174.8879,-36.8707],[174.892,-36.8717]]]]}},{"type":"Feature","properties":{"name":"Glenfield","region":"North","population":20303,"lat":-36.787,"lng":174.71062},"geometry":{"type":"MultiPolygon","coordinates":[[[[174.7413,-36.7792],[174.728,-36.7896],[174.7271,-36.7904],[174.7268,-36.7911],[174.7244,-36.7925],[174.7158,-36.7948],[174.714,-36.795],[174.7139,-36.7948],[174.7117,-36.7948],[174.7103,-36.7941],[174.708,-36.7919],[174.707,-36.7914],[174.7064,-36.79],[174.7058,-36.7908],[174.7057,-36.7902],[174.7039,-36.7879],[174.7035,-36.7856],[174.7046,-36.7849],[174.708,-36.7845],[174.7088,-36.7839],[174.71,-36.7823],[174.7113,-36.7816],[174.7122,-36.7801],[174.7136,-36.7794],[174.7131,-36.7792],[174.7124,-36.7796],[174.7101,-36.7791],[174.7102,-36.7783],[174.7116,-36.776],[174.7143,-36.7741],[174.7152,-36.774],[174.7164,-36.7746],[174.7212,-36.7742],[174.7204,-36.7729],[174.7198,-36.7706],[174.7202,-36.7682],[174.7218,-36.7699],[174.7251,-36.769],[174.7266,-36.7693],[174.7279,-36.7701],[174.7292,-36.7703],[174.7302,-36.7701],[174.7304,-36.7706],[174.7325,-36.7714],[174.7325,-36.7729],[174.7297,-36.7728],[174.7292,-36.7734],[174.7349,-36.7784],[174.7377,-36.7762],[174.7413,-36.7792]]]]}},{"type":"Feature","properties":{"name":"Golflands","region":"East","population":2900,"lat":-36.92183,"lng":174.91058},"geometry":{"type":"MultiPolygon","coordinates":[[[[174.9076,-36.9147],[174.9133,-36.9158],[174.9146,-36.9165],[174.9148,-36.9162],[174.9155,-36.9165],[174.9152,-36.9181],[174.9163,-36.9197],[174.9156,-36.92],[174.9151,-36.9219],[174.9155,-36.9232],[174.9164,-36.9233],[174.9161,-36.9246],[174.9132,-36.9241],[174.9133,-36.9263],[174.9126,-36.9292],[174.9112,-36.9289],[174.9085,-36.9296],[174.9066,-36.9296],[174.9068,-36.9291],[174.9058,-36.9286],[174.9053,-36.9279],[174.904,-36.927],[174.9036,-36.9261],[174.9037,-36.9254],[174.9047,-36.9247],[174.9043,-36.9239],[174.9027,-36.9231],[174.9027,-36.9227],[174.9017,-36.9213],[174.9005,-36.9209],[174.9007,-36.9204],[174.9019,-36.9209],[174.9016,-36.9201],[174.9007,-36.9199],[174.9008,-36.9182],[174.9021,-36.9171],[174.9028,-36.9184],[174.9028,-36.9173],[174.9039,-36.9165],[174.905,-36.9143],[174.9076,-36.9147]]]]}},{"type":"Feature","properties":{"name":"Goodwood Heights","region":"South","population":5644,"lat":-36.99262,"lng":174.89804},"geometry":{"type":"MultiPolygon","coordinates":[[[[174.9007,-36.9867],[174.901,-36.9866],[174.9016,-36.9873],[174.9016,-36.9868],[174.9037,-36.9872],[174.9036,-36.9877],[174.9041,-36.9878],[174.9039,-36.9888],[174.9033,-36.9889],[174.9034,-36.9902],[174.9031,-36.9912],[174.9047,-36.9926],[174.9051,-36.9949],[174.9065,-36.9977],[174.9061,-36.9984],[174.9043,-36.9974],[174.902,-36.9977],[174.9018,-36.9974],[174.8988,-36.998],[174.8989,-36.9982],[174.8985,-36.9985],[174.8984,-36.9983],[174.8983,-36.9986],[174.8978,-36.9988],[174.8969,-36.999],[174.8967,-36.9987],[174.8967,-36.999],[174.8957,-36.9994],[174.8952,-36.9992],[174.8953,-36.9995],[174.8941,-36.9999],[174.8942,-37.0005],[174.8937,-37.0007],[174.8943,-37.0018],[174.8937,-37.002],[174.8901,-36.9974],[174.8892,-36.997],[174.8897,-36.9964],[174.8875,-36.9921],[174.8894,-36.9915],[174.8892,-36.9912],[174.8899,-36.9911],[174.89,-36.9907],[174.8921,-36.9909],[174.8922,-36.9906],[174.8942,-36.9901],[174.8938,-36.9895],[174.895,-36.9893],[174.8951,-36.9897],[174.8963,-36.9899],[174.8962,-36.9892],[174.8967,-36.9892],[174.8971,-36.9884],[174.8968,-36.9879],[174.8992,-36.9872],[174.8992,-36.9865],[174.9007,-36.9865],[174.9007,-36.9867]]]]}},{"type":"Feature","properties":{"name":"Grafton","region":"Central","population":5509,"lat":-36.8605,"lng":174.76602},"geometry":{"type":"MultiPolygon","coordinates":[[[[174.7706,-36.8539],[174.7706,-36.8543],[174.7717,-36.8549],[174.7701,-36.8573],[174.77,-36.858],[174.7712,-36.8584],[174.7717,-36.8577],[174.7726,-36.8577],[174.7733,-36.8586],[174.7733,-36.8589],[174.7723,-36.859],[174.7717,-36.8594],[174.7709,-36.8617],[174.7705,-36.8618],[174.7714,-36.8642],[174.7713,-36.8647],[174.7717,-36.8648],[174.7716,-36.8653],[174.7656,-36.8669],[174.762,-36.8683],[174.7593,-36.8679],[174.7594,-36.8676],[174.7607,-36.8676],[174.7613,-36.8669],[174.7604,-36.8653],[174.7608,-36.865],[174.7612,-36.8653],[174.7615,-36.8646],[174.7611,-36.8642],[174.7617,-36.8638],[174.7618,-36.8634],[174.7625,-36.8635],[174.7627,-36.8633],[174.762,-36.8626],[174.7623,-36.862],[174.7626,-36.8621],[174.7628,-36.8617],[174.7638,-36.8626],[174.7632,-36.8621],[174.7635,-36.8616],[174.7622,-36.8611],[174.7633,-36.8586],[174.7623,-36.8581],[174.7629,-36.8577],[174.7626,-36.8573],[174.7643,-36.8562],[174.7649,-36.8564],[174.7657,-36.8561],[174.7661,-36.8553],[174.7674,-36.8547],[174.7671,-36.8547],[174.7672,-36.8544],[174.7676,-36.8545],[174.7684,-36.854],[174.7696,-36.8547],[174.7705,-36.8535],[174.7706,-36.8539]]]]}},{"type":"Feature","properties":{"name":"Green Bay","region":"West","population":4458,"lat":-36.93451,"lng":174.6795},"geometry":{"type":"MultiPolygon","coordinates":[[[[174.6929,-36.9292],[174.6926,-36.9322],[174.6892,-36.9316],[174.6863,-36.933],[174.6814,-36.9339],[174.6781,-36.9362],[174.677,-36.9374],[174.6742,-36.9384],[174.6734,-36.9396],[174.6727,-36.9396],[174.6718,-36.9404],[174.6707,-36.9407],[174.6704,-36.9404],[174.6695,-36.9405],[174.6697,-36.9403],[174.6715,-36.9402],[174.6706,-36.938],[174.6708,-36.9375],[174.6706,-36.9371],[174.6688,-36.9369],[174.6679,-36.9364],[174.6675,-36.9369],[174.6656,-36.9377],[174.6659,-36.9381],[174.6648,-36.939],[174.6652,-36.9394],[174.6637,-36.9398],[174.6636,-36.9388],[174.6643,-36.9384],[174.6627,-36.9366],[174.6634,-36.9364],[174.663,-36.9359],[174.6653,-36.9349],[174.6667,-36.9357],[174.6682,-36.9348],[174.6674,-36.9334],[174.6682,-36.9331],[174.6683,-36.9325],[174.6689,-36.9324],[174.6716,-36.9267],[174.6723,-36.9267],[174.6722,-36.927],[174.6731,-36.9274],[174.6757,-36.9272],[174.6757,-36.9275],[174.6763,-36.9275],[174.6775,-36.9269],[174.6799,-36.9272],[174.681,-36.9262],[174.6809,-36.9259],[174.682,-36.9254],[174.682,-36.9285],[174.6842,-36.9268],[174.6849,-36.9268],[174.6855,-36.9264],[174.6843,-36.9255],[174.6842,-36.9249],[174.6856,-36.924],[174.6854,-36.9233],[174.6875,-36.9226],[174.6907,-36.9229],[174.6891,-36.9268],[174.6894,-36.9268],[174.6893,-36.9285],[174.6921,-36.9293],[174.6929,-36.9292]]]]}},{"type":"Feature","properties":{"name":"Greenhithe","region":"North","population":9486,"lat":-36.77232,"lng":174.67734},"geometry":{"type":"MultiPolygon","coordinates":[[[[174.7059,-36.7691],[174.703,-36.7702],[174.7036,-36.7711],[174.6995,-36.7732],[174.6987,-36.7733],[174.6994,-36.7739],[174.6979,-36.7766],[174.6964,-36.7772],[174.6962,-36.7777],[174.6951,-36.7777],[174.692,-36.7806],[174.6896,-36.7809],[174.6885,-36.7819],[174.6871,-36.7824],[174.6857,-36.7817],[174.6853,-36.7809],[174.6843,-36.7808],[174.6822,-36.7821],[174.6808,-36.7837],[174.6802,-36.7856],[174.6785,-36.7865],[174.6773,-36.7862],[174.6761,-36.7865],[174.6742,-36.7853],[174.6706,-36.7847],[174.6659,-36.7858],[174.6659,-36.7852],[174.6701,-36.784],[174.6705,-36.7833],[174.6716,-36.7827],[174.6716,-36.7824],[174.6711,-36.782],[174.6698,-36.7827],[174.669,-36.7808],[174.668,-36.7801],[174.6645,-36.7799],[174.6658,-36.7785],[174.6669,-36.7779],[174.6664,-36.7779],[174.6662,-36.7775],[174.6661,-36.7768],[174.6666,-36.7764],[174.6657,-36.7759],[174.6658,-36.7753],[174.6647,-36.7754],[174.6643,-36.7751],[174.6623,-36.772],[174.663,-36.7713],[174.6628,-36.7705],[174.6637,-36.7701],[174.664,-36.7704],[174.6645,-36.7702],[174.6652,-36.7704],[174.6671,-36.7719],[174.6662,-36.7706],[174.666,-36.7697],[174.6665,-36.769],[174.6659,-36.7676],[174.6673,-36.7682],[174.6675,-36.7679],[174.6668,-36.7673],[174.6678,-36.7669],[174.6679,-36.7664],[174.669,-36.7659],[174.6688,-36.7648],[174.6694,-36.7643],[174.6694,-36.7637],[174.6707,-36.7628],[174.6714,-36.7634],[174.6718,-36.7656],[174.6716,-36.767],[174.6721,-36.7679],[174.6722,-36.7684],[174.6719,-36.7685],[174.6723,-36.7689],[174.6726,-36.7703],[174.6721,-36.7686],[174.6723,-36.7678],[174.6718,-36.7669],[174.6722,-36.7669],[174.672,-36.7665],[174.6726,-36.7656],[174.6725,-36.7649],[174.673,-36.7642],[174.6727,-36.7634],[174.6735,-36.7636],[174.6748,-36.7629],[174.6757,-36.763],[174.6764,-36.7638],[174.6765,-36.7646],[174.6769,-36.7643],[174.6786,-36.7644],[174.6788,-36.7654],[174.6787,-36.7644],[174.678,-36.7639],[174.6789,-36.7638],[174.68,-36.7644],[174.6804,-36.7652],[174.6811,-36.7659],[174.6812,-36.7665],[174.6815,-36.7656],[174.6808,-36.7653],[174.6809,-36.7638],[174.6837,-36.7631],[174.6845,-36.7627],[174.6848,-36.762],[174.6864,-36.7612],[174.6892,-36.761],[174.6898,-36.7615],[174.6898,-36.7618],[174.6953,-36.7598],[174.6975,-36.7579],[174.6974,-36.7567],[174.6978,-36.7557],[174.7011,-36.7559],[174.7022,-36.7563],[174.703,-36.7572],[174.7053,-36.7586],[174.7063,-36.7604],[174.7091,-36.7608],[174.7108,-36.7619],[174.7132,-36.7629],[174.7161,-36.7631],[174.7186,-36.7651],[174.7167,-36.7652],[174.7163,-36.7647],[174.7158,-36.765],[174.7165,-36.7659],[174.7161,-36.766],[174.7146,-36.7646],[174.7124,-36.7657],[174.711,-36.7658],[174.7105,-36.7652],[174.7099,-36.7655],[174.7095,-36.767],[174.7085,-36.7682],[174.7061,-36.7694],[174.7059,-36.7691]]]]}},{"type":"Feature","properties":{"name":"Greenlane","region":"East","population":7813,"lat":-36.89486,"lng":174.79438},"geometry":{"type":"MultiPolygon","coordinates":[[[[174.7884,-36.8842],[174.7889,-36.8846],[174.7893,-36.8841],[174.7922,-36.8863],[174.7975,-36.8885],[174.7969,-36.8892],[174.8022,-36.8925],[174.8023,-36.8928],[174.8004,-36.8947],[174.8007,-36.894],[174.7997,-36.8944],[174.7991,-36.894],[174.7987,-36.8946],[174.7991,-36.8949],[174.7991,-36.8954],[174.8012,-36.8969],[174.8014,-36.8976],[174.8017,-36.8977],[174.802,-36.8974],[174.8015,-36.8984],[174.802,-36.8987],[174.8022,-36.8984],[174.8031,-36.8988],[174.8027,-36.8994],[174.8032,-36.8997],[174.8029,-36.8997],[174.8034,-36.9003],[174.8033,-36.901],[174.8037,-36.9011],[174.8036,-36.9018],[174.8029,-36.9025],[174.8016,-36.9026],[174.802,-36.9033],[174.8008,-36.9045],[174.7984,-36.9031],[174.7983,-36.9027],[174.7969,-36.9045],[174.7963,-36.9041],[174.7959,-36.9046],[174.7921,-36.9028],[174.7922,-36.9023],[174.7914,-36.9017],[174.7919,-36.9011],[174.7837,-36.8966],[174.7831,-36.8973],[174.7811,-36.8981],[174.7796,-36.8994],[174.7789,-36.8991],[174.7803,-36.8967],[174.7776,-36.8956],[174.7778,-36.8945],[174.7811,-36.8952],[174.782,-36.8935],[174.7828,-36.8938],[174.7829,-36.8935],[174.7856,-36.8943],[174.7867,-36.893],[174.7891,-36.8929],[174.786,-36.8899],[174.7833,-36.8888],[174.7835,-36.8876],[174.7843,-36.8876],[174.7846,-36.887],[174.7857,-36.887],[174.7865,-36.8858],[174.7874,-36.8856],[174.7869,-36.8853],[174.7877,-36.8836],[174.7884,-36.8842]]]]}},{"type":"Feature","properties":{"name":"Grey Lynn","region":"Central","population":12458,"lat":-36.86008,"lng":174.74007},"geometry":{"type":"MultiPolygon","coordinates":[[[[174.7475,-36.8563],[174.7491,-36.8572],[174.7494,-36.8578],[174.7496,-36.8575],[174.7516,-36.8575],[174.7506,-36.8584],[174.7512,-36.8587],[174.7516,-36.8586],[174.7521,-36.8589],[174.7519,-36.8591],[174.7534,-36.8598],[174.754,-36.8608],[174.7543,-36.8607],[174.7548,-36.8612],[174.7544,-36.8614],[174.7546,-36.8616],[174.7551,-36.8615],[174.7546,-36.8617],[174.7549,-36.8622],[174.7547,-36.8624],[174.7511,-36.865],[174.7486,-36.8673],[174.747,-36.8683],[174.7447,-36.8691],[174.7352,-36.8685],[174.7356,-36.8679],[174.7301,-36.8679],[174.7296,-36.8674],[174.7307,-36.8674],[174.7304,-36.8667],[174.7306,-36.8666],[174.7297,-36.8636],[174.7294,-36.8639],[174.728,-36.8635],[174.7282,-36.8631],[174.7278,-36.8634],[174.7258,-36.8627],[174.7255,-36.8625],[174.7257,-36.8622],[174.7251,-36.8619],[174.7253,-36.8609],[174.726,-36.8603],[174.7257,-36.8601],[174.7262,-36.8597],[174.7259,-36.8594],[174.7285,-36.8574],[174.729,-36.8576],[174.7301,-36.8566],[174.7297,-36.8554],[174.7329,-36.854],[174.7334,-36.8535],[174.7333,-36.8532],[174.7339,-36.853],[174.7365,-36.854],[174.7364,-36.8543],[174.7369,-36.853],[174.7367,-36.8509],[174.738,-36.8508],[174.7385,-36.8544],[174.7393,-36.8549],[174.7402,-36.8566],[174.7408,-36.8568],[174.7458,-36.8564],[174.7459,-36.8567],[174.7475,-36.8563]]]]}},{"type":"Feature","properties":{"name":"Half Moon Bay","region":"East","population":7936,"lat":-36.8906,"lng":174.897},"geometry":{"type":"MultiPolygon","coordinates":[[[[174.9042,-36.9008],[174.904,-36.9005],[174.9034,-36.9008],[174.9022,-36.8993],[174.8988,-36.9011],[174.8984,-36.9004],[174.8988,-36.9002],[174.8978,-36.899],[174.897,-36.8994],[174.8968,-36.8989],[174.8972,-36.8987],[174.8968,-36.8976],[174.8973,-36.8976],[174.8974,-36.8969],[174.8993,-36.8956],[174.8996,-36.8947],[174.8992,-36.8943],[174.8956,-36.8932],[174.8962,-36.8925],[174.8954,-36.8923],[174.8944,-36.891],[174.8943,-36.8921],[174.8928,-36.8926],[174.8906,-36.8913],[174.8884,-36.8908],[174.8879,-36.8896],[174.888,-36.8883],[174.8885,-36.8876],[174.8912,-36.8865],[174.8922,-36.8857],[174.8929,-36.8857],[174.8943,-36.8846],[174.8945,-36.8835],[174.8957,-36.8822],[174.8959,-36.8814],[174.8955,-36.8812],[174.8962,-36.8796],[174.9034,-36.876],[174.9051,-36.8783],[174.9042,-36.879],[174.9051,-36.88],[174.9049,-36.8802],[174.9054,-36.8803],[174.9047,-36.8826],[174.9104,-36.8836],[174.9103,-36.8843],[174.9099,-36.8842],[174.9089,-36.8883],[174.9084,-36.8882],[174.9085,-36.8898],[174.9081,-36.89],[174.9078,-36.8916],[174.9071,-36.8923],[174.9079,-36.8928],[174.9077,-36.8933],[174.9059,-36.8939],[174.9058,-36.8947],[174.9051,-36.8958],[174.906,-36.8967],[174.9058,-36.8974],[174.9063,-36.8974],[174.9061,-36.898],[174.9057,-36.898],[174.9053,-36.8991],[174.9049,-36.8993],[174.9042,-36.9008]]]]}},{"type":"Feature","properties":{"name":"Hauraki","region":"North","population":4707,"lat":-36.80011,"lng":174.77969},"geometry":{"type":"MultiPolygon","coordinates":[[[[174.7855,-36.7984],[174.7826,-36.8019],[174.7817,-36.8019],[174.7817,-36.8024],[174.7805,-36.8043],[174.7806,-36.804],[174.7796,-36.8035],[174.7788,-36.8041],[174.7784,-36.8039],[174.7752,-36.8069],[174.7739,-36.8065],[174.7732,-36.8058],[174.7728,-36.8046],[174.7711,-36.8038],[174.7708,-36.8021],[174.7694,-36.8016],[174.7687,-36.8006],[174.7687,-36.8],[174.7703,-36.7998],[174.7699,-36.7993],[174.7694,-36.7971],[174.7696,-36.7963],[174.771,-36.796],[174.7728,-36.7971],[174.7769,-36.795],[174.7776,-36.7958],[174.7802,-36.7927],[174.7814,-36.7938],[174.7832,-36.794],[174.7845,-36.7958],[174.786,-36.7964],[174.786,-36.7968],[174.7865,-36.7975],[174.7878,-36.7982],[174.7882,-36.7981],[174.7883,-36.7985],[174.7884,-36.7983],[174.7887,-36.7988],[174.7893,-36.7987],[174.7895,-36.7992],[174.7908,-36.7996],[174.7898,-36.8003],[174.7891,-36.8003],[174.7889,-36.7998],[174.7866,-36.8005],[174.7855,-36.7984]]]]}},{"type":"Feature","properties":{"name":"Henderson","region":"West","population":42952,"lat":-36.87352,"lng":174.62563},"geometry":{"type":"MultiPolygon","coordinates":[[[[174.6364,-36.8655],[174.6369,-36.8678],[174.6367,-36.8693],[174.636,-36.8699],[174.6426,-36.8744],[174.64,-36.877],[174.6438,-36.8788],[174.6436,-36.8795],[174.644,-36.8797],[174.6441,-36.88],[174.6455,-36.8802],[174.6452,-36.8831],[174.6445,-36.8831],[174.6444,-36.8834],[174.645,-36.8838],[174.6447,-36.8842],[174.645,-36.8844],[174.6447,-36.8844],[174.6446,-36.8852],[174.6443,-36.8852],[174.6444,-36.8861],[174.6438,-36.8862],[174.6442,-36.8874],[174.6437,-36.8875],[174.6436,-36.8883],[174.6443,-36.8883],[174.6436,-36.8884],[174.6437,-36.8889],[174.6433,-36.8889],[174.6436,-36.891],[174.644,-36.8909],[174.644,-36.8913],[174.6436,-36.8913],[174.6436,-36.8917],[174.644,-36.8916],[174.6441,-36.8924],[174.6436,-36.8926],[174.6442,-36.8926],[174.6442,-36.8932],[174.6423,-36.8932],[174.6419,-36.8918],[174.6326,-36.8935],[174.6323,-36.8941],[174.6322,-36.8954],[174.6311,-36.897],[174.6305,-36.897],[174.6295,-36.8982],[174.6288,-36.8982],[174.6286,-36.8994],[174.6273,-36.8998],[174.6255,-36.9018],[174.6251,-36.9047],[174.6244,-36.9058],[174.6237,-36.9064],[174.6228,-36.9062],[174.6232,-36.907],[174.6223,-36.9075],[174.6214,-36.9075],[174.6221,-36.9068],[174.6217,-36.9065],[174.6213,-36.9067],[174.6211,-36.9084],[174.6204,-36.9083],[174.6207,-36.9075],[174.6201,-36.9073],[174.6199,-36.907],[174.6196,-36.9071],[174.6195,-36.9077],[174.6186,-36.9078],[174.6189,-36.9083],[174.6178,-36.909],[174.6173,-36.9099],[174.6174,-36.9103],[174.6168,-36.911],[174.6151,-36.9111],[174.6143,-36.9117],[174.6055,-36.9099],[174.6057,-36.9097],[174.6004,-36.9061],[174.6008,-36.9054],[174.6025,-36.9041],[174.6035,-36.9025],[174.6041,-36.9022],[174.6045,-36.9014],[174.6042,-36.9008],[174.6047,-36.9002],[174.6047,-36.8997],[174.6055,-36.8986],[174.6069,-36.8978],[174.6086,-36.8951],[174.6094,-36.8953],[174.6099,-36.8945],[174.6105,-36.8945],[174.61,-36.894],[174.6104,-36.894],[174.6113,-36.8946],[174.6122,-36.8939],[174.6113,-36.8945],[174.6103,-36.8939],[174.6095,-36.8942],[174.6076,-36.8935],[174.6067,-36.8939],[174.6073,-36.8941],[174.607,-36.8944],[174.6065,-36.8943],[174.6061,-36.8951],[174.6049,-36.8942],[174.6044,-36.8945],[174.6051,-36.8948],[174.6042,-36.8948],[174.6015,-36.8824],[174.6088,-36.8764],[174.6061,-36.8743],[174.6085,-36.8723],[174.6094,-36.8723],[174.6096,-36.8713],[174.6106,-36.8704],[174.6117,-36.8704],[174.6133,-36.8718],[174.6143,-36.8724],[174.6145,-36.8722],[174.6123,-36.8694],[174.6093,-36.8689],[174.6095,-36.8684],[174.6108,-36.8682],[174.6106,-36.8678],[174.612,-36.8669],[174.6117,-36.867],[174.6116,-36.8662],[174.613,-36.8624],[174.6129,-36.862],[174.6119,-36.8616],[174.6115,-36.8619],[174.6112,-36.8616],[174.6103,-36.862],[174.6113,-36.8608],[174.6113,-36.8605],[174.6108,-36.8605],[174.6115,-36.8595],[174.6111,-36.8591],[174.6143,-36.8575],[174.6142,-36.8571],[174.6145,-36.8575],[174.6161,-36.8569],[174.6163,-36.8571],[174.6172,-36.8566],[174.6167,-36.8563],[174.6168,-36.8557],[174.6189,-36.8552],[174.6211,-36.8536],[174.6215,-36.8536],[174.623,-36.8514],[174.6239,-36.851],[174.6249,-36.8515],[174.6244,-36.8525],[174.6248,-36.8536],[174.6241,-36.854],[174.6238,-36.8547],[174.6226,-36.8558],[174.6225,-36.8562],[174.6226,-36.8558],[174.6236,-36.8555],[174.6244,-36.8543],[174.625,-36.8541],[174.6259,-36.8551],[174.626,-36.856],[174.6263,-36.8554],[174.6259,-36.8543],[174.6269,-36.8541],[174.6267,-36.8535],[174.6259,-36.8537],[174.6256,-36.8525],[174.6262,-36.8507],[174.6272,-36.8498],[174.6274,-36.8501],[174.6275,-36.852],[174.628,-36.8494],[174.6269,-36.8473],[174.6272,-36.847],[174.6281,-36.8488],[174.6283,-36.8479],[174.6292,-36.847],[174.6279,-36.8462],[174.6276,-36.8455],[174.6281,-36.8453],[174.6297,-36.8462],[174.6302,-36.8457],[174.63,-36.8449],[174.6303,-36.8439],[174.6316,-36.8433],[174.6337,-36.8446],[174.6335,-36.8457],[174.6345,-36.847],[174.6343,-36.8476],[174.6348,-36.8475],[174.6349,-36.8484],[174.6351,-36.8481],[174.6372,-36.8476],[174.6376,-36.8462],[174.6388,-36.8466],[174.6392,-36.8473],[174.6396,-36.8467],[174.6404,-36.8464],[174.6402,-36.8475],[174.6393,-36.8482],[174.6411,-36.8498],[174.6408,-36.8511],[174.6402,-36.8528],[174.6382,-36.8528],[174.6402,-36.853],[174.6402,-36.8553],[174.6393,-36.8555],[174.6394,-36.8558],[174.6401,-36.8556],[174.6401,-36.8559],[174.6391,-36.8567],[174.6385,-36.8577],[174.6382,-36.8592],[174.6378,-36.8593],[174.6383,-36.8595],[174.6384,-36.86],[174.6381,-36.8602],[174.6385,-36.8601],[174.6386,-36.8615],[174.638,-36.8618],[174.6387,-36.8618],[174.6362,-36.864],[174.6364,-36.8655]]]]}},{"type":"Feature","properties":{"name":"Henderson Valley","region":"West","population":2206,"lat":-36.90093,"lng":174.58096},"geometry":{"type":"MultiPolygon","coordinates":[[[[174.5124,-36.9096],[174.5127,-36.9082],[174.515,-36.9075],[174.5154,-36.9077],[174.516,-36.9073],[174.5188,-36.9072],[174.5199,-36.9075],[174.5212,-36.9065],[174.522,-36.9073],[174.5226,-36.9073],[174.5224,-36.908],[174.5207,-36.9106],[174.5203,-36.9106],[174.5206,-36.91],[174.5194,-36.9101],[174.5191,-36.9102],[174.519,-36.9111],[174.5195,-36.9109],[174.5196,-36.9102],[174.5198,-36.9108],[174.5207,-36.9112],[174.5219,-36.91],[174.5228,-36.9109],[174.5227,-36.9115],[174.5231,-36.9113],[174.5238,-36.9117],[174.5243,-36.9129],[174.5241,-36.9121],[174.523,-36.9108],[174.5224,-36.9089],[174.5232,-36.9084],[174.5251,-36.91],[174.5235,-36.908],[174.5239,-36.9076],[174.5238,-36.9066],[174.5405,-36.9089],[174.5409,-36.9083],[174.5409,-36.9058],[174.5412,-36.905],[174.5418,-36.9039],[174.5431,-36.9036],[174.5436,-36.9026],[174.5427,-36.901],[174.5452,-36.8971],[174.5449,-36.8964],[174.545,-36.8954],[174.5464,-36.8948],[174.5461,-36.8936],[174.5463,-36.8928],[174.5452,-36.8915],[174.5458,-36.8908],[174.5455,-36.8891],[174.5444,-36.8884],[174.5437,-36.8876],[174.5437,-36.887],[174.5511,-36.883],[174.559,-36.8858],[174.5556,-36.8883],[174.5637,-36.897],[174.5644,-36.897],[174.5646,-36.8976],[174.565,-36.8974],[174.5654,-36.8981],[174.5663,-36.8976],[174.5669,-36.8979],[174.5662,-36.8988],[174.5674,-36.8985],[174.5682,-36.8989],[174.5687,-36.8982],[174.5692,-36.8983],[174.5694,-36.8989],[174.5696,-36.8982],[174.5702,-36.8983],[174.5701,-36.8973],[174.5712,-36.8977],[174.5716,-36.8969],[174.5724,-36.8971],[174.5726,-36.898],[174.5735,-36.8979],[174.5739,-36.8988],[174.5742,-36.8987],[174.5745,-36.898],[174.5748,-36.8979],[174.5757,-36.8992],[174.5751,-36.8994],[174.5752,-36.8996],[174.5762,-36.8997],[174.5778,-36.899],[174.5777,-36.8998],[174.5781,-36.9001],[174.5796,-36.8986],[174.5811,-36.899],[174.5819,-36.8987],[174.5827,-36.8992],[174.5835,-36.899],[174.584,-36.8987],[174.5767,-36.8908],[174.5791,-36.8893],[174.5792,-36.8886],[174.5835,-36.8876],[174.5825,-36.8852],[174.5835,-36.8849],[174.5836,-36.8833],[174.5865,-36.884],[174.5866,-36.8837],[174.5861,-36.8823],[174.5861,-36.8814],[174.5866,-36.8804],[174.5863,-36.8798],[174.5864,-36.8786],[174.5875,-36.8773],[174.5875,-36.8768],[174.5941,-36.8754],[174.5944,-36.8769],[174.6001,-36.876],[174.5997,-36.8743],[174.6014,-36.8749],[174.6016,-36.8746],[174.6027,-36.8754],[174.606,-36.8742],[174.6088,-36.8764],[174.6015,-36.8824],[174.6042,-36.8948],[174.6051,-36.8948],[174.6044,-36.8945],[174.6049,-36.8942],[174.6061,-36.8951],[174.6065,-36.8943],[174.607,-36.8944],[174.6073,-36.8941],[174.6067,-36.8939],[174.6076,-36.8935],[174.6095,-36.8942],[174.6103,-36.8939],[174.6113,-36.8945],[174.6121,-36.8939],[174.612,-36.8942],[174.6113,-36.8946],[174.6104,-36.894],[174.61,-36.894],[174.6105,-36.8945],[174.6099,-36.8945],[174.6094,-36.8953],[174.6086,-36.8951],[174.6069,-36.8978],[174.6053,-36.8988],[174.6042,-36.9008],[174.6045,-36.9014],[174.6041,-36.9022],[174.6035,-36.9025],[174.6025,-36.9041],[174.6008,-36.9054],[174.6,-36.9067],[174.5989,-36.9077],[174.5988,-36.9091],[174.5985,-36.9093],[174.5984,-36.9099],[174.5957,-36.908],[174.593,-36.9069],[174.5898,-36.9098],[174.5846,-36.914],[174.5836,-36.9133],[174.5832,-36.9136],[174.579,-36.9104],[174.5774,-36.9114],[174.576,-36.9099],[174.5662,-36.9184],[174.5696,-36.9213],[174.5698,-36.9219],[174.5683,-36.9237],[174.5673,-36.9222],[174.5656,-36.9232],[174.5661,-36.9228],[174.5662,-36.9224],[174.5658,-36.9225],[174.5663,-36.9221],[174.5639,-36.9215],[174.5626,-36.9215],[174.5636,-36.9227],[174.5634,-36.9243],[174.5625,-36.925],[174.563,-36.9252],[174.5617,-36.9254],[174.5597,-36.9246],[174.5581,-36.9256],[174.5563,-36.9256],[174.5559,-36.9252],[174.5559,-36.9241],[174.5463,-36.9208],[174.5447,-36.9193],[174.5441,-36.9194],[174.5428,-36.9185],[174.5414,-36.918],[174.5412,-36.9175],[174.5417,-36.9188],[174.5417,-36.9199],[174.5388,-36.9219],[174.5378,-36.9252],[174.5362,-36.9257],[174.5355,-36.9269],[174.5351,-36.9271],[174.5345,-36.9292],[174.5322,-36.9302],[174.5316,-36.9316],[174.5301,-36.9317],[174.5285,-36.9341],[174.5263,-36.9355],[174.5208,-36.9252],[174.52,-36.9255],[174.5191,-36.9239],[174.5184,-36.9239],[174.5189,-36.9235],[174.5183,-36.9225],[174.5181,-36.9214],[174.5187,-36.9207],[174.5181,-36.9204],[174.5186,-36.92],[174.5187,-36.9185],[174.5182,-36.9181],[174.5187,-36.9173],[174.5187,-36.9154],[174.519,-36.915],[174.5168,-36.9138],[174.5154,-36.9135],[174.5147,-36.9124],[174.5141,-36.912],[174.514,-36.9115],[174.5135,-36.9114],[174.5129,-36.9103],[174.513,-36.9099],[174.5124,-36.9096]]]]}},{"type":"Feature","properties":{"name":"Herald Island","region":"West","population":670,"lat":-36.77766,"lng":174.65811},"geometry":{"type":"MultiPolygon","coordinates":[[[[174.65,-36.7816],[174.6506,-36.7805],[174.653,-36.7787],[174.6586,-36.7775],[174.6594,-36.7761],[174.6598,-36.7745],[174.6601,-36.7742],[174.6609,-36.7743],[174.6611,-36.7747],[174.6605,-36.7751],[174.6604,-36.7757],[174.6619,-36.7763],[174.6621,-36.7767],[174.6614,-36.7777],[174.6615,-36.7784],[174.6604,-36.7797],[174.6596,-36.7803],[174.6555,-36.781],[174.6534,-36.7823],[174.6519,-36.7819],[174.6508,-36.7821],[174.65,-36.7816]]]]}},{"type":"Feature","properties":{"name":"Herne Bay","region":"Central","population":3433,"lat":-36.84445,"lng":174.73098},"geometry":{"type":"MultiPolygon","coordinates":[[[[174.7379,-36.8396],[174.7392,-36.8404],[174.7397,-36.8403],[174.7398,-36.8407],[174.7419,-36.8403],[174.7417,-36.8411],[174.7429,-36.8415],[174.742,-36.8421],[174.7419,-36.8426],[174.7424,-36.8428],[174.7422,-36.8432],[174.7418,-36.8431],[174.7411,-36.8435],[174.7412,-36.844],[174.7403,-36.8454],[174.7351,-36.8459],[174.7346,-36.8456],[174.7343,-36.8463],[174.7338,-36.8463],[174.7338,-36.8461],[174.7337,-36.8469],[174.7321,-36.8478],[174.7319,-36.8483],[174.731,-36.8485],[174.7308,-36.8513],[174.7297,-36.8511],[174.729,-36.8503],[174.7267,-36.8505],[174.7267,-36.8509],[174.7263,-36.851],[174.7233,-36.8478],[174.7258,-36.8441],[174.7269,-36.8436],[174.7274,-36.8439],[174.7281,-36.8438],[174.7287,-36.8429],[174.7294,-36.8427],[174.7298,-36.842],[174.7306,-36.842],[174.7308,-36.8413],[174.7314,-36.8415],[174.7318,-36.841],[174.7321,-36.8414],[174.733,-36.8414],[174.734,-36.8405],[174.7344,-36.8406],[174.7344,-36.841],[174.7351,-36.8411],[174.7369,-36.8405],[174.7379,-36.8396]]]]}},{"type":"Feature","properties":{"name":"Highland Park","region":"East","population":3809,"lat":-36.90442,"lng":174.90671},"geometry":{"type":"MultiPolygon","coordinates":[[[[174.9177,-36.9009],[174.9171,-36.9015],[174.9174,-36.9017],[174.9162,-36.9026],[174.9118,-36.9048],[174.9115,-36.9052],[174.9095,-36.9045],[174.909,-36.9049],[174.9099,-36.9056],[174.9092,-36.9058],[174.9091,-36.907],[174.9086,-36.9071],[174.9091,-36.9083],[174.9087,-36.9085],[174.9088,-36.9089],[174.9093,-36.909],[174.9092,-36.9099],[174.9095,-36.9099],[174.9097,-36.9123],[174.909,-36.9123],[174.9091,-36.9134],[174.908,-36.9132],[174.908,-36.9142],[174.9076,-36.9147],[174.9047,-36.9142],[174.9051,-36.9141],[174.905,-36.9135],[174.9066,-36.9128],[174.9068,-36.9122],[174.9061,-36.9122],[174.9057,-36.913],[174.9044,-36.9136],[174.9044,-36.9132],[174.9049,-36.9128],[174.9044,-36.9116],[174.9051,-36.911],[174.9047,-36.9107],[174.9048,-36.9103],[174.9038,-36.9098],[174.904,-36.9092],[174.9034,-36.9089],[174.9045,-36.9072],[174.9039,-36.9055],[174.9044,-36.9038],[174.904,-36.9015],[174.9049,-36.8993],[174.9058,-36.8984],[174.9058,-36.8979],[174.9066,-36.8981],[174.907,-36.8962],[174.908,-36.8959],[174.9079,-36.8964],[174.9084,-36.8965],[174.9084,-36.8969],[174.91,-36.8969],[174.9091,-36.8988],[174.9099,-36.8988],[174.9098,-36.8992],[174.914,-36.8993],[174.914,-36.8996],[174.9148,-36.8997],[174.9148,-36.9008],[174.9177,-36.9009]]]]}},{"type":"Feature","properties":{"name":"Hillcrest","region":"North","population":11580,"lat":-36.79126,"lng":174.73684},"geometry":{"type":"MultiPolygon","coordinates":[[[[174.7242,-36.7925],[174.7268,-36.7911],[174.7271,-36.7904],[174.728,-36.7896],[174.7385,-36.7814],[174.7497,-36.7907],[174.7365,-36.8009],[174.7253,-36.8036],[174.7233,-36.798],[174.7242,-36.7925]]]]}},{"type":"Feature","properties":{"name":"Hillpark","region":"South","population":6133,"lat":-37.00978,"lng":174.89565},"geometry":{"type":"MultiPolygon","coordinates":[[[[174.8957,-37.0057],[174.8956,-37.0061],[174.8973,-37.0063],[174.9024,-37.0097],[174.904,-37.0111],[174.905,-37.0132],[174.9045,-37.0137],[174.9047,-37.014],[174.9053,-37.0136],[174.908,-37.0181],[174.907,-37.0185],[174.9072,-37.0194],[174.9048,-37.0203],[174.9051,-37.0208],[174.9039,-37.0214],[174.9028,-37.0215],[174.9025,-37.021],[174.9021,-37.0211],[174.9024,-37.0217],[174.9019,-37.0218],[174.9015,-37.0212],[174.9003,-37.0222],[174.8997,-37.0219],[174.8988,-37.0224],[174.898,-37.022],[174.8991,-37.0215],[174.8977,-37.0203],[174.897,-37.0191],[174.8973,-37.0187],[174.8968,-37.0178],[174.8957,-37.0184],[174.8954,-37.0181],[174.8949,-37.0185],[174.8943,-37.0182],[174.8938,-37.0185],[174.8937,-37.0183],[174.8944,-37.018],[174.8944,-37.0171],[174.8949,-37.0169],[174.8944,-37.0163],[174.894,-37.0144],[174.8942,-37.0143],[174.8937,-37.0137],[174.8924,-37.0137],[174.8924,-37.0135],[174.8938,-37.0132],[174.8934,-37.0124],[174.8926,-37.0124],[174.8921,-37.0107],[174.8926,-37.0106],[174.8923,-37.01],[174.8917,-37.0102],[174.8913,-37.0093],[174.8907,-37.0091],[174.8913,-37.0089],[174.891,-37.0084],[174.8926,-37.0079],[174.8925,-37.0073],[174.8928,-37.0072],[174.8922,-37.0057],[174.8929,-37.0057],[174.8931,-37.0062],[174.8933,-37.006],[174.8938,-37.0063],[174.8938,-37.0058],[174.8946,-37.0059],[174.8945,-37.0057],[174.8953,-37.0054],[174.8957,-37.0057]]]]}},{"type":"Feature","properties":{"name":"Hillsborough","region":"South","population":8914,"lat":-36.92805,"lng":174.75491},"geometry":{"type":"MultiPolygon","coordinates":[[[[174.7589,-36.9146],[174.7595,-36.9146],[174.7591,-36.9139],[174.7594,-36.9133],[174.7579,-36.9127],[174.7585,-36.9121],[174.758,-36.9117],[174.7593,-36.9108],[174.7595,-36.911],[174.7603,-36.9101],[174.7606,-36.9103],[174.7613,-36.9095],[174.7619,-36.9096],[174.7622,-36.9093],[174.7624,-36.9094],[174.7622,-36.9096],[174.7632,-36.9099],[174.7631,-36.9108],[174.7638,-36.9112],[174.7633,-36.9117],[174.7631,-36.9122],[174.7635,-36.9121],[174.7631,-36.9128],[174.7651,-36.9147],[174.7676,-36.9141],[174.7677,-36.9146],[174.7678,-36.9142],[174.7682,-36.9143],[174.7679,-36.9152],[174.7685,-36.9154],[174.7683,-36.9165],[174.7672,-36.9179],[174.7674,-36.9183],[174.767,-36.9184],[174.7671,-36.9192],[174.7666,-36.9199],[174.7676,-36.9208],[174.7673,-36.9217],[174.7691,-36.9216],[174.7711,-36.9225],[174.7714,-36.9239],[174.7709,-36.9252],[174.7693,-36.9262],[174.766,-36.9255],[174.7637,-36.9256],[174.7617,-36.9263],[174.7611,-36.9261],[174.7607,-36.927],[174.76,-36.9275],[174.7597,-36.9289],[174.7591,-36.9294],[174.7601,-36.9294],[174.7608,-36.9299],[174.761,-36.9305],[174.7604,-36.9314],[174.7571,-36.9305],[174.7555,-36.9308],[174.7541,-36.9304],[174.7535,-36.9311],[174.7508,-36.9319],[174.7489,-36.9329],[174.7484,-36.9325],[174.7476,-36.9328],[174.7468,-36.9324],[174.7434,-36.9338],[174.7419,-36.9328],[174.7401,-36.9324],[174.7391,-36.9336],[174.7376,-36.9338],[174.7378,-36.9346],[174.7374,-36.935],[174.7334,-36.935],[174.733,-36.9357],[174.7326,-36.9373],[174.732,-36.9379],[174.7324,-36.9351],[174.7319,-36.9351],[174.7314,-36.9345],[174.7315,-36.9335],[174.7324,-36.9326],[174.7356,-36.9312],[174.736,-36.9318],[174.7359,-36.9313],[174.7371,-36.9311],[174.7374,-36.9315],[174.7378,-36.9313],[174.7379,-36.9303],[174.7383,-36.9304],[174.739,-36.9298],[174.739,-36.9294],[174.7399,-36.9291],[174.74,-36.9282],[174.7423,-36.9282],[174.7422,-36.9291],[174.7437,-36.9291],[174.7437,-36.9295],[174.7442,-36.9294],[174.7446,-36.9299],[174.7447,-36.9294],[174.7457,-36.929],[174.745,-36.928],[174.7456,-36.9269],[174.7473,-36.9277],[174.7478,-36.9269],[174.7473,-36.9268],[174.7478,-36.9265],[174.7489,-36.9266],[174.7492,-36.9256],[174.7502,-36.9254],[174.7504,-36.9241],[174.7501,-36.9241],[174.75,-36.9237],[174.7505,-36.9237],[174.7509,-36.9211],[174.7506,-36.9211],[174.7506,-36.9201],[174.7511,-36.9201],[174.753,-36.9159],[174.7537,-36.9154],[174.7554,-36.9165],[174.7557,-36.9162],[174.7578,-36.9168],[174.7589,-36.9146]]]]}},{"type":"Feature","properties":{"name":"Hobsonville","region":"West","population":15691,"lat":-36.7951,"lng":174.65637},"geometry":{"type":"MultiPolygon","coordinates":[[[[174.6659,-36.7858],[174.6647,-36.786],[174.6654,-36.786],[174.6664,-36.7867],[174.6685,-36.7863],[174.6688,-36.7867],[174.6689,-36.7875],[174.6693,-36.7875],[174.6698,-36.7869],[174.6707,-36.7875],[174.6713,-36.7883],[174.6717,-36.7883],[174.6719,-36.7875],[174.6722,-36.7876],[174.6717,-36.7884],[174.6728,-36.788],[174.6721,-36.7885],[174.6731,-36.7892],[174.6733,-36.7897],[174.673,-36.7902],[174.6726,-36.7901],[174.6718,-36.7914],[174.6712,-36.7915],[174.6711,-36.7932],[174.6704,-36.7933],[174.6743,-36.7937],[174.6748,-36.7959],[174.6742,-36.7972],[174.673,-36.7977],[174.6715,-36.7973],[174.671,-36.7961],[174.6684,-36.7962],[174.6659,-36.7958],[174.6664,-36.7963],[174.6683,-36.7968],[174.6709,-36.7994],[174.6672,-36.7996],[174.6661,-36.7994],[174.6643,-36.8],[174.6673,-36.8004],[174.6676,-36.8009],[174.6689,-36.801],[174.6703,-36.8019],[174.671,-36.8017],[174.6724,-36.802],[174.6729,-36.8017],[174.671,-36.8035],[174.6707,-36.8042],[174.6708,-36.8049],[174.6694,-36.8058],[174.6664,-36.8074],[174.6626,-36.8073],[174.6612,-36.807],[174.6562,-36.8047],[174.6539,-36.8043],[174.6533,-36.8021],[174.6516,-36.8013],[174.6504,-36.8013],[174.6496,-36.8021],[174.649,-36.8023],[174.6485,-36.8033],[174.6475,-36.8017],[174.6467,-36.8025],[174.6453,-36.8017],[174.6446,-36.8024],[174.6432,-36.8015],[174.6419,-36.8028],[174.6415,-36.8026],[174.6408,-36.8032],[174.6402,-36.8029],[174.6381,-36.8055],[174.6386,-36.8057],[174.6383,-36.8066],[174.639,-36.807],[174.6389,-36.8073],[174.637,-36.807],[174.636,-36.8081],[174.6358,-36.808],[174.634,-36.8105],[174.6333,-36.8126],[174.6325,-36.8127],[174.6328,-36.8117],[174.6321,-36.8116],[174.632,-36.8119],[174.629,-36.8112],[174.6269,-36.8095],[174.6294,-36.8],[174.6309,-36.8003],[174.6306,-36.8005],[174.631,-36.8007],[174.632,-36.7996],[174.6335,-36.7993],[174.6342,-36.7995],[174.6342,-36.7991],[174.6354,-36.7986],[174.636,-36.7987],[174.6381,-36.7965],[174.6383,-36.7956],[174.6394,-36.7953],[174.6404,-36.7941],[174.6408,-36.7943],[174.6417,-36.7928],[174.6429,-36.7925],[174.6419,-36.792],[174.6421,-36.7915],[174.6445,-36.7905],[174.6442,-36.7901],[174.6445,-36.7898],[174.6462,-36.7892],[174.6476,-36.7897],[174.6505,-36.7899],[174.6511,-36.7908],[174.651,-36.7912],[174.6518,-36.7916],[174.6517,-36.7925],[174.6525,-36.7913],[174.6534,-36.791],[174.6528,-36.7899],[174.653,-36.7893],[174.6528,-36.7888],[174.6532,-36.7882],[174.6559,-36.7875],[174.6569,-36.7877],[174.6575,-36.7887],[174.6581,-36.7886],[174.6634,-36.7859],[174.6659,-36.7852],[174.6659,-36.7858]]],[[[174.66,-36.7886],[174.6608,-36.7889],[174.6609,-36.7882],[174.6623,-36.7873],[174.6629,-36.7873],[174.6629,-36.7868],[174.6636,-36.7863],[174.6593,-36.7884],[174.66,-36.7886]]]]}},{"type":"Feature","properties":{"name":"Howick","region":"East","population":11789,"lat":-36.89712,"lng":174.92354},"geometry":{"type":"MultiPolygon","coordinates":[[[[174.9345,-36.9063],[174.9327,-36.9079],[174.9313,-36.9069],[174.9293,-36.9088],[174.928,-36.908],[174.9196,-36.9053],[174.9196,-36.9042],[174.9198,-36.9038],[174.9189,-36.9028],[174.9188,-36.9013],[174.918,-36.9009],[174.9148,-36.9008],[174.9148,-36.8997],[174.914,-36.8996],[174.914,-36.8993],[174.9098,-36.8992],[174.9099,-36.8988],[174.9094,-36.8989],[174.9095,-36.8985],[174.9114,-36.8971],[174.9128,-36.8968],[174.9126,-36.8955],[174.9158,-36.8926],[174.9162,-36.8927],[174.9162,-36.8924],[174.9171,-36.8918],[174.9174,-36.8921],[174.9198,-36.8904],[174.9202,-36.8905],[174.92,-36.89],[174.9203,-36.8892],[174.919,-36.8885],[174.9193,-36.8881],[174.919,-36.888],[174.9206,-36.888],[174.921,-36.8866],[174.922,-36.8868],[174.9227,-36.8862],[174.9232,-36.8867],[174.9242,-36.8859],[174.9245,-36.8862],[174.9252,-36.8858],[174.9262,-36.8868],[174.9268,-36.887],[174.9262,-36.8874],[174.9258,-36.8883],[174.9279,-36.8898],[174.9282,-36.8895],[174.9288,-36.8897],[174.9294,-36.8904],[174.9285,-36.8911],[174.9289,-36.8919],[174.9296,-36.8918],[174.9302,-36.8913],[174.9306,-36.8916],[174.9309,-36.8914],[174.9316,-36.8918],[174.931,-36.8926],[174.9315,-36.8929],[174.9309,-36.8934],[174.9317,-36.8932],[174.9317,-36.8939],[174.933,-36.8941],[174.9331,-36.8945],[174.9336,-36.8946],[174.9336,-36.8954],[174.9341,-36.8954],[174.9348,-36.8974],[174.9346,-36.8976],[174.9353,-36.8975],[174.9348,-36.8988],[174.9343,-36.8989],[174.9352,-36.9001],[174.9337,-36.9006],[174.934,-36.9012],[174.9343,-36.9012],[174.9338,-36.9022],[174.9343,-36.9024],[174.9332,-36.9044],[174.9343,-36.9054],[174.9348,-36.9051],[174.9346,-36.9057],[174.935,-36.9059],[174.9345,-36.9063]]]]}},{"type":"Feature","properties":{"name":"Huia","region":"West","population":687,"lat":-36.99506,"lng":174.56862},"geometry":{"type":"MultiPolygon","coordinates":[[[[174.5637,-36.9515],[174.5649,-36.9523],[174.5669,-36.9531],[174.5677,-36.9524],[174.5703,-36.9524],[174.5711,-36.9536],[174.5715,-36.9533],[174.5712,-36.9524],[174.5739,-36.9524],[174.5746,-36.9532],[174.575,-36.9544],[174.5761,-36.9558],[174.5768,-36.9561],[174.5788,-36.9558],[174.5791,-36.9552],[174.5803,-36.9562],[174.5815,-36.9559],[174.5814,-36.9556],[174.5802,-36.9553],[174.581,-36.9547],[174.5832,-36.9561],[174.5855,-36.9569],[174.5854,-36.9573],[174.5915,-36.9629],[174.5928,-36.9618],[174.5942,-36.9613],[174.5942,-36.961],[174.5952,-36.9608],[174.5959,-36.9601],[174.6007,-36.9663],[174.5874,-36.9751],[174.5897,-36.9838],[174.5893,-36.9838],[174.5892,-36.9846],[174.5884,-36.9844],[174.5877,-36.9847],[174.5878,-36.985],[174.5885,-36.9848],[174.5887,-36.9851],[174.5875,-36.9853],[174.5873,-36.9858],[174.5868,-36.9858],[174.5869,-36.9862],[174.5877,-36.9863],[174.5874,-36.9866],[174.5875,-36.9869],[174.5865,-36.9866],[174.5871,-36.9873],[174.5866,-36.9878],[174.5868,-36.9889],[174.5872,-36.989],[174.5874,-36.9886],[174.5877,-36.9888],[174.5875,-36.9892],[174.5867,-36.9893],[174.5869,-36.9898],[174.5866,-36.9903],[174.5882,-36.9912],[174.588,-36.9915],[174.5872,-36.9913],[174.5871,-36.9921],[174.5886,-36.9927],[174.5884,-36.9933],[174.589,-36.9938],[174.5883,-36.9942],[174.5881,-36.9951],[174.5886,-36.9955],[174.5882,-36.996],[174.59,-36.9973],[174.5903,-36.9969],[174.5907,-36.9973],[174.5898,-36.9984],[174.5897,-36.9988],[174.5912,-36.999],[174.5913,-37.0003],[174.593,-37.0003],[174.5919,-37.0018],[174.5917,-37.0032],[174.5919,-37.0049],[174.5936,-37.007],[174.5936,-37.0093],[174.5914,-37.0096],[174.5894,-37.009],[174.5884,-37.0094],[174.5877,-37.0087],[174.5847,-37.0072],[174.5823,-37.0082],[174.5803,-37.01],[174.5782,-37.0096],[174.5774,-37.0102],[174.5734,-37.0108],[174.5731,-37.0095],[174.5735,-37.0084],[174.5735,-37.0074],[174.573,-37.0068],[174.5734,-37.0068],[174.5732,-37.0059],[174.5744,-37.0053],[174.5738,-37.0044],[174.5718,-37.0035],[174.5718,-37.0028],[174.5722,-37.0019],[174.5723,-37.001],[174.5709,-36.9996],[174.5665,-36.9988],[174.5663,-37.0],[174.5666,-37.0004],[174.5653,-37.0012],[174.5645,-37.0027],[174.5645,-37.0034],[174.5649,-37.0039],[174.5646,-37.005],[174.565,-37.0058],[174.5635,-37.007],[174.5636,-37.0076],[174.563,-37.0092],[174.5617,-37.0113],[174.5615,-37.012],[174.5584,-37.0155],[174.5583,-37.0169],[174.5591,-37.0177],[174.5592,-37.0191],[174.559,-37.0197],[174.5568,-37.022],[174.554,-37.0222],[174.5535,-37.0228],[174.5501,-37.0239],[174.5496,-37.0248],[174.5483,-37.0259],[174.5469,-37.0263],[174.5457,-37.0259],[174.5418,-37.0268],[174.5392,-37.0282],[174.5386,-37.0281],[174.5364,-37.0308],[174.5351,-37.0316],[174.533,-37.0318],[174.5308,-37.0324],[174.5295,-37.0313],[174.5284,-37.032],[174.5267,-37.0322],[174.5249,-37.0335],[174.5244,-37.0334],[174.5227,-37.0349],[174.5225,-37.0357],[174.5209,-37.0373],[174.5179,-37.038],[174.5177,-37.0387],[174.5163,-37.0409],[174.5142,-37.0427],[174.5114,-37.0436],[174.5103,-37.0445],[174.5101,-37.0453],[174.5115,-37.0462],[174.512,-37.0471],[174.5108,-37.0484],[174.5103,-37.0483],[174.51,-37.0475],[174.5087,-37.0467],[174.5065,-37.0468],[174.5049,-37.0474],[174.5034,-37.0486],[174.5036,-37.049],[174.5031,-37.05],[174.5013,-37.0504],[174.4981,-37.0498],[174.4959,-37.0486],[174.4899,-37.0444],[174.4835,-37.0387],[174.4807,-37.0344],[174.48,-37.0324],[174.4793,-37.0283],[174.4779,-37.0253],[174.4765,-37.0232],[174.4768,-37.0229],[174.4764,-37.0225],[174.4759,-37.0188],[174.4762,-37.0159],[174.4759,-37.0142],[174.4763,-37.011],[174.4889,-37.0103],[174.5207,-36.9963],[174.5185,-36.9917],[174.5224,-36.9901],[174.526,-36.9904],[174.527,-36.991],[174.5284,-36.9886],[174.5294,-36.985],[174.5315,-36.9841],[174.532,-36.9831],[174.5334,-36.9824],[174.5336,-36.9817],[174.5273,-36.9679],[174.5321,-36.9665],[174.5331,-36.9673],[174.5337,-36.9673],[174.5338,-36.968],[174.5343,-36.967],[174.5348,-36.9668],[174.5347,-36.9663],[174.5361,-36.9648],[174.5366,-36.9646],[174.5376,-36.9651],[174.5384,-36.9644],[174.5374,-36.9633],[174.5375,-36.9619],[174.5364,-36.9611],[174.537,-36.9603],[174.5369,-36.9596],[174.5373,-36.9585],[174.536,-36.9599],[174.5354,-36.9597],[174.5349,-36.959],[174.5343,-36.9592],[174.5349,-36.9599],[174.5348,-36.9602],[174.5354,-36.9614],[174.5348,-36.9621],[174.536,-36.9628],[174.5353,-36.9634],[174.5337,-36.966],[174.53,-36.9583],[174.5381,-36.9551],[174.5449,-36.9529],[174.5465,-36.9563],[174.563,-36.9513],[174.5606,-36.9491],[174.5585,-36.9484],[174.5577,-36.9471],[174.5568,-36.947],[174.5599,-36.9461],[174.5613,-36.9471],[174.5608,-36.9482],[174.5613,-36.9488],[174.562,-36.9489],[174.5629,-36.9498],[174.5633,-36.9517],[174.5637,-36.9515]]]]}},{"type":"Feature","properties":{"name":"Huntington Park","region":"East","population":705,"lat":-36.93133,"lng":174.90693},"geometry":{"type":"MultiPolygon","coordinates":[[[[174.9031,-36.932],[174.9039,-36.931],[174.9039,-36.9299],[174.9032,-36.9292],[174.9032,-36.9285],[174.9073,-36.9297],[174.9088,-36.9296],[174.9112,-36.9289],[174.9126,-36.9292],[174.9114,-36.9315],[174.911,-36.9314],[174.9114,-36.9307],[174.9102,-36.9306],[174.9099,-36.9311],[174.9085,-36.9319],[174.9083,-36.9318],[174.9074,-36.9327],[174.9069,-36.9324],[174.9068,-36.9326],[174.9071,-36.9328],[174.9069,-36.9333],[174.905,-36.9354],[174.9034,-36.9344],[174.9035,-36.9326],[174.9031,-36.932]]]]}},{"type":"Feature","properties":{"name":"Kelston","region":"West","population":5751,"lat":-36.89477,"lng":174.66516},"geometry":{"type":"MultiPolygon","coordinates":[[[[174.6629,-36.9071],[174.6633,-36.9065],[174.6584,-36.9033],[174.6589,-36.9028],[174.6583,-36.9032],[174.6549,-36.9011],[174.6559,-36.9002],[174.656,-36.8995],[174.6565,-36.8999],[174.6577,-36.8986],[174.6581,-36.8987],[174.6587,-36.8981],[174.6579,-36.8974],[174.6583,-36.8973],[174.658,-36.8972],[174.6584,-36.8967],[174.6589,-36.8969],[174.6591,-36.8959],[174.6594,-36.8962],[174.6604,-36.8948],[174.6608,-36.8951],[174.6612,-36.8935],[174.6634,-36.8931],[174.6644,-36.8941],[174.6639,-36.8923],[174.6654,-36.8913],[174.6659,-36.8916],[174.6661,-36.8907],[174.6658,-36.8897],[174.6671,-36.8891],[174.6689,-36.8906],[174.6696,-36.8905],[174.6703,-36.8918],[174.6718,-36.8929],[174.6715,-36.8942],[174.6723,-36.8965],[174.6714,-36.8987],[174.6701,-36.8998],[174.67,-36.9004],[174.6688,-36.9009],[174.6671,-36.9043],[174.6667,-36.9042],[174.6665,-36.9046],[174.6669,-36.9047],[174.6667,-36.9052],[174.6673,-36.9054],[174.6669,-36.906],[174.6674,-36.9061],[174.6666,-36.9062],[174.6659,-36.9069],[174.6658,-36.9071],[174.6669,-36.9074],[174.6664,-36.9086],[174.6642,-36.9081],[174.6629,-36.9071]]]]}},{"type":"Feature","properties":{"name":"Kingsland","region":"Central","population":2811,"lat":-36.8701,"lng":174.74619},"geometry":{"type":"MultiPolygon","coordinates":[[[[174.7383,-36.8741],[174.7384,-36.8734],[174.7377,-36.873],[174.738,-36.8716],[174.7378,-36.8714],[174.7382,-36.8712],[174.7382,-36.8708],[174.7378,-36.8706],[174.7382,-36.8706],[174.7382,-36.8699],[174.7378,-36.8699],[174.7378,-36.8697],[174.7382,-36.8697],[174.7382,-36.8692],[174.7394,-36.8693],[174.7394,-36.8688],[174.7444,-36.8691],[174.7464,-36.8686],[174.7486,-36.8673],[174.7508,-36.8653],[174.753,-36.8674],[174.7533,-36.8673],[174.7542,-36.8683],[174.7539,-36.8691],[174.7502,-36.87],[174.7473,-36.8721],[174.7444,-36.8726],[174.7413,-36.8739],[174.7383,-36.8741]]]]}},{"type":"Feature","properties":{"name":"Kohimarama","region":"East","population":4687,"lat":-36.85633,"lng":174.84088},"geometry":{"type":"MultiPolygon","coordinates":[[[[174.8477,-36.8507],[174.8467,-36.8522],[174.8468,-36.8534],[174.8479,-36.8538],[174.8468,-36.857],[174.8468,-36.8584],[174.8464,-36.8591],[174.8459,-36.859],[174.8458,-36.8594],[174.8463,-36.8596],[174.8455,-36.8624],[174.8443,-36.8633],[174.8432,-36.8636],[174.8428,-36.8633],[174.8408,-36.8639],[174.8413,-36.8642],[174.8408,-36.8647],[174.841,-36.865],[174.8406,-36.8651],[174.8404,-36.8648],[174.8384,-36.8657],[174.8378,-36.8667],[174.8352,-36.8658],[174.8323,-36.8653],[174.8338,-36.8649],[174.834,-36.8651],[174.8338,-36.8648],[174.8335,-36.8651],[174.8336,-36.8646],[174.8349,-36.8648],[174.8358,-36.8619],[174.8352,-36.8609],[174.8371,-36.8606],[174.8371,-36.8603],[174.8365,-36.86],[174.8361,-36.8589],[174.8354,-36.859],[174.8355,-36.8583],[174.8363,-36.8583],[174.8358,-36.8575],[174.836,-36.8565],[174.8356,-36.8565],[174.8358,-36.8558],[174.8355,-36.8556],[174.8361,-36.8552],[174.8367,-36.8517],[174.8375,-36.8517],[174.8379,-36.8502],[174.8391,-36.8498],[174.8388,-36.849],[174.8376,-36.8483],[174.8376,-36.8476],[174.8423,-36.8496],[174.8477,-36.8507]]]]}},{"type":"Feature","properties":{"name":"Laingholm","region":"West","population":2400,"lat":-36.96641,"lng":174.63809},"geometry":{"type":"MultiPolygon","coordinates":[[[[174.6379,-36.9545],[174.6377,-36.9555],[174.638,-36.9568],[174.6418,-36.9585],[174.6424,-36.9584],[174.6438,-36.9587],[174.6434,-36.9596],[174.6425,-36.9598],[174.6432,-36.9608],[174.642,-36.9613],[174.6434,-36.9618],[174.6438,-36.9625],[174.6427,-36.9627],[174.6424,-36.9625],[174.6423,-36.9632],[174.6424,-36.9637],[174.642,-36.9647],[174.6433,-36.9654],[174.6417,-36.9662],[174.6418,-36.9668],[174.6425,-36.9667],[174.6419,-36.9668],[174.6424,-36.9674],[174.6443,-36.9676],[174.6451,-36.9688],[174.6444,-36.9692],[174.6412,-36.9695],[174.6404,-36.9704],[174.6381,-36.971],[174.6349,-36.9727],[174.6332,-36.9755],[174.6334,-36.9758],[174.6328,-36.978],[174.6333,-36.9786],[174.6327,-36.9791],[174.6324,-36.9788],[174.632,-36.9795],[174.6314,-36.9795],[174.6309,-36.9792],[174.6306,-36.9776],[174.6275,-36.9768],[174.6262,-36.9768],[174.6269,-36.9747],[174.6265,-36.9736],[174.6263,-36.9715],[174.6257,-36.9707],[174.6242,-36.9699],[174.6193,-36.9698],[174.619,-36.9695],[174.6189,-36.9688],[174.6178,-36.968],[174.6178,-36.9676],[174.6185,-36.9672],[174.6186,-36.9668],[174.6194,-36.9662],[174.6171,-36.9659],[174.6165,-36.9651],[174.6165,-36.9645],[174.6173,-36.9649],[174.6172,-36.9644],[174.6167,-36.9641],[174.6166,-36.9628],[174.6163,-36.9627],[174.6183,-36.9606],[174.6178,-36.9601],[174.6183,-36.9597],[174.6182,-36.9594],[174.6166,-36.958],[174.6196,-36.9542],[174.635,-36.9537],[174.6351,-36.9551],[174.6356,-36.9546],[174.6363,-36.9549],[174.6379,-36.9545]]]]}},{"type":"Feature","properties":{"name":"Long Bay","region":"North","population":4196,"lat":-36.68218,"lng":174.73999},"geometry":{"type":"MultiPolygon","coordinates":[[[[174.7159,-36.697],[174.7169,-36.6968],[174.7176,-36.6956],[174.7172,-36.6948],[174.7191,-36.6893],[174.7189,-36.6891],[174.7202,-36.6884],[174.7218,-36.6885],[174.7234,-36.6882],[174.7282,-36.6848],[174.7285,-36.6839],[174.733,-36.6791],[174.7356,-36.6786],[174.7394,-36.6767],[174.7394,-36.6763],[174.7403,-36.6756],[174.7403,-36.6739],[174.741,-36.6715],[174.7406,-36.668],[174.7438,-36.666],[174.7423,-36.6651],[174.7395,-36.6642],[174.74,-36.6639],[174.7404,-36.6628],[174.743,-36.6609],[174.744,-36.6606],[174.7472,-36.664],[174.7488,-36.6641],[174.749,-36.6645],[174.7485,-36.6653],[174.7466,-36.6671],[174.7475,-36.6709],[174.7472,-36.6727],[174.7479,-36.6759],[174.7485,-36.6769],[174.7483,-36.6791],[174.7478,-36.6798],[174.7484,-36.6799],[174.7491,-36.6807],[174.7512,-36.6864],[174.7528,-36.6887],[174.7521,-36.6889],[174.7509,-36.6906],[174.7495,-36.6915],[174.7352,-36.6928],[174.734,-36.6934],[174.7284,-36.6939],[174.7245,-36.6979],[174.7239,-36.6993],[174.7225,-36.7002],[174.722,-36.7009],[174.7206,-36.6986],[174.7206,-36.6977],[174.7159,-36.697]]]]}},{"type":"Feature","properties":{"name":"Lucas Heights","region":"North","population":1106,"lat":-36.73211,"lng":174.68601},"geometry":{"type":"MultiPolygon","coordinates":[[[[174.668,-36.7107],[174.6729,-36.7129],[174.6742,-36.7143],[174.6768,-36.7161],[174.6778,-36.7185],[174.6804,-36.7201],[174.6807,-36.7207],[174.6822,-36.7221],[174.6836,-36.7224],[174.6858,-36.7223],[174.6859,-36.723],[174.6871,-36.7234],[174.6858,-36.725],[174.6891,-36.7287],[174.6899,-36.729],[174.6885,-36.7317],[174.6886,-36.7326],[174.6879,-36.7333],[174.6888,-36.7339],[174.6865,-36.7366],[174.6828,-36.7378],[174.6806,-36.7392],[174.6804,-36.7413],[174.6785,-36.7437],[174.6784,-36.7447],[174.6777,-36.7454],[174.6781,-36.7463],[174.678,-36.7466],[174.675,-36.7491],[174.6759,-36.7496],[174.675,-36.7528],[174.6733,-36.7515],[174.6724,-36.7517],[174.6651,-36.7469],[174.6648,-36.7462],[174.6617,-36.7453],[174.6603,-36.7438],[174.66,-36.7431],[174.6606,-36.7423],[174.6608,-36.7411],[174.66,-36.7407],[174.657,-36.7411],[174.656,-36.7398],[174.6572,-36.7368],[174.6584,-36.7363],[174.6591,-36.7353],[174.6601,-36.7345],[174.6607,-36.7344],[174.661,-36.7339],[174.6622,-36.734],[174.6626,-36.7332],[174.6622,-36.7327],[174.6623,-36.7322],[174.664,-36.7313],[174.6652,-36.7297],[174.6672,-36.729],[174.67,-36.7254],[174.669,-36.7234],[174.6692,-36.7226],[174.6678,-36.7204],[174.6679,-36.7196],[174.6673,-36.7166],[174.6667,-36.7156],[174.6669,-36.7148],[174.6657,-36.7123],[174.668,-36.7107]]]]}},{"type":"Feature","properties":{"name":"Lynfield","region":"South","population":4713,"lat":-36.93193,"lng":174.71884},"geometry":{"type":"MultiPolygon","coordinates":[[[[174.7118,-36.931],[174.7119,-36.9301],[174.7115,-36.929],[174.712,-36.9281],[174.7118,-36.9274],[174.7111,-36.9272],[174.7113,-36.9267],[174.7117,-36.9267],[174.7115,-36.9265],[174.715,-36.9259],[174.7167,-36.9251],[174.718,-36.925],[174.7197,-36.9231],[174.7205,-36.9236],[174.7209,-36.9233],[174.7219,-36.9239],[174.7212,-36.9245],[174.7224,-36.9255],[174.7219,-36.926],[174.7227,-36.9267],[174.7226,-36.9271],[174.7239,-36.9261],[174.7243,-36.9268],[174.7247,-36.9265],[174.7257,-36.9273],[174.7259,-36.9271],[174.7266,-36.9275],[174.7265,-36.928],[174.7273,-36.9282],[174.7272,-36.9284],[174.7298,-36.9301],[174.7302,-36.9298],[174.7304,-36.93],[174.7299,-36.9302],[174.7314,-36.9313],[174.73,-36.9315],[174.7297,-36.9314],[174.7299,-36.931],[174.7297,-36.9309],[174.7273,-36.9311],[174.7265,-36.9307],[174.7257,-36.9332],[174.7264,-36.934],[174.7264,-36.9344],[174.7258,-36.9345],[174.725,-36.9362],[174.723,-36.9362],[174.722,-36.9371],[174.7198,-36.9368],[174.7187,-36.9354],[174.7143,-36.9344],[174.7125,-36.9324],[174.7124,-36.9318],[174.7118,-36.931]]]]}},{"type":"Feature","properties":{"name":"Mairangi Bay","region":"North","population":6239,"lat":-36.73918,"lng":174.75407},"geometry":{"type":"MultiPolygon","coordinates":[[[[174.7586,-36.7418],[174.7582,-36.7419],[174.7582,-36.7415],[174.758,-36.7418],[174.7573,-36.7419],[174.7561,-36.741],[174.7558,-36.7424],[174.7538,-36.7431],[174.7531,-36.7446],[174.7513,-36.7466],[174.7502,-36.7475],[174.7471,-36.7479],[174.7465,-36.7487],[174.7462,-36.7477],[174.7456,-36.7474],[174.7442,-36.747],[174.7411,-36.7471],[174.74,-36.7462],[174.7394,-36.7454],[174.7393,-36.7445],[174.7421,-36.7405],[174.7422,-36.7391],[174.7413,-36.7383],[174.7365,-36.7365],[174.7438,-36.7344],[174.7466,-36.7356],[174.7491,-36.7353],[174.7498,-36.7361],[174.7525,-36.7368],[174.7541,-36.7364],[174.7551,-36.7357],[174.7567,-36.7392],[174.7583,-36.7403],[174.7593,-36.7417],[174.7586,-36.7418]]]]}},{"type":"Feature","properties":{"name":"Manukau City Centre","region":"South","population":3103,"lat":-36.9927,"lng":174.87407},"geometry":{"type":"MultiPolygon","coordinates":[[[[174.8744,-36.9786],[174.8752,-36.9785],[174.8758,-36.9789],[174.8755,-36.9792],[174.8765,-36.9801],[174.8762,-36.9802],[174.8765,-36.9804],[174.8778,-36.9798],[174.8782,-36.9801],[174.8785,-36.9799],[174.8788,-36.9805],[174.8813,-36.9796],[174.8818,-36.9808],[174.8815,-36.9809],[174.8826,-36.9824],[174.8897,-36.9966],[174.8854,-36.996],[174.8853,-36.9963],[174.8808,-36.9979],[174.8796,-36.9977],[174.8796,-36.9983],[174.8792,-36.9978],[174.8789,-36.9983],[174.8785,-36.9975],[174.8777,-36.9978],[174.8774,-36.9975],[174.877,-36.9982],[174.8765,-36.9975],[174.8761,-36.9979],[174.8754,-36.9973],[174.8749,-36.9973],[174.8747,-36.9979],[174.874,-36.998],[174.8724,-36.997],[174.8701,-36.9973],[174.8712,-36.999],[174.8691,-37.0],[174.8695,-36.9999],[174.8698,-37.0003],[174.8689,-37.0006],[174.8688,-36.9999],[174.8679,-37.0002],[174.8676,-36.9997],[174.8668,-37.0],[174.8662,-36.999],[174.8655,-36.9993],[174.8648,-36.9977],[174.8614,-36.998],[174.8611,-36.9974],[174.8614,-36.9973],[174.8615,-36.9966],[174.8622,-36.9962],[174.8619,-36.9938],[174.8622,-36.9935],[174.8644,-36.9926],[174.8643,-36.9924],[174.8652,-36.9914],[174.8669,-36.9914],[174.8681,-36.9918],[174.8673,-36.9905],[174.8731,-36.9895],[174.8737,-36.9896],[174.8739,-36.9891],[174.8746,-36.989],[174.874,-36.9879],[174.875,-36.9875],[174.8748,-36.9872],[174.8738,-36.9876],[174.8736,-36.9872],[174.8746,-36.9868],[174.8743,-36.9862],[174.8745,-36.9861],[174.8741,-36.9853],[174.8729,-36.9857],[174.8728,-36.9853],[174.8742,-36.9849],[174.8738,-36.9836],[174.8725,-36.9842],[174.8722,-36.9836],[174.8719,-36.9837],[174.8721,-36.9841],[174.8706,-36.9846],[174.8705,-36.9842],[174.8699,-36.984],[174.8702,-36.9837],[174.8698,-36.9835],[174.8701,-36.9832],[174.8696,-36.9828],[174.8707,-36.9819],[174.8699,-36.9812],[174.8702,-36.9808],[174.8711,-36.9811],[174.8714,-36.9802],[174.8721,-36.9804],[174.8716,-36.9801],[174.8726,-36.9796],[174.8724,-36.9794],[174.8726,-36.9793],[174.8731,-36.9795],[174.8729,-36.9793],[174.8735,-36.9782],[174.8744,-36.9786]]]]}},{"type":"Feature","properties":{"name":"Manurewa","region":"South","population":42788,"lat":-37.02606,"lng":174.89652},"geometry":{"type":"MultiPolygon","coordinates":[[[[174.9175,-37.0087],[174.9185,-37.0092],[174.919,-37.0102],[174.9179,-37.0107],[174.919,-37.0127],[174.9206,-37.0121],[174.9218,-37.0144],[174.9215,-37.0145],[174.9216,-37.0148],[174.9206,-37.0151],[174.921,-37.0154],[174.9208,-37.0156],[174.9201,-37.0157],[174.92,-37.0154],[174.9193,-37.0156],[174.9201,-37.0172],[174.9161,-37.0186],[174.9156,-37.0177],[174.9157,-37.0182],[174.913,-37.0189],[174.9129,-37.0187],[174.9124,-37.0192],[174.9098,-37.0198],[174.9065,-37.0144],[174.9097,-37.0133],[174.9092,-37.0125],[174.9108,-37.0119],[174.9113,-37.0127],[174.9131,-37.0121],[174.9129,-37.0117],[174.9137,-37.0115],[174.9134,-37.011],[174.9142,-37.0108],[174.9145,-37.0113],[174.9154,-37.011],[174.9152,-37.0106],[174.9161,-37.0099],[174.9159,-37.0096],[174.9175,-37.0087]]],[[[174.8907,-37.0084],[174.8913,-37.0089],[174.8907,-37.0093],[174.8913,-37.0093],[174.8917,-37.0102],[174.8923,-37.01],[174.8926,-37.0106],[174.8921,-37.0107],[174.8926,-37.0124],[174.8934,-37.0124],[174.8938,-37.0132],[174.8924,-37.0135],[174.8924,-37.0137],[174.8937,-37.0137],[174.8942,-37.0143],[174.894,-37.0144],[174.8944,-37.0163],[174.8949,-37.0169],[174.8944,-37.0171],[174.8944,-37.018],[174.8937,-37.0183],[174.8938,-37.0185],[174.8943,-37.0182],[174.8949,-37.0185],[174.8954,-37.0181],[174.8957,-37.0184],[174.8968,-37.0178],[174.8973,-37.0187],[174.897,-37.0191],[174.8977,-37.0203],[174.8991,-37.0215],[174.898,-37.022],[174.899,-37.0227],[174.8996,-37.0226],[174.9007,-37.0243],[174.9011,-37.0241],[174.9015,-37.0248],[174.9008,-37.0252],[174.901,-37.0256],[174.9016,-37.0253],[174.902,-37.0255],[174.9022,-37.0257],[174.9019,-37.0259],[174.9027,-37.0269],[174.9031,-37.0268],[174.9034,-37.0272],[174.9028,-37.0276],[174.9032,-37.0278],[174.9035,-37.0289],[174.9085,-37.0328],[174.9089,-37.033],[174.9097,-37.0316],[174.9098,-37.0342],[174.9083,-37.0333],[174.9074,-37.0332],[174.9066,-37.0334],[174.9069,-37.0337],[174.9065,-37.0345],[174.9054,-37.0351],[174.9052,-37.0365],[174.9037,-37.0366],[174.9028,-37.0381],[174.9016,-37.0385],[174.9021,-37.0394],[174.9019,-37.0397],[174.8997,-37.0411],[174.9004,-37.0403],[174.9001,-37.0395],[174.8989,-37.0399],[174.8992,-37.0404],[174.8983,-37.0407],[174.8968,-37.0387],[174.896,-37.0386],[174.8961,-37.0379],[174.8958,-37.0374],[174.8954,-37.0376],[174.8953,-37.0373],[174.8958,-37.0372],[174.8954,-37.0365],[174.8944,-37.036],[174.894,-37.0361],[174.8938,-37.0358],[174.8934,-37.0359],[174.8936,-37.0362],[174.8926,-37.0366],[174.8928,-37.0368],[174.8925,-37.0369],[174.8924,-37.0366],[174.8902,-37.0369],[174.8897,-37.0373],[174.8897,-37.0371],[174.8893,-37.0371],[174.8885,-37.0374],[174.8887,-37.0377],[174.8884,-37.0378],[174.8883,-37.0375],[174.8853,-37.0386],[174.8845,-37.0386],[174.8841,-37.0376],[174.8819,-37.0384],[174.8809,-37.0365],[174.88,-37.0367],[174.877,-37.0313],[174.8745,-37.0322],[174.8745,-37.0325],[174.8725,-37.0329],[174.8726,-37.0331],[174.872,-37.0334],[174.872,-37.0339],[174.8713,-37.0343],[174.8694,-37.0311],[174.8699,-37.031],[174.87,-37.0305],[174.8695,-37.0301],[174.8691,-37.0306],[174.8684,-37.0293],[174.8681,-37.0294],[174.8683,-37.0292],[174.867,-37.0268],[174.8676,-37.0267],[174.8666,-37.0263],[174.8663,-37.0255],[174.8667,-37.0253],[174.8661,-37.0242],[174.8663,-37.0237],[174.8655,-37.0232],[174.8646,-37.0216],[174.8639,-37.0216],[174.8641,-37.0208],[174.8634,-37.0193],[174.8625,-37.019],[174.8628,-37.0186],[174.8626,-37.0182],[174.8621,-37.0183],[174.8614,-37.0172],[174.863,-37.0167],[174.8618,-37.0144],[174.8724,-37.0123],[174.8758,-37.0142],[174.8798,-37.0128],[174.8783,-37.0101],[174.883,-37.0087],[174.8842,-37.0106],[174.8846,-37.0104],[174.8849,-37.0111],[174.8851,-37.011],[174.8849,-37.0106],[174.889,-37.0092],[174.8892,-37.0096],[174.8894,-37.0095],[174.8892,-37.0092],[174.8896,-37.0091],[174.8894,-37.0086],[174.8899,-37.0085],[174.8898,-37.0082],[174.8907,-37.008],[174.8907,-37.0084]]]]}},{"type":"Feature","properties":{"name":"Manurewa East","region":"South","population":3843,"lat":-37.02725,"lng":174.9059},"geometry":{"type":"MultiPolygon","coordinates":[[[[174.9096,-37.0212],[174.9097,-37.0316],[174.9089,-37.033],[174.9035,-37.0289],[174.9032,-37.0278],[174.9028,-37.0276],[174.9034,-37.0272],[174.9031,-37.0268],[174.9027,-37.0269],[174.9019,-37.0259],[174.9022,-37.0257],[174.902,-37.0255],[174.9016,-37.0253],[174.901,-37.0256],[174.9008,-37.0252],[174.9015,-37.0248],[174.9011,-37.0241],[174.9007,-37.0243],[174.8996,-37.0226],[174.8988,-37.0226],[174.8997,-37.0219],[174.9003,-37.0222],[174.9015,-37.0212],[174.9019,-37.0218],[174.9024,-37.0217],[174.9021,-37.0211],[174.9025,-37.021],[174.9028,-37.0215],[174.9051,-37.0208],[174.9048,-37.0203],[174.9072,-37.0194],[174.907,-37.0185],[174.908,-37.0181],[174.9093,-37.0199],[174.9096,-37.0212]]]]}},{"type":"Feature","properties":{"name":"Maraetai","region":"East","population":2770,"lat":-36.88205,"lng":175.0318},"geometry":{"type":"MultiPolygon","coordinates":[[[[175.0473,-36.8814],[175.0508,-36.8813],[175.0527,-36.8805],[175.0533,-36.8817],[175.0542,-36.8824],[175.0552,-36.8827],[175.056,-36.8823],[175.0561,-36.8827],[175.0569,-36.8838],[175.0574,-36.8836],[175.0569,-36.8839],[175.0572,-36.8844],[175.0585,-36.8854],[175.059,-36.8879],[175.0616,-36.8925],[175.0617,-36.8938],[175.0624,-36.8948],[175.0487,-36.8993],[175.0423,-36.8937],[175.0428,-36.8926],[175.0344,-36.891],[175.032,-36.8987],[175.0214,-36.8967],[175.0199,-36.9019],[175.0188,-36.9017],[175.0189,-36.9011],[175.0185,-36.9002],[175.019,-36.9],[175.0194,-36.8987],[175.0193,-36.8978],[175.0198,-36.8969],[175.0199,-36.896],[175.0193,-36.8945],[175.0198,-36.8937],[175.0194,-36.893],[175.0194,-36.8922],[175.0188,-36.8913],[175.0188,-36.8903],[175.0184,-36.8888],[175.02,-36.8868],[175.0194,-36.8857],[175.0187,-36.8853],[175.0191,-36.8844],[175.0198,-36.8843],[175.0196,-36.8839],[175.0201,-36.8838],[175.0202,-36.8832],[175.0227,-36.8836],[175.0223,-36.883],[175.0217,-36.8827],[175.0217,-36.8824],[175.0207,-36.8822],[175.0206,-36.8819],[175.0201,-36.8823],[175.0207,-36.8825],[175.0197,-36.8828],[175.018,-36.8809],[175.018,-36.8797],[175.019,-36.8786],[175.0189,-36.8782],[175.0195,-36.8773],[175.0215,-36.8771],[175.0239,-36.878],[175.0298,-36.8769],[175.0307,-36.8771],[175.0334,-36.8769],[175.036,-36.8761],[175.0381,-36.8743],[175.0386,-36.875],[175.0399,-36.8757],[175.0413,-36.8779],[175.0418,-36.8781],[175.042,-36.8793],[175.0425,-36.8798],[175.0438,-36.8806],[175.0443,-36.8799],[175.0441,-36.8808],[175.0473,-36.8814]]]]}},{"type":"Feature","properties":{"name":"Massey","region":"West","population":29863,"lat":-36.8371,"lng":174.62573},"geometry":{"type":"MultiPolygon","coordinates":[[[[174.6006,-36.8252],[174.6078,-36.826],[174.6079,-36.8266],[174.6092,-36.8266],[174.6092,-36.8269],[174.6098,-36.8266],[174.6144,-36.8277],[174.6153,-36.8268],[174.6155,-36.826],[174.6183,-36.8252],[174.6197,-36.8241],[174.6212,-36.8243],[174.6224,-36.8249],[174.6244,-36.8243],[174.6268,-36.825],[174.6286,-36.8249],[174.6307,-36.8242],[174.6332,-36.8245],[174.6338,-36.8259],[174.6335,-36.8267],[174.6338,-36.8259],[174.6335,-36.8254],[174.6342,-36.8245],[174.6348,-36.8243],[174.6355,-36.8247],[174.6362,-36.8262],[174.638,-36.8262],[174.6382,-36.8272],[174.6379,-36.8274],[174.6391,-36.8286],[174.6386,-36.8298],[174.6364,-36.8312],[174.6394,-36.8307],[174.6395,-36.8317],[174.6391,-36.8329],[174.6377,-36.8335],[174.638,-36.8337],[174.6368,-36.8349],[174.6369,-36.8353],[174.6351,-36.8367],[174.6315,-36.8377],[174.6309,-36.8387],[174.6289,-36.8401],[174.6269,-36.8403],[174.6259,-36.8401],[174.6266,-36.8409],[174.6275,-36.8411],[174.6277,-36.8419],[174.6282,-36.8419],[174.6305,-36.8407],[174.6296,-36.8425],[174.6292,-36.843],[174.6286,-36.843],[174.6287,-36.8434],[174.6279,-36.8447],[174.6281,-36.8453],[174.6276,-36.8455],[174.6279,-36.8464],[174.6254,-36.8491],[174.6243,-36.8492],[174.6236,-36.8502],[174.6223,-36.8507],[174.6216,-36.8516],[174.6203,-36.852],[174.6209,-36.8521],[174.6186,-36.8546],[174.6166,-36.8552],[174.6131,-36.8554],[174.6126,-36.8563],[174.6134,-36.8553],[174.6142,-36.8556],[174.6154,-36.8552],[174.6166,-36.8555],[174.6167,-36.8562],[174.6172,-36.8566],[174.6163,-36.8571],[174.6161,-36.8569],[174.6145,-36.8575],[174.6142,-36.8571],[174.6143,-36.8575],[174.6138,-36.8578],[174.6117,-36.8586],[174.6111,-36.8591],[174.6115,-36.8595],[174.6108,-36.8605],[174.61,-36.86],[174.6087,-36.8607],[174.6082,-36.8603],[174.6081,-36.8593],[174.6096,-36.859],[174.6095,-36.8584],[174.6086,-36.8579],[174.6089,-36.8568],[174.6086,-36.856],[174.6061,-36.8557],[174.605,-36.8547],[174.6049,-36.8532],[174.6042,-36.8526],[174.6041,-36.8517],[174.6028,-36.8511],[174.601,-36.8517],[174.6007,-36.852],[174.5991,-36.8521],[174.599,-36.851],[174.5976,-36.8508],[174.5969,-36.8513],[174.5965,-36.8524],[174.5946,-36.8525],[174.5944,-36.8528],[174.5904,-36.8538],[174.5905,-36.8542],[174.588,-36.8548],[174.5885,-36.8556],[174.5862,-36.8562],[174.5859,-36.8572],[174.5855,-36.8574],[174.5843,-36.854],[174.5817,-36.8551],[174.5814,-36.8508],[174.5789,-36.8509],[174.5788,-36.8499],[174.5746,-36.85],[174.5692,-36.849],[174.5693,-36.8458],[174.566,-36.8455],[174.5662,-36.8435],[174.5686,-36.8437],[174.568,-36.8431],[174.5674,-36.8404],[174.5663,-36.8403],[174.5665,-36.8371],[174.5684,-36.8253],[174.5733,-36.826],[174.5734,-36.8254],[174.5762,-36.8258],[174.5763,-36.8264],[174.584,-36.8263],[174.5843,-36.8261],[174.5842,-36.8255],[174.5855,-36.8254],[174.5863,-36.8243],[174.5875,-36.8235],[174.6006,-36.8252]]]]}},{"type":"Feature","properties":{"name":"Meadowbank","region":"East","population":5379,"lat":-36.87254,"lng":174.83007},"geometry":{"type":"MultiPolygon","coordinates":[[[[174.8323,-36.8653],[174.8352,-36.8658],[174.8408,-36.8682],[174.8409,-36.868],[174.8439,-36.8691],[174.8435,-36.8698],[174.843,-36.8696],[174.8429,-36.8702],[174.8433,-36.871],[174.8442,-36.8716],[174.8441,-36.8719],[174.8434,-36.8721],[174.8429,-36.8718],[174.8424,-36.8721],[174.8421,-36.8708],[174.8417,-36.8704],[174.8411,-36.8705],[174.841,-36.871],[174.8398,-36.8721],[174.8394,-36.8722],[174.8396,-36.8719],[174.8383,-36.8715],[174.8379,-36.8725],[174.8371,-36.8725],[174.837,-36.8729],[174.8359,-36.8731],[174.8361,-36.8724],[174.833,-36.8721],[174.8326,-36.8727],[174.8321,-36.8727],[174.832,-36.8723],[174.8315,-36.8725],[174.8317,-36.8705],[174.831,-36.8706],[174.831,-36.8726],[174.8293,-36.873],[174.829,-36.8735],[174.8283,-36.8731],[174.828,-36.8736],[174.8276,-36.8734],[174.8276,-36.874],[174.8279,-36.8741],[174.8275,-36.8746],[174.8271,-36.8747],[174.8274,-36.875],[174.827,-36.8752],[174.8274,-36.8756],[174.8265,-36.8756],[174.8258,-36.8764],[174.8248,-36.8766],[174.8243,-36.8752],[174.8235,-36.8752],[174.8232,-36.8747],[174.8224,-36.8749],[174.8221,-36.8743],[174.8232,-36.874],[174.8228,-36.8732],[174.8222,-36.8733],[174.822,-36.8729],[174.8218,-36.8725],[174.8224,-36.8721],[174.8194,-36.8713],[174.8186,-36.8676],[174.8186,-36.8666],[174.8182,-36.8659],[174.8184,-36.8656],[174.8214,-36.866],[174.8229,-36.8659],[174.826,-36.865],[174.8281,-36.8648],[174.8311,-36.8649],[174.8323,-36.8653]]]]}},{"type":"Feature","properties":{"name":"Mechanics Bay","region":"Central","population":null,"lat":-36.84667,"lng":174.7884},"geometry":{"type":"MultiPolygon","coordinates":[[[[174.7865,-36.8422],[174.7867,-36.8451],[174.7883,-36.8466],[174.7886,-36.8457],[174.7884,-36.8467],[174.7894,-36.8477],[174.7857,-36.8475],[174.7863,-36.846],[174.7844,-36.8455],[174.7831,-36.8403],[174.785,-36.8404],[174.7865,-36.8422]]]]}},{"type":"Feature","properties":{"name":"Mellons Bay","region":"East","population":3792,"lat":-36.88555,"lng":174.9324},"geometry":{"type":"MultiPolygon","coordinates":[[[[174.9372,-36.8919],[174.9369,-36.8937],[174.9341,-36.8947],[174.9334,-36.8947],[174.933,-36.8941],[174.9321,-36.8941],[174.9317,-36.8939],[174.9317,-36.8932],[174.9311,-36.8935],[174.9309,-36.8934],[174.9315,-36.8929],[174.931,-36.8926],[174.9316,-36.8918],[174.9309,-36.8914],[174.9306,-36.8916],[174.9302,-36.8913],[174.9296,-36.8918],[174.9289,-36.8919],[174.9285,-36.8911],[174.9294,-36.8904],[174.9288,-36.8897],[174.9282,-36.8895],[174.9279,-36.8898],[174.9258,-36.8883],[174.9262,-36.8874],[174.9268,-36.887],[174.9262,-36.8868],[174.9252,-36.8858],[174.9245,-36.8862],[174.9242,-36.8859],[174.9232,-36.8867],[174.9227,-36.8862],[174.922,-36.8868],[174.921,-36.8863],[174.9211,-36.8857],[174.9205,-36.8853],[174.9207,-36.885],[174.9199,-36.8845],[174.9195,-36.885],[174.9196,-36.8846],[174.9193,-36.8845],[174.9193,-36.8839],[174.9184,-36.8833],[174.9189,-36.8818],[174.9203,-36.8821],[174.9206,-36.8812],[174.9188,-36.8807],[174.9189,-36.8798],[174.9196,-36.8799],[174.9202,-36.8794],[174.921,-36.8797],[174.9212,-36.8789],[174.9222,-36.8786],[174.9228,-36.8779],[174.924,-36.8784],[174.9244,-36.878],[174.925,-36.8781],[174.9258,-36.8795],[174.9293,-36.882],[174.9293,-36.8824],[174.9302,-36.8832],[174.9297,-36.8838],[174.93,-36.8834],[174.9307,-36.8835],[174.933,-36.8849],[174.9364,-36.886],[174.9372,-36.8867],[174.9394,-36.8879],[174.9398,-36.889],[174.9404,-36.8892],[174.9408,-36.8922],[174.9401,-36.8922],[174.9396,-36.8928],[174.9372,-36.8919]]]]}},{"type":"Feature","properties":{"name":"Middlemore Hospital","region":"South","population":30,"lat":-36.95904,"lng":174.84644},"geometry":{"type":"MultiPolygon","coordinates":[[[[174.845,-36.9646],[174.8428,-36.9644],[174.8415,-36.9657],[174.8408,-36.9654],[174.8373,-36.9603],[174.8397,-36.9584],[174.8415,-36.9555],[174.8424,-36.9551],[174.8439,-36.9558],[174.8441,-36.9566],[174.845,-36.9566],[174.8456,-36.9572],[174.8457,-36.957],[174.848,-36.9564],[174.8493,-36.9572],[174.8487,-36.9579],[174.8488,-36.9582],[174.848,-36.9587],[174.8476,-36.9583],[174.8478,-36.9581],[174.8474,-36.9581],[174.8476,-36.9585],[174.8472,-36.9591],[174.8475,-36.959],[174.8473,-36.9596],[174.8457,-36.96],[174.8461,-36.9599],[174.8465,-36.9604],[174.8471,-36.9604],[174.8468,-36.9622],[174.8472,-36.9629],[174.8461,-36.9642],[174.8452,-36.9649],[174.845,-36.9646]]]]}},{"type":"Feature","properties":{"name":"Milford","region":"North","population":8486,"lat":-36.76833,"lng":174.76668},"geometry":{"type":"MultiPolygon","coordinates":[[[[174.774,-36.7722],[174.7726,-36.7761],[174.7707,-36.7762],[174.7695,-36.7778],[174.7686,-36.7776],[174.7666,-36.7761],[174.7635,-36.7756],[174.7597,-36.7775],[174.7592,-36.7796],[174.7593,-36.7803],[174.759,-36.7806],[174.7582,-36.7805],[174.7563,-36.7792],[174.7534,-36.782],[174.753,-36.7827],[174.75,-36.7801],[174.7502,-36.7795],[174.7499,-36.7772],[174.7488,-36.7751],[174.7504,-36.7726],[174.75,-36.7715],[174.7508,-36.7713],[174.7515,-36.7707],[174.7528,-36.7708],[174.7565,-36.7675],[174.7579,-36.7683],[174.7586,-36.7679],[174.7617,-36.7671],[174.7619,-36.7667],[174.7626,-36.7672],[174.765,-36.7667],[174.7656,-36.7678],[174.7664,-36.7675],[174.766,-36.7683],[174.7664,-36.7687],[174.7664,-36.7675],[174.7654,-36.7659],[174.7659,-36.7644],[174.7664,-36.7643],[174.7692,-36.7678],[174.7722,-36.7702],[174.774,-36.7722]]]]}},{"type":"Feature","properties":{"name":"Mission Bay","region":"East","population":4408,"lat":-36.85635,"lng":174.83172},"geometry":{"type":"MultiPolygon","coordinates":[[[[174.8376,-36.8476],[174.8376,-36.8483],[174.8388,-36.849],[174.8391,-36.8498],[174.8379,-36.8502],[174.8375,-36.8517],[174.8367,-36.8517],[174.8361,-36.8552],[174.8355,-36.8556],[174.8358,-36.8558],[174.8356,-36.8565],[174.836,-36.8565],[174.8358,-36.8575],[174.8363,-36.8583],[174.8355,-36.8583],[174.8354,-36.859],[174.8361,-36.8589],[174.8365,-36.86],[174.8371,-36.8603],[174.837,-36.8607],[174.8352,-36.8609],[174.8358,-36.8619],[174.8349,-36.8648],[174.8336,-36.8646],[174.8335,-36.8651],[174.832,-36.8653],[174.8314,-36.8646],[174.8301,-36.8645],[174.8285,-36.8636],[174.8269,-36.8639],[174.8276,-36.8584],[174.8284,-36.858],[174.8281,-36.8576],[174.8271,-36.8575],[174.8277,-36.8576],[174.8286,-36.8476],[174.8295,-36.8476],[174.8284,-36.846],[174.831,-36.8472],[174.8341,-36.848],[174.836,-36.847],[174.8376,-36.8476]]]]}},{"type":"Feature","properties":{"name":"Morningside","region":"Central","population":4306,"lat":-36.87394,"lng":174.73394},"geometry":{"type":"MultiPolygon","coordinates":[[[[174.7354,-36.8683],[174.7352,-36.8685],[174.7394,-36.8688],[174.7394,-36.8693],[174.7382,-36.8692],[174.7382,-36.8697],[174.7378,-36.8697],[174.7378,-36.8699],[174.7382,-36.8699],[174.7382,-36.8706],[174.7378,-36.8706],[174.7382,-36.8708],[174.7382,-36.8712],[174.7378,-36.8714],[174.738,-36.8716],[174.7377,-36.873],[174.7384,-36.8734],[174.7384,-36.8739],[174.7371,-36.8744],[174.7369,-36.8749],[174.7377,-36.875],[174.7373,-36.8753],[174.7375,-36.8754],[174.7386,-36.8757],[174.7389,-36.8754],[174.7387,-36.8766],[174.7385,-36.8766],[174.7379,-36.8778],[174.7363,-36.8778],[174.7354,-36.8797],[174.7349,-36.8796],[174.7348,-36.8799],[174.7344,-36.8798],[174.7347,-36.8789],[174.7332,-36.8785],[174.7328,-36.8785],[174.7329,-36.8788],[174.7323,-36.8784],[174.7326,-36.8768],[174.7323,-36.8761],[174.7302,-36.8767],[174.7266,-36.8767],[174.726,-36.8757],[174.7257,-36.8734],[174.7258,-36.8707],[174.7263,-36.8691],[174.7322,-36.8682],[174.7354,-36.8683]]]]}},{"type":"Feature","properties":{"name":"Mount Albert","region":"West","population":22216,"lat":-36.88695,"lng":174.70943},"geometry":{"type":"MultiPolygon","coordinates":[[[[174.7275,-36.8939],[174.7291,-36.8949],[174.7275,-36.8971],[174.7261,-36.8964],[174.7194,-36.8976],[174.7188,-36.8981],[174.7198,-36.8997],[174.7197,-36.9015],[174.714,-36.8999],[174.7139,-36.8997],[174.7114,-36.9004],[174.7115,-36.8984],[174.7097,-36.8985],[174.7081,-36.8991],[174.7079,-36.8988],[174.7083,-36.8988],[174.7082,-36.8981],[174.7089,-36.8972],[174.7083,-36.8969],[174.7069,-36.8974],[174.7074,-36.8964],[174.7061,-36.8951],[174.7056,-36.8953],[174.7059,-36.8958],[174.7054,-36.8957],[174.7047,-36.8966],[174.7042,-36.8956],[174.7034,-36.8956],[174.7026,-36.896],[174.702,-36.8955],[174.7022,-36.8952],[174.703,-36.8951],[174.7028,-36.8947],[174.7035,-36.8938],[174.7032,-36.8929],[174.7054,-36.8919],[174.7059,-36.8903],[174.7055,-36.8901],[174.7056,-36.8891],[174.7045,-36.8891],[174.7049,-36.8881],[174.7044,-36.8879],[174.7048,-36.8877],[174.7041,-36.8871],[174.7037,-36.8871],[174.7035,-36.8877],[174.7029,-36.8873],[174.7023,-36.8877],[174.7019,-36.8875],[174.7022,-36.8868],[174.7021,-36.8861],[174.7017,-36.8858],[174.7027,-36.885],[174.7029,-36.8842],[174.7025,-36.8832],[174.7035,-36.8822],[174.7035,-36.8814],[174.704,-36.8816],[174.704,-36.8813],[174.7045,-36.8812],[174.705,-36.879],[174.7057,-36.8784],[174.7106,-36.8771],[174.7101,-36.8751],[174.7136,-36.8747],[174.7133,-36.8732],[174.7137,-36.8732],[174.7139,-36.8735],[174.7136,-36.8729],[174.7142,-36.8728],[174.7146,-36.8734],[174.7151,-36.8724],[174.716,-36.8717],[174.716,-36.8707],[174.7151,-36.8705],[174.7154,-36.8699],[174.7151,-36.8705],[174.7156,-36.8697],[174.7163,-36.8695],[174.7167,-36.8698],[174.718,-36.8691],[174.7212,-36.8684],[174.727,-36.8686],[174.7263,-36.8691],[174.7258,-36.8707],[174.7257,-36.8736],[174.7261,-36.876],[174.7266,-36.8767],[174.7302,-36.8767],[174.7323,-36.8761],[174.7326,-36.8768],[174.7323,-36.8784],[174.7329,-36.8788],[174.7328,-36.8785],[174.7332,-36.8785],[174.7347,-36.8789],[174.7345,-36.8801],[174.7351,-36.8805],[174.7345,-36.8823],[174.7359,-36.8826],[174.7355,-36.8837],[174.735,-36.8835],[174.7347,-36.8843],[174.7332,-36.8838],[174.7325,-36.8841],[174.7324,-36.8844],[174.7329,-36.8845],[174.7325,-36.8862],[174.7301,-36.8857],[174.7297,-36.8867],[174.7292,-36.8866],[174.7293,-36.8862],[174.7282,-36.8859],[174.7277,-36.8864],[174.7273,-36.8862],[174.7277,-36.8864],[174.7272,-36.8869],[174.7273,-36.8872],[174.7265,-36.8875],[174.7265,-36.8885],[174.7276,-36.8897],[174.729,-36.8903],[174.7276,-36.8916],[174.7256,-36.8917],[174.726,-36.8927],[174.7278,-36.8936],[174.7275,-36.8939]]]]}},{"type":"Feature","properties":{"name":"Mount Eden","region":"Central","population":26947,"lat":-36.88498,"lng":174.75142},"geometry":{"type":"MultiPolygon","coordinates":[[[[174.7581,-36.8993],[174.7566,-36.8987],[174.7565,-36.8991],[174.7542,-36.8996],[174.753,-36.8993],[174.7532,-36.8988],[174.7528,-36.8987],[174.7529,-36.8984],[174.7524,-36.8982],[174.752,-36.8991],[174.745,-36.8977],[174.745,-36.8964],[174.7439,-36.8962],[174.744,-36.8958],[174.7401,-36.895],[174.7404,-36.8939],[174.7402,-36.8938],[174.7405,-36.8937],[174.7428,-36.8865],[174.7432,-36.8866],[174.7436,-36.8857],[174.7431,-36.8856],[174.7438,-36.8833],[174.7442,-36.8834],[174.7446,-36.8828],[174.7441,-36.8824],[174.7455,-36.8781],[174.745,-36.8781],[174.7452,-36.8777],[174.7456,-36.8778],[174.7458,-36.8772],[174.7418,-36.8763],[174.742,-36.8759],[174.741,-36.8756],[174.7404,-36.8757],[174.7403,-36.876],[174.7388,-36.8757],[174.7387,-36.8754],[174.7386,-36.8757],[174.7375,-36.8754],[174.7373,-36.8753],[174.7377,-36.875],[174.7369,-36.8749],[174.7374,-36.8743],[174.7413,-36.8739],[174.7444,-36.8726],[174.7473,-36.8721],[174.7502,-36.87],[174.7531,-36.8695],[174.7575,-36.8677],[174.7617,-36.8683],[174.7679,-36.8663],[174.7688,-36.8674],[174.7666,-36.8693],[174.7648,-36.8723],[174.7662,-36.8733],[174.7665,-36.8748],[174.766,-36.8768],[174.7675,-36.8778],[174.7655,-36.8794],[174.764,-36.8797],[174.7644,-36.8817],[174.7654,-36.8819],[174.7655,-36.8826],[174.7646,-36.8853],[174.7643,-36.8857],[174.7639,-36.8856],[174.7634,-36.8875],[174.7638,-36.8876],[174.7637,-36.8887],[174.7632,-36.89],[174.7629,-36.8899],[174.7627,-36.8916],[174.7613,-36.8955],[174.7635,-36.8959],[174.7633,-36.8964],[174.7639,-36.8968],[174.7638,-36.8977],[174.7633,-36.8976],[174.7628,-36.8994],[174.7631,-36.9001],[174.7626,-36.9],[174.7624,-36.9005],[174.763,-36.9006],[174.7628,-36.9013],[174.7599,-36.9008],[174.7601,-36.9001],[174.7585,-36.8994],[174.7585,-36.8991],[174.7581,-36.8993]]]]}},{"type":"Feature","properties":{"name":"Mount Roskill","region":"South","population":34208,"lat":-36.92557,"lng":174.73069},"geometry":{"type":"MultiPolygon","coordinates":[[[[174.7565,-36.8991],[174.7564,-36.8996],[174.7567,-36.8997],[174.7542,-36.9073],[174.7551,-36.9077],[174.7544,-36.9095],[174.7549,-36.9102],[174.7543,-36.9107],[174.7549,-36.9114],[174.7544,-36.912],[174.7537,-36.9116],[174.7535,-36.9119],[174.754,-36.9123],[174.7535,-36.9119],[174.7523,-36.9134],[174.7515,-36.9133],[174.7504,-36.9142],[174.7523,-36.9145],[174.7535,-36.915],[174.7533,-36.9152],[174.7537,-36.9154],[174.753,-36.9159],[174.7511,-36.9201],[174.7506,-36.9201],[174.7506,-36.9211],[174.7509,-36.9211],[174.7505,-36.9237],[174.75,-36.9237],[174.7501,-36.9241],[174.7504,-36.9241],[174.7502,-36.9254],[174.7492,-36.9256],[174.7489,-36.9266],[174.7478,-36.9265],[174.7473,-36.9268],[174.7478,-36.9269],[174.7473,-36.9277],[174.7456,-36.9269],[174.745,-36.928],[174.7457,-36.929],[174.7447,-36.9294],[174.7446,-36.9299],[174.7442,-36.9294],[174.7437,-36.9295],[174.7437,-36.9291],[174.7422,-36.9291],[174.7423,-36.9282],[174.74,-36.9282],[174.7399,-36.9291],[174.739,-36.9294],[174.739,-36.9298],[174.7383,-36.9304],[174.7379,-36.9303],[174.7378,-36.9313],[174.7374,-36.9315],[174.7371,-36.9311],[174.7359,-36.9313],[174.736,-36.9318],[174.7356,-36.9312],[174.7324,-36.9326],[174.7315,-36.9335],[174.7314,-36.9345],[174.7319,-36.9351],[174.7324,-36.9351],[174.7322,-36.9379],[174.7313,-36.9386],[174.7295,-36.939],[174.7289,-36.9388],[174.7286,-36.9377],[174.7278,-36.9369],[174.7282,-36.9367],[174.7281,-36.9363],[174.7266,-36.9352],[174.7264,-36.934],[174.7257,-36.9332],[174.7265,-36.9307],[174.7273,-36.9311],[174.7297,-36.9309],[174.7299,-36.931],[174.7297,-36.9314],[174.73,-36.9315],[174.7314,-36.9313],[174.7299,-36.9302],[174.7304,-36.93],[174.7302,-36.9298],[174.7298,-36.9301],[174.7272,-36.9284],[174.7273,-36.9282],[174.7265,-36.928],[174.7266,-36.9275],[174.7259,-36.9271],[174.7257,-36.9273],[174.7247,-36.9265],[174.7243,-36.9268],[174.7239,-36.9261],[174.7226,-36.9271],[174.7227,-36.9267],[174.7219,-36.926],[174.7224,-36.9255],[174.7212,-36.9245],[174.7219,-36.9239],[174.7209,-36.9233],[174.7205,-36.9236],[174.7197,-36.9231],[174.7194,-36.9234],[174.7193,-36.9232],[174.718,-36.925],[174.716,-36.9253],[174.715,-36.9259],[174.7136,-36.9262],[174.7121,-36.9263],[174.7115,-36.9265],[174.7117,-36.9267],[174.7113,-36.9267],[174.7111,-36.9272],[174.7105,-36.9273],[174.7109,-36.9252],[174.7133,-36.9247],[174.7132,-36.9225],[174.7127,-36.9225],[174.7134,-36.9221],[174.7134,-36.9216],[174.7147,-36.9213],[174.7157,-36.9187],[174.715,-36.9185],[174.7164,-36.9187],[174.7173,-36.9182],[174.7159,-36.9166],[174.7163,-36.9159],[174.7158,-36.9155],[174.7162,-36.9156],[174.7166,-36.9147],[174.7182,-36.914],[174.7174,-36.9137],[174.7179,-36.9123],[174.7185,-36.9115],[174.7207,-36.9101],[174.7204,-36.9101],[174.7206,-36.9097],[174.723,-36.9088],[174.7275,-36.9063],[174.7344,-36.9098],[174.7399,-36.9034],[174.7371,-36.9014],[174.7382,-36.9007],[174.7401,-36.895],[174.744,-36.8958],[174.7439,-36.8962],[174.745,-36.8964],[174.745,-36.8977],[174.752,-36.8991],[174.7524,-36.8982],[174.7529,-36.8984],[174.7528,-36.8987],[174.7532,-36.8988],[174.753,-36.8993],[174.7542,-36.8996],[174.7565,-36.8991]]]]}},{"type":"Feature","properties":{"name":"Mount Wellington","region":"East","population":29763,"lat":-36.91686,"lng":174.85036},"geometry":{"type":"MultiPolygon","coordinates":[[[[174.8551,-36.9058],[174.8567,-36.9079],[174.857,-36.9087],[174.8565,-36.91],[174.8562,-36.91],[174.8566,-36.9106],[174.8566,-36.912],[174.8559,-36.9123],[174.8548,-36.912],[174.8544,-36.9114],[174.8542,-36.9117],[174.8531,-36.912],[174.8524,-36.913],[174.8533,-36.9128],[174.8532,-36.9123],[174.8535,-36.912],[174.8543,-36.9122],[174.8528,-36.9135],[174.8526,-36.9144],[174.8513,-36.9146],[174.8518,-36.9152],[174.8508,-36.9164],[174.8522,-36.9151],[174.8535,-36.9154],[174.8543,-36.9149],[174.8541,-36.9166],[174.8537,-36.917],[174.855,-36.9173],[174.8552,-36.9178],[174.8564,-36.9178],[174.8573,-36.9183],[174.8595,-36.9212],[174.8588,-36.9214],[174.8595,-36.9215],[174.86,-36.9228],[174.8609,-36.9237],[174.8621,-36.9242],[174.862,-36.9247],[174.8626,-36.9249],[174.8629,-36.9256],[174.8625,-36.9265],[174.8618,-36.9267],[174.8617,-36.9274],[174.861,-36.9275],[174.8609,-36.9281],[174.8599,-36.9281],[174.8599,-36.9286],[174.8589,-36.9292],[174.8567,-36.929],[174.8559,-36.9294],[174.8543,-36.929],[174.854,-36.9285],[174.8536,-36.9286],[174.8535,-36.9295],[174.8525,-36.9298],[174.8532,-36.9303],[174.8518,-36.9315],[174.8521,-36.9332],[174.851,-36.9338],[174.8501,-36.9334],[174.8495,-36.9344],[174.8483,-36.9349],[174.8453,-36.9351],[174.8446,-36.9361],[174.8436,-36.936],[174.8435,-36.9353],[174.8425,-36.9355],[174.8426,-36.9357],[174.8414,-36.9355],[174.8414,-36.9349],[174.8409,-36.935],[174.8409,-36.9341],[174.8405,-36.9344],[174.8366,-36.9346],[174.8366,-36.9356],[174.8318,-36.9375],[174.8312,-36.938],[174.8298,-36.9382],[174.8283,-36.9302],[174.8292,-36.9286],[174.8301,-36.9289],[174.831,-36.9272],[174.8326,-36.9261],[174.832,-36.9252],[174.8337,-36.9228],[174.8331,-36.9176],[174.8344,-36.9173],[174.8348,-36.9168],[174.8266,-36.9147],[174.824,-36.9129],[174.8194,-36.9073],[174.8172,-36.9062],[174.8187,-36.9061],[174.8184,-36.9055],[174.8188,-36.9048],[174.8196,-36.9047],[174.82,-36.902],[174.8195,-36.9018],[174.8223,-36.8985],[174.8222,-36.8983],[174.8252,-36.8967],[174.8247,-36.8964],[174.8251,-36.8964],[174.8261,-36.8955],[174.8253,-36.8951],[174.8256,-36.8941],[174.8251,-36.894],[174.8256,-36.8927],[174.8253,-36.8926],[174.8255,-36.8922],[174.8251,-36.8921],[174.8256,-36.892],[174.8259,-36.8912],[174.8298,-36.8919],[174.8301,-36.8909],[174.8298,-36.8909],[174.8298,-36.8906],[174.8305,-36.8891],[174.8317,-36.8889],[174.8311,-36.8883],[174.8332,-36.8868],[174.8339,-36.8878],[174.8338,-36.8897],[174.835,-36.8908],[174.838,-36.8926],[174.8391,-36.8913],[174.841,-36.8924],[174.842,-36.8919],[174.8419,-36.8909],[174.8423,-36.8909],[174.8425,-36.8914],[174.8431,-36.8911],[174.8438,-36.8914],[174.8443,-36.8908],[174.8467,-36.8899],[174.8501,-36.8915],[174.8504,-36.8928],[174.8512,-36.8926],[174.8513,-36.893],[174.852,-36.8929],[174.8531,-36.8934],[174.851,-36.8965],[174.8482,-36.8992],[174.8485,-36.8991],[174.8499,-36.9003],[174.8496,-36.9008],[174.8505,-36.9019],[174.8498,-36.9018],[174.8464,-36.9031],[174.8456,-36.9038],[174.8455,-36.9047],[174.8437,-36.9064],[174.8445,-36.9073],[174.8474,-36.9085],[174.8512,-36.9076],[174.8523,-36.9072],[174.853,-36.9064],[174.8551,-36.9058]]],[[[174.8521,-36.9127],[174.8507,-36.9125],[174.8499,-36.9127],[174.852,-36.9131],[174.8521,-36.9127]]]]}},{"type":"Feature","properties":{"name":"Murrays Bay","region":"North","population":4539,"lat":-36.73061,"lng":174.75094},"geometry":{"type":"MultiPolygon","coordinates":[[[[174.7387,-36.7306],[174.739,-36.7309],[174.7401,-36.7309],[174.7396,-36.7304],[174.7407,-36.7297],[174.7413,-36.7308],[174.7419,-36.7305],[174.7419,-36.7301],[174.7421,-36.7307],[174.7427,-36.7303],[174.7419,-36.7288],[174.7429,-36.728],[174.7442,-36.7274],[174.7471,-36.7272],[174.7476,-36.7266],[174.7477,-36.7271],[174.7486,-36.7273],[174.7489,-36.7268],[174.7507,-36.7268],[174.7507,-36.7264],[174.7516,-36.7263],[174.7521,-36.7263],[174.7523,-36.7266],[174.753,-36.7262],[174.7532,-36.7266],[174.7535,-36.7262],[174.7533,-36.7258],[174.7543,-36.7253],[174.7575,-36.73],[174.7569,-36.7306],[174.756,-36.7305],[174.7542,-36.7318],[174.7532,-36.732],[174.7531,-36.7325],[174.7551,-36.7357],[174.7541,-36.7364],[174.7525,-36.7368],[174.7498,-36.7361],[174.7491,-36.7353],[174.7466,-36.7356],[174.7438,-36.7344],[174.7365,-36.7365],[174.7357,-36.7362],[174.7337,-36.7335],[174.734,-36.7314],[174.7374,-36.7304],[174.7378,-36.7299],[174.7386,-36.7301],[174.7387,-36.7306]]]]}},{"type":"Feature","properties":{"name":"M\u0101ngere","region":"South","population":23146,"lat":-36.98064,"lng":174.79161},"geometry":{"type":"MultiPolygon","coordinates":[[[[174.7951,-36.9517],[174.7951,-36.9524],[174.796,-36.9537],[174.7979,-36.9582],[174.8028,-36.9648],[174.8041,-36.9659],[174.8071,-36.9676],[174.8081,-36.9678],[174.8088,-36.9685],[174.817,-36.9731],[174.8176,-36.9731],[174.8181,-36.9739],[174.8177,-36.9743],[174.8188,-36.9752],[174.8192,-36.9751],[174.8238,-36.9781],[174.8244,-36.9796],[174.8256,-36.9792],[174.8295,-36.9819],[174.8299,-36.9818],[174.8306,-36.9822],[174.8307,-36.9827],[174.832,-36.9833],[174.8366,-36.9873],[174.836,-36.9884],[174.8354,-36.9887],[174.8333,-36.9887],[174.8322,-36.9893],[174.8321,-36.9895],[174.8326,-36.9901],[174.8321,-36.9904],[174.8322,-36.9909],[174.8309,-36.9914],[174.8305,-36.9924],[174.8286,-36.9937],[174.8276,-36.9938],[174.8275,-36.9931],[174.8271,-36.9927],[174.8273,-36.9925],[174.8251,-36.9923],[174.8239,-36.9918],[174.8238,-36.9913],[174.8243,-36.9909],[174.8222,-36.9913],[174.8209,-36.9924],[174.8202,-36.9925],[174.8199,-36.9908],[174.8188,-36.9894],[174.8192,-36.9893],[174.8199,-36.9876],[174.8198,-36.9859],[174.8205,-36.9834],[174.8212,-36.9825],[174.8196,-36.985],[174.8193,-36.9847],[174.8193,-36.9838],[174.8196,-36.9832],[174.8196,-36.9811],[174.82,-36.9809],[174.8191,-36.9803],[174.82,-36.9792],[174.8195,-36.9785],[174.8195,-36.9775],[174.8196,-36.9796],[174.819,-36.9799],[174.8188,-36.9805],[174.8192,-36.9825],[174.8189,-36.9827],[174.8192,-36.9829],[174.8183,-36.9835],[174.8177,-36.9833],[174.8187,-36.9843],[174.8182,-36.9848],[174.8189,-36.985],[174.8193,-36.9858],[174.8186,-36.9886],[174.818,-36.9878],[174.8179,-36.9867],[174.8169,-36.987],[174.8171,-36.9875],[174.8156,-36.9871],[174.8162,-36.9855],[174.8157,-36.9852],[174.8153,-36.9867],[174.8135,-36.9887],[174.8145,-36.9886],[174.8148,-36.9881],[174.8152,-36.9883],[174.8151,-36.9888],[174.8165,-36.9883],[174.8173,-36.9885],[174.8182,-36.9896],[174.8174,-36.9895],[174.8185,-36.9899],[174.8195,-36.991],[174.8192,-36.9916],[174.8181,-36.992],[174.8166,-36.9931],[174.8139,-36.9936],[174.812,-36.993],[174.8118,-36.9923],[174.8114,-36.9928],[174.8109,-36.9929],[174.8107,-36.9926],[174.8114,-36.9939],[174.8092,-36.9946],[174.8077,-36.9956],[174.8071,-36.9944],[174.8073,-36.9924],[174.8086,-36.9924],[174.8082,-36.9911],[174.8092,-36.99],[174.8075,-36.9905],[174.8068,-36.9915],[174.8053,-36.9913],[174.8051,-36.9897],[174.8056,-36.9891],[174.8059,-36.9891],[174.8047,-36.9888],[174.8045,-36.9879],[174.804,-36.9888],[174.804,-36.9899],[174.8031,-36.9898],[174.8029,-36.9886],[174.8032,-36.9875],[174.8038,-36.9868],[174.8041,-36.9855],[174.8037,-36.9858],[174.8033,-36.9856],[174.8033,-36.9866],[174.8022,-36.9863],[174.802,-36.9848],[174.8024,-36.9842],[174.8016,-36.983],[174.8014,-36.9815],[174.8013,-36.9831],[174.8018,-36.9841],[174.8009,-36.9844],[174.8002,-36.9842],[174.7993,-36.983],[174.7993,-36.981],[174.7985,-36.9803],[174.7991,-36.9811],[174.7985,-36.9837],[174.7978,-36.9839],[174.7966,-36.9827],[174.797,-36.9844],[174.7988,-36.9864],[174.797,-36.9871],[174.7979,-36.9875],[174.799,-36.9872],[174.7996,-36.9875],[174.7994,-36.9885],[174.8049,-36.9956],[174.8019,-36.9947],[174.7959,-36.9949],[174.7915,-36.9932],[174.7861,-36.9925],[174.7856,-36.9951],[174.7869,-36.9979],[174.7869,-36.9988],[174.7843,-36.9995],[174.7819,-36.9988],[174.7798,-37.0017],[174.7749,-37.0003],[174.7711,-37.0055],[174.771,-37.0048],[174.7709,-37.0052],[174.7702,-37.0055],[174.7647,-37.0048],[174.764,-37.0049],[174.7633,-37.0056],[174.7559,-37.001],[174.7546,-37.0006],[174.7528,-36.9994],[174.7509,-36.9993],[174.7469,-36.9981],[174.7452,-36.9983],[174.7444,-36.9982],[174.7436,-36.9975],[174.7433,-36.9951],[174.7419,-36.9926],[174.7425,-36.9918],[174.7438,-36.9913],[174.7442,-36.9904],[174.7444,-36.9879],[174.7442,-36.9869],[174.7437,-36.9865],[174.7439,-36.9861],[174.7435,-36.9858],[174.7444,-36.9854],[174.744,-36.9841],[174.7452,-36.984],[174.7461,-36.9835],[174.7461,-36.9825],[174.7467,-36.9826],[174.7465,-36.982],[174.7472,-36.9813],[174.7492,-36.9806],[174.7528,-36.9801],[174.7532,-36.9784],[174.7555,-36.9767],[174.7574,-36.9776],[174.7596,-36.9774],[174.7627,-36.9779],[174.7646,-36.9758],[174.768,-36.9735],[174.7658,-36.9673],[174.763,-36.9661],[174.7599,-36.9669],[174.7567,-36.9671],[174.7563,-36.9674],[174.7564,-36.9681],[174.7569,-36.9683],[174.7572,-36.9688],[174.7571,-36.9694],[174.7566,-36.9697],[174.7545,-36.9701],[174.7522,-36.9692],[174.7506,-36.9707],[174.749,-36.9714],[174.7475,-36.9725],[174.7454,-36.9727],[174.7451,-36.9729],[174.7451,-36.9715],[174.7447,-36.9707],[174.7434,-36.9699],[174.7422,-36.9696],[174.7414,-36.97],[174.7404,-36.97],[174.7396,-36.9696],[174.7393,-36.969],[174.7382,-36.9686],[174.7381,-36.968],[174.7374,-36.9686],[174.735,-36.9681],[174.7354,-36.9675],[174.7353,-36.967],[174.7348,-36.9667],[174.7338,-36.9667],[174.7339,-36.9664],[174.7335,-36.9662],[174.7342,-36.9657],[174.7355,-36.9656],[174.7353,-36.963],[174.7356,-36.9628],[174.7356,-36.9619],[174.7343,-36.9627],[174.7348,-36.9626],[174.735,-36.9629],[174.7346,-36.9641],[174.7325,-36.9628],[174.7331,-36.962],[174.7324,-36.9626],[174.7324,-36.9623],[174.7321,-36.9624],[174.7316,-36.9631],[174.7309,-36.9632],[174.7307,-36.9626],[174.7299,-36.9624],[174.7303,-36.9621],[174.7302,-36.9618],[174.7307,-36.962],[174.7309,-36.9616],[174.7328,-36.9613],[174.7336,-36.9615],[174.7342,-36.9611],[174.7351,-36.9611],[174.7353,-36.9614],[174.7358,-36.9601],[174.7363,-36.9606],[174.7367,-36.9604],[174.7373,-36.9607],[174.7399,-36.9608],[174.743,-36.9605],[174.7459,-36.9609],[174.7462,-36.9604],[174.7483,-36.9606],[174.749,-36.9603],[174.7493,-36.9609],[174.7507,-36.9613],[174.751,-36.9608],[174.7522,-36.9609],[174.7524,-36.9602],[174.7528,-36.9613],[174.7553,-36.9618],[174.7572,-36.9617],[174.7585,-36.9632],[174.763,-36.9637],[174.7643,-36.9646],[174.7685,-36.9649],[174.7739,-36.9661],[174.7743,-36.9658],[174.7746,-36.9623],[174.7759,-36.9611],[174.776,-36.9599],[174.7798,-36.9598],[174.7812,-36.9589],[174.7834,-36.9585],[174.7815,-36.959],[174.7816,-36.9594],[174.7814,-36.9595],[174.7833,-36.9666],[174.7852,-36.9661],[174.7854,-36.9675],[174.7859,-36.9676],[174.786,-36.9664],[174.7862,-36.966],[174.7865,-36.9662],[174.7875,-36.964],[174.7873,-36.9633],[174.7876,-36.9627],[174.7872,-36.9626],[174.7875,-36.962],[174.7885,-36.962],[174.7896,-36.9594],[174.7892,-36.9593],[174.7898,-36.9581],[174.7896,-36.9576],[174.79,-36.9568],[174.7906,-36.9572],[174.792,-36.957],[174.791,-36.9559],[174.7915,-36.9556],[174.7913,-36.9549],[174.7919,-36.9541],[174.7928,-36.9536],[174.7919,-36.9531],[174.7935,-36.952],[174.7951,-36.9517]]]]}},{"type":"Feature","properties":{"name":"M\u0101ngere Bridge","region":"South","population":12283,"lat":-36.94435,"lng":174.77486},"geometry":{"type":"MultiPolygon","coordinates":[[[[174.7997,-36.9466],[174.7997,-36.9475],[174.7981,-36.9476],[174.7984,-36.948],[174.7968,-36.9498],[174.7953,-36.951],[174.794,-36.9511],[174.7943,-36.9514],[174.7919,-36.9531],[174.7928,-36.9536],[174.7919,-36.9541],[174.7913,-36.9549],[174.7915,-36.9556],[174.791,-36.9559],[174.792,-36.957],[174.7906,-36.9572],[174.79,-36.9568],[174.7896,-36.9576],[174.7898,-36.9581],[174.7892,-36.9593],[174.7896,-36.9594],[174.7885,-36.962],[174.7875,-36.962],[174.7872,-36.9626],[174.7876,-36.9627],[174.7873,-36.9633],[174.7875,-36.964],[174.7865,-36.9662],[174.7862,-36.966],[174.786,-36.9664],[174.7861,-36.9672],[174.7857,-36.9676],[174.7854,-36.9675],[174.7852,-36.9661],[174.7833,-36.9666],[174.7814,-36.9595],[174.7816,-36.9594],[174.7815,-36.959],[174.7834,-36.9585],[174.7812,-36.9589],[174.7801,-36.9596],[174.779,-36.9599],[174.776,-36.9599],[174.7736,-36.9579],[174.7727,-36.9575],[174.7711,-36.9576],[174.7685,-36.9586],[174.768,-36.9579],[174.7689,-36.9569],[174.7688,-36.9564],[174.7664,-36.9552],[174.7646,-36.9527],[174.7608,-36.9514],[174.76,-36.9508],[174.7572,-36.9495],[174.7563,-36.9495],[174.7562,-36.9493],[174.7569,-36.9486],[174.7558,-36.9478],[174.756,-36.9476],[174.7554,-36.9471],[174.7554,-36.9468],[174.7558,-36.9463],[174.7551,-36.946],[174.7557,-36.9454],[174.7555,-36.9445],[174.7564,-36.9439],[174.756,-36.9436],[174.7568,-36.943],[174.7559,-36.9419],[174.7565,-36.9417],[174.7573,-36.9419],[174.7578,-36.9414],[174.7578,-36.9407],[174.7584,-36.9412],[174.7585,-36.9408],[174.76,-36.9403],[174.7613,-36.9405],[174.7613,-36.9401],[174.7608,-36.94],[174.7619,-36.9396],[174.7623,-36.9399],[174.7618,-36.9407],[174.7623,-36.9409],[174.7618,-36.9412],[174.7625,-36.9417],[174.7627,-36.9407],[174.7641,-36.9402],[174.7644,-36.9392],[174.7677,-36.9412],[174.7699,-36.9401],[174.7714,-36.9405],[174.773,-36.9402],[174.7748,-36.9408],[174.7778,-36.9396],[174.7779,-36.9391],[174.7774,-36.9389],[174.7772,-36.9384],[174.7778,-36.9377],[174.7786,-36.9376],[174.7789,-36.9377],[174.7789,-36.9387],[174.7793,-36.9391],[174.7803,-36.9389],[174.782,-36.9398],[174.7839,-36.9394],[174.7839,-36.9401],[174.7845,-36.9403],[174.785,-36.9402],[174.7854,-36.9394],[174.7852,-36.939],[174.7861,-36.9387],[174.7861,-36.9365],[174.7864,-36.9365],[174.7864,-36.9374],[174.7876,-36.9374],[174.7877,-36.9361],[174.7888,-36.9359],[174.7889,-36.9354],[174.7899,-36.936],[174.7915,-36.9402],[174.7931,-36.9404],[174.7942,-36.9417],[174.7959,-36.9416],[174.7972,-36.942],[174.7973,-36.9422],[174.7964,-36.9426],[174.7952,-36.9425],[174.7954,-36.9429],[174.7973,-36.9429],[174.7983,-36.9434],[174.7983,-36.9446],[174.7997,-36.9466]]]]}},{"type":"Feature","properties":{"name":"M\u0101ngere East","region":"South","population":28069,"lat":-36.96082,"lng":174.82382},"geometry":{"type":"MultiPolygon","coordinates":[[[[174.8204,-36.9525],[174.821,-36.9526],[174.8206,-36.9536],[174.8209,-36.954],[174.8227,-36.9539],[174.8232,-36.9542],[174.8243,-36.9542],[174.8244,-36.955],[174.8249,-36.9556],[174.8261,-36.9562],[174.8259,-36.9577],[174.8275,-36.9581],[174.8282,-36.957],[174.8301,-36.9574],[174.8328,-36.9588],[174.8343,-36.9564],[174.8353,-36.956],[174.8356,-36.9573],[174.8375,-36.9602],[174.8373,-36.9603],[174.8408,-36.9654],[174.8415,-36.9657],[174.8413,-36.9666],[174.8405,-36.9667],[174.8408,-36.9669],[174.8397,-36.9677],[174.8403,-36.9678],[174.8403,-36.9682],[174.8408,-36.9684],[174.8403,-36.9684],[174.8403,-36.9689],[174.8353,-36.9726],[174.8356,-36.9728],[174.8353,-36.9732],[174.8357,-36.9734],[174.836,-36.9729],[174.8368,-36.9734],[174.8366,-36.9737],[174.8372,-36.974],[174.8376,-36.9736],[174.8375,-36.9741],[174.8369,-36.9746],[174.8365,-36.9744],[174.8363,-36.975],[174.8358,-36.9749],[174.8331,-36.9778],[174.8316,-36.9791],[174.8314,-36.9789],[174.8308,-36.9796],[174.831,-36.9798],[174.8297,-36.981],[174.8298,-36.9813],[174.8302,-36.9812],[174.8295,-36.9819],[174.8256,-36.9792],[174.8244,-36.9796],[174.8238,-36.9781],[174.8192,-36.9751],[174.8188,-36.9752],[174.8177,-36.9743],[174.8181,-36.9739],[174.8176,-36.9731],[174.817,-36.9731],[174.8088,-36.9685],[174.8081,-36.9678],[174.8071,-36.9676],[174.8041,-36.9659],[174.8021,-36.9637],[174.8021,-36.9633],[174.8042,-36.9619],[174.8054,-36.9612],[174.8059,-36.9613],[174.8061,-36.9609],[174.8071,-36.9605],[174.8068,-36.9601],[174.8188,-36.9548],[174.819,-36.9554],[174.8194,-36.9553],[174.8191,-36.9556],[174.8193,-36.9557],[174.8197,-36.9552],[174.8192,-36.9548],[174.8192,-36.9541],[174.8187,-36.9537],[174.8189,-36.9531],[174.8196,-36.9526],[174.8204,-36.9525]]]]}},{"type":"Feature","properties":{"name":"Narrow Neck","region":"North","population":2324,"lat":-36.81356,"lng":174.80242},"geometry":{"type":"MultiPolygon","coordinates":[[[[174.8014,-36.8214],[174.8015,-36.822],[174.8004,-36.8223],[174.8001,-36.8216],[174.7997,-36.8217],[174.7995,-36.8209],[174.797,-36.8211],[174.7966,-36.8209],[174.7946,-36.8176],[174.7917,-36.8115],[174.7925,-36.8112],[174.7926,-36.8105],[174.7949,-36.81],[174.7944,-36.8095],[174.7958,-36.8088],[174.7966,-36.808],[174.7964,-36.8078],[174.7974,-36.8075],[174.7987,-36.8093],[174.7997,-36.8099],[174.7992,-36.8105],[174.8003,-36.8119],[174.8025,-36.8131],[174.8074,-36.8149],[174.8081,-36.8158],[174.8077,-36.8167],[174.8071,-36.8169],[174.8067,-36.8174],[174.8063,-36.8198],[174.8054,-36.8199],[174.8056,-36.8197],[174.8048,-36.8194],[174.8038,-36.82],[174.8034,-36.8207],[174.8023,-36.8208],[174.8014,-36.8214]]]]}},{"type":"Feature","properties":{"name":"New Lynn","region":"West","population":23008,"lat":-36.90722,"lng":174.6856},"geometry":{"type":"MultiPolygon","coordinates":[[[[174.6659,-36.9069],[174.6666,-36.9062],[174.6673,-36.9063],[174.6669,-36.906],[174.6673,-36.9054],[174.6667,-36.9052],[174.6669,-36.9047],[174.6665,-36.9046],[174.6667,-36.9042],[174.6671,-36.9043],[174.6688,-36.9009],[174.67,-36.9004],[174.6709,-36.8994],[174.6712,-36.8996],[174.672,-36.8986],[174.6732,-36.8994],[174.675,-36.8993],[174.675,-36.8999],[174.6759,-36.9005],[174.6763,-36.8997],[174.6756,-36.8988],[174.6767,-36.8986],[174.6777,-36.8994],[174.6773,-36.9003],[174.6776,-36.9009],[174.6783,-36.9006],[174.6789,-36.8997],[174.6807,-36.9001],[174.6821,-36.9],[174.6825,-36.8997],[174.6825,-36.8992],[174.6833,-36.8992],[174.6843,-36.8996],[174.6846,-36.9015],[174.6852,-36.9012],[174.6853,-36.9006],[174.6867,-36.9015],[174.6897,-36.9021],[174.6894,-36.9026],[174.6906,-36.9038],[174.6932,-36.9038],[174.6919,-36.9059],[174.6934,-36.9071],[174.6925,-36.9073],[174.6929,-36.9078],[174.6923,-36.9078],[174.6928,-36.908],[174.6929,-36.9087],[174.692,-36.9092],[174.6919,-36.9099],[174.6915,-36.9101],[174.6912,-36.9111],[174.6907,-36.9116],[174.6923,-36.9151],[174.6918,-36.9152],[174.6913,-36.9158],[174.6922,-36.9163],[174.6924,-36.9182],[174.692,-36.9182],[174.6921,-36.9194],[174.6925,-36.9195],[174.6927,-36.9203],[174.6924,-36.9208],[174.6932,-36.921],[174.6932,-36.9221],[174.6926,-36.922],[174.6923,-36.9224],[174.6911,-36.9262],[174.6891,-36.9268],[174.6907,-36.9229],[174.6875,-36.9226],[174.6854,-36.9233],[174.6856,-36.924],[174.6842,-36.9249],[174.6843,-36.9255],[174.6855,-36.9264],[174.6849,-36.9268],[174.6842,-36.9268],[174.682,-36.9285],[174.682,-36.9254],[174.6809,-36.9259],[174.681,-36.9262],[174.6799,-36.9272],[174.6775,-36.9269],[174.6763,-36.9275],[174.6757,-36.9275],[174.6751,-36.9251],[174.6742,-36.9249],[174.6733,-36.9238],[174.6724,-36.9239],[174.6721,-36.923],[174.6712,-36.9231],[174.6707,-36.9219],[174.668,-36.9227],[174.6668,-36.9223],[174.6676,-36.922],[174.6673,-36.9208],[174.667,-36.9209],[174.6661,-36.9195],[174.6652,-36.9202],[174.6635,-36.9193],[174.6642,-36.9187],[174.6632,-36.9179],[174.6638,-36.9176],[174.6619,-36.9164],[174.6617,-36.9168],[174.6612,-36.9167],[174.661,-36.916],[174.6638,-36.9144],[174.6641,-36.9146],[174.6645,-36.9143],[174.6656,-36.9131],[174.6653,-36.9129],[174.6657,-36.9126],[174.665,-36.9122],[174.6654,-36.9119],[174.6664,-36.9124],[174.6667,-36.9121],[174.6671,-36.9124],[174.6674,-36.912],[174.667,-36.9118],[174.6673,-36.9113],[174.667,-36.9108],[174.6654,-36.9106],[174.6669,-36.9074],[174.6658,-36.9071],[174.6659,-36.9069]]]]}},{"type":"Feature","properties":{"name":"New Windsor","region":"West","population":8323,"lat":-36.90379,"lng":174.71009},"geometry":{"type":"MultiPolygon","coordinates":[[[[174.723,-36.9088],[174.7206,-36.9097],[174.7204,-36.9101],[174.7207,-36.9101],[174.7185,-36.9115],[174.7179,-36.9123],[174.7168,-36.9121],[174.7156,-36.9123],[174.7156,-36.9127],[174.7154,-36.9127],[174.7136,-36.9124],[174.7137,-36.9128],[174.7123,-36.9131],[174.7122,-36.9125],[174.7117,-36.9125],[174.7117,-36.913],[174.711,-36.9131],[174.7101,-36.9122],[174.7091,-36.9123],[174.7091,-36.9118],[174.7084,-36.9119],[174.7081,-36.9111],[174.7073,-36.9111],[174.7073,-36.9107],[174.7069,-36.9107],[174.7068,-36.9102],[174.7072,-36.9102],[174.7071,-36.9093],[174.7081,-36.9088],[174.7077,-36.9081],[174.7072,-36.9081],[174.7072,-36.9079],[174.7076,-36.9079],[174.7076,-36.9073],[174.708,-36.9073],[174.708,-36.9069],[174.7077,-36.9067],[174.708,-36.9066],[174.7078,-36.9054],[174.7073,-36.9054],[174.707,-36.905],[174.7058,-36.905],[174.7054,-36.9009],[174.704,-36.9005],[174.704,-36.9002],[174.7045,-36.9003],[174.7045,-36.8999],[174.7052,-36.9001],[174.7053,-36.8995],[174.7051,-36.8988],[174.7044,-36.8987],[174.7044,-36.8982],[174.7038,-36.8981],[174.7039,-36.8977],[174.7035,-36.8976],[174.704,-36.8966],[174.7049,-36.8965],[174.7054,-36.8957],[174.7059,-36.8958],[174.7056,-36.8953],[174.7061,-36.8951],[174.7074,-36.8964],[174.7069,-36.8974],[174.7083,-36.8969],[174.7089,-36.8972],[174.7082,-36.8981],[174.7083,-36.8988],[174.7079,-36.8988],[174.7081,-36.8991],[174.7097,-36.8985],[174.7115,-36.8984],[174.7114,-36.9004],[174.7139,-36.8997],[174.714,-36.8999],[174.7197,-36.9015],[174.7197,-36.9021],[174.723,-36.9039],[174.7211,-36.9051],[174.7239,-36.9083],[174.723,-36.9088]]]]}},{"type":"Feature","properties":{"name":"Newmarket","region":"Central","population":2286,"lat":-36.86742,"lng":174.77572},"geometry":{"type":"MultiPolygon","coordinates":[[[[174.7724,-36.8665],[174.7724,-36.8668],[174.7712,-36.8665],[174.7709,-36.8668],[174.7704,-36.8666],[174.7706,-36.8662],[174.7693,-36.8659],[174.7716,-36.8653],[174.7717,-36.8648],[174.7713,-36.8647],[174.7713,-36.864],[174.7738,-36.8646],[174.7768,-36.8631],[174.7783,-36.8634],[174.7795,-36.8632],[174.7803,-36.8641],[174.7807,-36.8638],[174.782,-36.8647],[174.7813,-36.8651],[174.7812,-36.865],[174.7799,-36.8665],[174.7803,-36.8664],[174.7795,-36.8678],[174.7788,-36.8707],[174.7792,-36.873],[174.7776,-36.8734],[174.7776,-36.873],[174.7765,-36.8729],[174.7766,-36.8725],[174.7755,-36.8723],[174.776,-36.8715],[174.7733,-36.871],[174.7738,-36.8695],[174.7743,-36.8696],[174.7748,-36.8687],[174.7728,-36.868],[174.773,-36.8674],[174.7725,-36.8673],[174.7727,-36.8666],[174.7724,-36.8665]]]]}},{"type":"Feature","properties":{"name":"Nihotupu","region":"West","population":2,"lat":-36.94608,"lng":174.5956},"geometry":{"type":"MultiPolygon","coordinates":[[[[174.5828,-36.9469],[174.5829,-36.946],[174.5879,-36.9457],[174.5876,-36.9402],[174.5884,-36.9393],[174.5919,-36.9383],[174.5918,-36.9373],[174.5959,-36.9371],[174.5966,-36.9356],[174.5967,-36.9346],[174.5979,-36.9334],[174.6038,-36.9353],[174.6032,-36.9392],[174.6037,-36.9423],[174.6056,-36.9422],[174.6057,-36.9431],[174.614,-36.9426],[174.6139,-36.9438],[174.6162,-36.9438],[174.6162,-36.9442],[174.6156,-36.9448],[174.613,-36.9454],[174.6128,-36.9468],[174.6159,-36.9468],[174.6164,-36.9469],[174.6164,-36.9477],[174.6185,-36.9478],[174.6185,-36.9519],[174.6199,-36.9542],[174.6196,-36.9542],[174.6166,-36.958],[174.6182,-36.9594],[174.6183,-36.9597],[174.6178,-36.9601],[174.6183,-36.9606],[174.6163,-36.9627],[174.6166,-36.9628],[174.6167,-36.9641],[174.6142,-36.9639],[174.6143,-36.9651],[174.6132,-36.9669],[174.6126,-36.9667],[174.6124,-36.967],[174.6128,-36.9675],[174.6134,-36.9674],[174.6047,-36.9716],[174.5959,-36.9601],[174.5952,-36.9608],[174.5942,-36.961],[174.5942,-36.9613],[174.5928,-36.9618],[174.5915,-36.9629],[174.5854,-36.9573],[174.5855,-36.9569],[174.5832,-36.9561],[174.581,-36.9547],[174.5812,-36.9544],[174.5826,-36.9542],[174.5828,-36.9469]]]]}},{"type":"Feature","properties":{"name":"Northcote","region":"North","population":9920,"lat":-36.81058,"lng":174.74149},"geometry":{"type":"MultiPolygon","coordinates":[[[[174.7325,-36.8063],[174.7324,-36.8049],[174.7328,-36.8049],[174.7325,-36.8019],[174.7365,-36.8009],[174.7528,-36.7882],[174.7562,-36.7931],[174.7593,-36.7953],[174.76,-36.7962],[174.7616,-36.7968],[174.762,-36.7979],[174.7627,-36.798],[174.7615,-36.7986],[174.7622,-36.8006],[174.761,-36.8035],[174.7593,-36.8066],[174.7545,-36.8116],[174.7551,-36.8128],[174.7543,-36.8138],[174.7527,-36.8141],[174.7515,-36.815],[174.7509,-36.8147],[174.7512,-36.8138],[174.7504,-36.8124],[174.7474,-36.8122],[174.7426,-36.8107],[174.7388,-36.8105],[174.7387,-36.8113],[174.7393,-36.8114],[174.739,-36.8116],[174.7395,-36.8122],[174.7409,-36.8127],[174.7408,-36.8131],[174.7417,-36.8132],[174.7416,-36.8138],[174.7407,-36.8138],[174.741,-36.8143],[174.7405,-36.8154],[174.741,-36.8164],[174.74,-36.8166],[174.739,-36.8149],[174.7377,-36.815],[174.7367,-36.814],[174.735,-36.8141],[174.7345,-36.8137],[174.7346,-36.8129],[174.733,-36.8129],[174.7329,-36.8122],[174.7322,-36.8121],[174.7323,-36.8108],[174.7328,-36.8108],[174.7328,-36.8102],[174.7335,-36.8101],[174.7335,-36.8097],[174.7314,-36.8095],[174.7313,-36.8081],[174.732,-36.8081],[174.7325,-36.8063]]],[[[174.7502,-36.8118],[174.7492,-36.8109],[174.7466,-36.8101],[174.746,-36.8095],[174.7458,-36.8079],[174.7456,-36.8077],[174.7448,-36.8078],[174.7452,-36.8083],[174.7451,-36.809],[174.7446,-36.8096],[174.7448,-36.81],[174.7484,-36.8117],[174.7496,-36.8121],[174.7502,-36.8121],[174.7502,-36.8118]]],[[[174.7599,-36.8042],[174.7588,-36.8043],[174.7576,-36.8029],[174.7564,-36.8023],[174.7546,-36.8],[174.7535,-36.7995],[174.7522,-36.7996],[174.751,-36.8013],[174.7512,-36.8034],[174.7521,-36.8042],[174.7537,-36.8043],[174.7564,-36.8034],[174.7577,-36.8069],[174.759,-36.8056],[174.7599,-36.8042]]]]}},{"type":"Feature","properties":{"name":"Northcote Point","region":"North","population":2784,"lat":-36.82051,"lng":174.74688},"geometry":{"type":"MultiPolygon","coordinates":[[[[174.7415,-36.8107],[174.7426,-36.8107],[174.7474,-36.8122],[174.7497,-36.8122],[174.7502,-36.8153],[174.7505,-36.8155],[174.751,-36.8148],[174.7515,-36.815],[174.7502,-36.8198],[174.751,-36.8229],[174.7505,-36.8229],[174.7499,-36.8247],[174.7501,-36.8248],[174.7498,-36.826],[174.7492,-36.8268],[174.7481,-36.8273],[174.7446,-36.8326],[174.7442,-36.8325],[174.7477,-36.8271],[174.7472,-36.8266],[174.7466,-36.8266],[174.7473,-36.8261],[174.7475,-36.8243],[174.7473,-36.8223],[174.7467,-36.8204],[174.744,-36.8183],[174.7424,-36.8177],[174.7417,-36.8164],[174.7409,-36.8163],[174.7405,-36.8154],[174.741,-36.8143],[174.7407,-36.8138],[174.7416,-36.8138],[174.7417,-36.8132],[174.7408,-36.8131],[174.7409,-36.8127],[174.7395,-36.8122],[174.739,-36.8116],[174.7393,-36.8114],[174.7387,-36.8113],[174.7388,-36.8106],[174.7415,-36.8107]]]]}},{"type":"Feature","properties":{"name":"Northcross","region":"North","population":3836,"lat":-36.71203,"lng":174.72799},"geometry":{"type":"MultiPolygon","coordinates":[[[[174.7342,-36.7098],[174.7337,-36.7097],[174.7335,-36.7108],[174.7329,-36.7113],[174.7331,-36.7116],[174.7325,-36.7117],[174.7322,-36.7121],[174.732,-36.7119],[174.7315,-36.712],[174.732,-36.7146],[174.7313,-36.7146],[174.7314,-36.716],[174.7309,-36.7163],[174.7312,-36.717],[174.7249,-36.7167],[174.7248,-36.7171],[174.7242,-36.717],[174.724,-36.7161],[174.7245,-36.7156],[174.7242,-36.7154],[174.7246,-36.7145],[174.7255,-36.7136],[174.7231,-36.7124],[174.723,-36.7119],[174.7221,-36.7127],[174.7218,-36.7124],[174.7216,-36.712],[174.7224,-36.7113],[174.7218,-36.7113],[174.7219,-36.7082],[174.721,-36.7085],[174.7199,-36.7068],[174.7238,-36.7051],[174.7247,-36.7057],[174.7255,-36.7051],[174.7279,-36.7049],[174.7291,-36.7044],[174.7313,-36.7046],[174.7321,-36.7059],[174.7334,-36.706],[174.7335,-36.7066],[174.7339,-36.7066],[174.7342,-36.7098]]]]}},{"type":"Feature","properties":{"name":"Northpark","region":"East","population":4362,"lat":-36.91904,"lng":174.91925},"geometry":{"type":"MultiPolygon","coordinates":[[[[174.928,-36.9187],[174.9265,-36.9195],[174.9269,-36.9196],[174.9262,-36.9201],[174.9253,-36.9197],[174.9253,-36.9205],[174.9235,-36.9214],[174.9236,-36.9218],[174.9222,-36.9231],[174.922,-36.923],[174.9212,-36.9236],[174.9199,-36.9251],[174.9201,-36.9254],[174.9198,-36.9257],[174.919,-36.9259],[174.9187,-36.9269],[174.9155,-36.9297],[174.9153,-36.9316],[174.9142,-36.9312],[174.9117,-36.9309],[174.9128,-36.9287],[174.9133,-36.9263],[174.9132,-36.9241],[174.9161,-36.9246],[174.9164,-36.9233],[174.9155,-36.9232],[174.9151,-36.9219],[174.9156,-36.92],[174.9163,-36.9197],[174.9154,-36.9187],[174.9152,-36.9179],[174.9154,-36.916],[174.9167,-36.9147],[174.9166,-36.9136],[174.9181,-36.9136],[174.9185,-36.9141],[174.9211,-36.9144],[174.9231,-36.913],[174.9237,-36.9133],[174.9243,-36.9127],[174.9263,-36.9136],[174.9266,-36.9134],[174.9279,-36.9152],[174.9279,-36.917],[174.9275,-36.9182],[174.9281,-36.9185],[174.928,-36.9187]]]]}},{"type":"Feature","properties":{"name":"One Tree Hill","region":"East","population":4842,"lat":-36.90653,"lng":174.7938},"geometry":{"type":"MultiPolygon","coordinates":[[[[174.7877,-36.8988],[174.7919,-36.9011],[174.7914,-36.9017],[174.7922,-36.9023],[174.7921,-36.9028],[174.7959,-36.9046],[174.7963,-36.9041],[174.7969,-36.9045],[174.7983,-36.9027],[174.7984,-36.9031],[174.8008,-36.9045],[174.802,-36.9033],[174.8016,-36.9026],[174.8025,-36.9023],[174.8035,-36.9028],[174.804,-36.9031],[174.8035,-36.9035],[174.804,-36.9042],[174.8026,-36.9056],[174.8037,-36.9063],[174.8031,-36.9071],[174.8034,-36.9072],[174.803,-36.9077],[174.8018,-36.9079],[174.8013,-36.9086],[174.8003,-36.9087],[174.8001,-36.9089],[174.7997,-36.9085],[174.7993,-36.9085],[174.7987,-36.9098],[174.7971,-36.9096],[174.7956,-36.9113],[174.795,-36.9114],[174.7947,-36.9112],[174.7949,-36.9108],[174.794,-36.9106],[174.7942,-36.9102],[174.7937,-36.9098],[174.793,-36.9101],[174.7927,-36.9098],[174.7926,-36.91],[174.7913,-36.9097],[174.7904,-36.9089],[174.7897,-36.9093],[174.7882,-36.9088],[174.7879,-36.9089],[174.7883,-36.9097],[174.7876,-36.91],[174.7865,-36.9095],[174.7845,-36.9099],[174.7844,-36.9095],[174.784,-36.9093],[174.7843,-36.9087],[174.7835,-36.9084],[174.7825,-36.9089],[174.7798,-36.9057],[174.7781,-36.9067],[174.7775,-36.9045],[174.7789,-36.8991],[174.7796,-36.8994],[174.7811,-36.8981],[174.7831,-36.8973],[174.7837,-36.8966],[174.7877,-36.8988]]]]}},{"type":"Feature","properties":{"name":"Onehunga","region":"South","population":20631,"lat":-36.92393,"lng":174.78264},"geometry":{"type":"MultiPolygon","coordinates":[[[[174.8077,-36.9311],[174.7982,-36.931],[174.7888,-36.9314],[174.7884,-36.9313],[174.7887,-36.9311],[174.7886,-36.9308],[174.7879,-36.9308],[174.7871,-36.9316],[174.7885,-36.9335],[174.7893,-36.9355],[174.7889,-36.9354],[174.7881,-36.9334],[174.7869,-36.9319],[174.7864,-36.9324],[174.7864,-36.9365],[174.7861,-36.9365],[174.7861,-36.9327],[174.7843,-36.9333],[174.7825,-36.9333],[174.7825,-36.9328],[174.7841,-36.9327],[174.7836,-36.9323],[174.7822,-36.9324],[174.7822,-36.9317],[174.7826,-36.9312],[174.7815,-36.9289],[174.7795,-36.9277],[174.779,-36.9278],[174.7785,-36.9273],[174.7734,-36.9245],[174.7714,-36.9241],[174.7711,-36.9226],[174.7703,-36.9221],[174.7691,-36.9216],[174.7673,-36.9217],[174.7676,-36.9208],[174.7666,-36.9199],[174.7671,-36.9192],[174.767,-36.9184],[174.7674,-36.9183],[174.7672,-36.9179],[174.7682,-36.9167],[174.7685,-36.9156],[174.769,-36.9154],[174.7691,-36.9151],[174.7724,-36.9158],[174.7727,-36.9156],[174.7727,-36.9163],[174.7747,-36.9167],[174.7748,-36.9162],[174.7754,-36.9163],[174.7756,-36.9157],[174.7775,-36.9155],[174.7778,-36.9164],[174.7788,-36.9163],[174.7784,-36.9131],[174.7794,-36.913],[174.7796,-36.9116],[174.7786,-36.9101],[174.7815,-36.9087],[174.7823,-36.909],[174.7835,-36.9084],[174.7843,-36.9087],[174.784,-36.9093],[174.7844,-36.9095],[174.7845,-36.9099],[174.7865,-36.9095],[174.7872,-36.9096],[174.7874,-36.91],[174.7883,-36.9097],[174.7879,-36.9089],[174.7882,-36.9088],[174.7897,-36.9093],[174.7904,-36.9089],[174.7913,-36.9097],[174.7926,-36.91],[174.7927,-36.9098],[174.793,-36.9101],[174.7937,-36.9098],[174.7942,-36.9102],[174.794,-36.9106],[174.7949,-36.9108],[174.7947,-36.9112],[174.795,-36.9114],[174.7956,-36.9113],[174.7971,-36.9096],[174.7976,-36.9099],[174.7977,-36.9096],[174.7989,-36.9097],[174.7993,-36.9085],[174.7997,-36.9085],[174.8001,-36.9089],[174.8003,-36.9087],[174.8013,-36.9086],[174.8018,-36.9079],[174.803,-36.9077],[174.8037,-36.9063],[174.805,-36.907],[174.8044,-36.9075],[174.8045,-36.9086],[174.8048,-36.9089],[174.8049,-36.9094],[174.8046,-36.9094],[174.8049,-36.9114],[174.8053,-36.9116],[174.805,-36.9124],[174.805,-36.9138],[174.8046,-36.914],[174.8052,-36.9141],[174.8052,-36.9144],[174.8057,-36.9145],[174.8059,-36.9172],[174.8053,-36.9175],[174.806,-36.9181],[174.8064,-36.9231],[174.8084,-36.9229],[174.8086,-36.9242],[174.8093,-36.9241],[174.8095,-36.9251],[174.811,-36.9268],[174.8101,-36.9275],[174.8099,-36.9284],[174.8104,-36.9284],[174.8108,-36.9304],[174.8084,-36.9308],[174.8077,-36.9311]]]]}},{"type":"Feature","properties":{"name":"Oratia","region":"West","population":2152,"lat":-36.916,"lng":174.61687},"geometry":{"type":"MultiPolygon","coordinates":[[[[174.6143,-36.9117],[174.6151,-36.9111],[174.6168,-36.911],[174.6174,-36.9103],[174.6173,-36.9099],[174.6178,-36.909],[174.6189,-36.9083],[174.6186,-36.9078],[174.6195,-36.9077],[174.6196,-36.9071],[174.6199,-36.907],[174.6201,-36.9073],[174.6207,-36.9075],[174.6204,-36.9082],[174.621,-36.9084],[174.6214,-36.9067],[174.6221,-36.9067],[174.6215,-36.9075],[174.6223,-36.9075],[174.6233,-36.9068],[174.6221,-36.9076],[174.6238,-36.9091],[174.6243,-36.9089],[174.6246,-36.9092],[174.6243,-36.9094],[174.6244,-36.9098],[174.625,-36.9107],[174.6245,-36.9105],[174.6242,-36.9116],[174.6232,-36.9113],[174.6228,-36.9131],[174.6234,-36.9144],[174.6218,-36.9141],[174.6217,-36.9144],[174.6212,-36.9142],[174.6207,-36.9167],[174.6233,-36.9164],[174.6233,-36.9153],[174.6241,-36.9151],[174.6252,-36.9163],[174.6253,-36.9161],[174.6282,-36.9183],[174.6287,-36.9191],[174.6293,-36.9191],[174.6276,-36.919],[174.6276,-36.9202],[174.6303,-36.9207],[174.6294,-36.9237],[174.6305,-36.9257],[174.6331,-36.9279],[174.6307,-36.9281],[174.6318,-36.9337],[174.6301,-36.9338],[174.6302,-36.9367],[174.63,-36.9371],[174.6294,-36.9373],[174.6271,-36.9365],[174.6265,-36.9376],[174.6244,-36.937],[174.6244,-36.9373],[174.6239,-36.9374],[174.6241,-36.938],[174.6225,-36.941],[174.6227,-36.9415],[174.6204,-36.9417],[174.6204,-36.9425],[174.6182,-36.9423],[174.6177,-36.9436],[174.6139,-36.9438],[174.614,-36.9426],[174.6057,-36.9431],[174.6056,-36.9422],[174.6037,-36.9423],[174.6032,-36.9392],[174.6038,-36.9353],[174.5979,-36.9334],[174.5967,-36.9346],[174.5966,-36.9356],[174.5959,-36.9371],[174.5928,-36.9372],[174.5927,-36.9354],[174.5941,-36.9354],[174.5933,-36.9349],[174.5936,-36.9346],[174.594,-36.9349],[174.5941,-36.9338],[174.5921,-36.9317],[174.5908,-36.9324],[174.5904,-36.9317],[174.5881,-36.9324],[174.5876,-36.932],[174.5879,-36.9315],[174.5856,-36.93],[174.5874,-36.929],[174.5853,-36.9282],[174.5929,-36.9204],[174.5994,-36.9216],[174.601,-36.9158],[174.6016,-36.9153],[174.6046,-36.916],[174.6051,-36.9143],[174.6114,-36.9153],[174.6116,-36.9147],[174.6136,-36.9133],[174.6144,-36.9122],[174.6143,-36.9117]]]]}},{"type":"Feature","properties":{"name":"Oteha","region":"North","population":5338,"lat":-36.71722,"lng":174.72151},"geometry":{"type":"MultiPolygon","coordinates":[[[[174.7154,-36.7274],[174.7149,-36.7277],[174.7143,-36.7228],[174.7126,-36.7185],[174.7152,-36.717],[174.7195,-36.7135],[174.7221,-36.7127],[174.723,-36.7119],[174.7231,-36.7124],[174.7255,-36.7136],[174.7246,-36.7145],[174.7242,-36.7154],[174.7245,-36.7156],[174.724,-36.7161],[174.7242,-36.717],[174.7248,-36.7171],[174.7243,-36.7202],[174.7232,-36.7228],[174.7231,-36.7237],[174.7236,-36.7246],[174.7214,-36.7247],[174.7187,-36.7256],[174.7164,-36.7272],[174.7154,-36.7274]]]]}},{"type":"Feature","properties":{"name":"Pakuranga","region":"East","population":10385,"lat":-36.91566,"lng":174.86746},"geometry":{"type":"MultiPolygon","coordinates":[[[[174.8851,-36.9076],[174.885,-36.9081],[174.8855,-36.9081],[174.8855,-36.9089],[174.8847,-36.9089],[174.885,-36.9096],[174.8847,-36.9115],[174.8841,-36.9129],[174.8837,-36.9128],[174.8835,-36.9134],[174.8839,-36.9135],[174.8838,-36.9144],[174.8832,-36.9144],[174.883,-36.9152],[174.8834,-36.9153],[174.883,-36.9167],[174.8824,-36.9172],[174.8842,-36.9178],[174.8842,-36.9183],[174.8848,-36.9185],[174.8844,-36.9187],[174.8831,-36.9184],[174.8829,-36.9195],[174.8822,-36.9193],[174.8818,-36.9205],[174.8803,-36.9218],[174.8805,-36.9221],[174.8798,-36.923],[174.8797,-36.9241],[174.8804,-36.9241],[174.8796,-36.925],[174.8798,-36.926],[174.8784,-36.9267],[174.8771,-36.9257],[174.8753,-36.9261],[174.8746,-36.9259],[174.8728,-36.9244],[174.8724,-36.9254],[174.871,-36.9247],[174.8707,-36.924],[174.8715,-36.9235],[174.8727,-36.9215],[174.873,-36.9215],[174.8737,-36.9222],[174.8741,-36.9212],[174.8752,-36.921],[174.875,-36.9202],[174.8756,-36.92],[174.8745,-36.9201],[174.8744,-36.9194],[174.874,-36.9203],[174.8735,-36.9202],[174.8734,-36.9183],[174.8731,-36.9179],[174.8733,-36.9189],[174.8726,-36.9198],[174.8718,-36.9191],[174.8699,-36.9193],[174.8695,-36.9197],[174.8683,-36.92],[174.8664,-36.9214],[174.8658,-36.9214],[174.8651,-36.9208],[174.8651,-36.9205],[174.865,-36.9213],[174.8644,-36.9215],[174.865,-36.922],[174.8645,-36.9223],[174.863,-36.9218],[174.862,-36.921],[174.8617,-36.9201],[174.8636,-36.9187],[174.8628,-36.9184],[174.8629,-36.9179],[174.8626,-36.9173],[174.8629,-36.9167],[174.8634,-36.9165],[174.8645,-36.917],[174.864,-36.9165],[174.8652,-36.9154],[174.8669,-36.9162],[174.8686,-36.9163],[174.8672,-36.916],[174.8667,-36.9155],[174.866,-36.9156],[174.8641,-36.9149],[174.8633,-36.9156],[174.8612,-36.9157],[174.8614,-36.9162],[174.8605,-36.9169],[174.8604,-36.9176],[174.8595,-36.9176],[174.8594,-36.9166],[174.8584,-36.9161],[174.8588,-36.9148],[174.8598,-36.9144],[174.8603,-36.9129],[174.8564,-36.9111],[174.8566,-36.9106],[174.8602,-36.9122],[174.8583,-36.9096],[174.8588,-36.9085],[174.8594,-36.9086],[174.8609,-36.9069],[174.8617,-36.9073],[174.8617,-36.9105],[174.8625,-36.9108],[174.8624,-36.91],[174.8628,-36.9097],[174.8631,-36.9108],[174.8643,-36.9108],[174.8649,-36.9104],[174.864,-36.91],[174.8642,-36.9089],[174.8633,-36.9091],[174.8627,-36.9085],[174.8626,-36.9077],[174.8623,-36.9085],[174.8626,-36.9073],[174.8648,-36.907],[174.8681,-36.9084],[174.8695,-36.9085],[174.8688,-36.9088],[174.8686,-36.9091],[174.8689,-36.9096],[174.8682,-36.9102],[174.8693,-36.91],[174.8698,-36.9107],[174.8706,-36.9104],[174.8699,-36.9099],[174.87,-36.9095],[174.8696,-36.909],[174.8695,-36.908],[174.8708,-36.9075],[174.8728,-36.9059],[174.8743,-36.9054],[174.8756,-36.9054],[174.876,-36.9051],[174.8807,-36.906],[174.8805,-36.9065],[174.8818,-36.9067],[174.8817,-36.907],[174.8824,-36.9072],[174.8825,-36.9068],[174.8828,-36.9069],[174.8827,-36.9073],[174.8844,-36.9076],[174.8846,-36.9079],[174.8851,-36.9076]]]]}},{"type":"Feature","properties":{"name":"Pakuranga Heights","region":"East","population":10038,"lat":-36.91352,"lng":174.89371},"geometry":{"type":"MultiPolygon","coordinates":[[[[174.8804,-36.922],[174.8803,-36.9218],[174.8807,-36.9213],[174.8818,-36.9205],[174.8822,-36.9193],[174.8829,-36.9195],[174.8831,-36.9184],[174.8844,-36.9187],[174.8848,-36.9185],[174.8842,-36.9183],[174.8842,-36.9178],[174.8824,-36.9172],[174.883,-36.9167],[174.8834,-36.9153],[174.883,-36.9152],[174.8832,-36.9144],[174.8838,-36.9144],[174.8839,-36.9135],[174.8835,-36.9134],[174.8837,-36.9128],[174.8841,-36.9129],[174.8847,-36.9115],[174.885,-36.9096],[174.8847,-36.9089],[174.8855,-36.9089],[174.8855,-36.9081],[174.885,-36.9081],[174.8852,-36.9073],[174.8862,-36.9069],[174.886,-36.9065],[174.8867,-36.9063],[174.8863,-36.9058],[174.887,-36.9055],[174.8867,-36.9053],[174.8869,-36.905],[174.8896,-36.9053],[174.8904,-36.905],[174.8907,-36.9037],[174.8913,-36.9044],[174.8918,-36.9042],[174.8922,-36.9046],[174.8929,-36.9041],[174.8926,-36.9036],[174.8934,-36.9038],[174.8943,-36.9034],[174.894,-36.9028],[174.8954,-36.9031],[174.8957,-36.9028],[174.8952,-36.9027],[174.8966,-36.9017],[174.8952,-36.9008],[174.8962,-36.8999],[174.8979,-36.9013],[174.8984,-36.901],[174.8981,-36.9007],[174.8985,-36.9005],[174.8988,-36.9011],[174.9022,-36.8993],[174.9034,-36.9008],[174.904,-36.9005],[174.9043,-36.9008],[174.904,-36.9022],[174.9044,-36.9038],[174.9039,-36.9055],[174.9045,-36.9072],[174.9034,-36.9089],[174.904,-36.9092],[174.9038,-36.9098],[174.9048,-36.9103],[174.9047,-36.9107],[174.9051,-36.911],[174.9044,-36.9116],[174.9049,-36.9127],[174.9044,-36.9133],[174.9045,-36.9139],[174.9048,-36.9141],[174.9034,-36.9159],[174.9017,-36.9165],[174.9004,-36.9179],[174.9002,-36.9191],[174.8997,-36.9198],[174.8992,-36.9202],[174.8988,-36.9199],[174.8989,-36.9183],[174.8985,-36.9178],[174.8952,-36.9162],[174.8947,-36.9149],[174.8949,-36.914],[174.8944,-36.9135],[174.8943,-36.9124],[174.8955,-36.9113],[174.8937,-36.9121],[174.893,-36.9113],[174.8933,-36.9108],[174.8928,-36.9114],[174.8941,-36.9137],[174.8941,-36.9149],[174.895,-36.9168],[174.8951,-36.9179],[174.8946,-36.9185],[174.8934,-36.9189],[174.892,-36.9198],[174.8914,-36.9198],[174.8913,-36.9206],[174.8896,-36.9211],[174.8898,-36.922],[174.8874,-36.9255],[174.8866,-36.9259],[174.8852,-36.9252],[174.8848,-36.9258],[174.8837,-36.9251],[174.883,-36.9252],[174.8829,-36.9258],[174.8815,-36.9254],[174.8811,-36.9247],[174.8818,-36.9246],[174.8817,-36.9242],[174.8822,-36.9241],[174.8818,-36.9238],[174.8818,-36.9236],[174.8811,-36.9238],[174.88,-36.923],[174.8804,-36.922]]]]}},{"type":"Feature","properties":{"name":"Panmure","region":"East","population":8487,"lat":-36.9009,"lng":174.86183},"geometry":{"type":"MultiPolygon","coordinates":[[[[174.8554,-36.9053],[174.8546,-36.904],[174.8544,-36.9028],[174.8535,-36.902],[174.8505,-36.9019],[174.8496,-36.9008],[174.8499,-36.9003],[174.8485,-36.8991],[174.8482,-36.8992],[174.8502,-36.8975],[174.8527,-36.8942],[174.8531,-36.8934],[174.8527,-36.8933],[174.8532,-36.8933],[174.8539,-36.8919],[174.8553,-36.8875],[174.8561,-36.8876],[174.8559,-36.8887],[174.8572,-36.8889],[174.8586,-36.8888],[174.859,-36.8884],[174.8588,-36.8888],[174.8612,-36.8903],[174.8612,-36.8905],[174.8621,-36.8907],[174.8622,-36.8904],[174.8631,-36.8903],[174.8637,-36.8899],[174.8636,-36.8895],[174.864,-36.8893],[174.864,-36.8899],[174.8647,-36.8899],[174.8646,-36.8901],[174.8661,-36.8904],[174.8663,-36.89],[174.8668,-36.8899],[174.8667,-36.8907],[174.8677,-36.8908],[174.868,-36.892],[174.8677,-36.8934],[174.8685,-36.897],[174.8679,-36.8998],[174.8689,-36.9021],[174.8683,-36.9024],[174.8687,-36.9028],[174.8685,-36.903],[174.8681,-36.9025],[174.8678,-36.9027],[174.8679,-36.903],[174.8677,-36.9028],[174.8664,-36.9027],[174.8652,-36.9036],[174.8654,-36.9041],[174.8652,-36.9042],[174.8651,-36.9037],[174.8641,-36.9041],[174.8635,-36.9035],[174.8624,-36.9045],[174.8612,-36.9049],[174.8606,-36.9047],[174.8578,-36.9076],[174.8588,-36.9088],[174.8587,-36.9089],[174.8562,-36.9065],[174.8554,-36.9053]]]]}},{"type":"Feature","properties":{"name":"Papatoetoe","region":"South","population":54754,"lat":-36.97399,"lng":174.85621},"geometry":{"type":"MultiPolygon","coordinates":[[[[174.8573,-36.9578],[174.8572,-36.9591],[174.8592,-36.9597],[174.8595,-36.9585],[174.8617,-36.9591],[174.862,-36.9585],[174.8635,-36.9609],[174.8658,-36.9627],[174.8657,-36.9635],[174.8668,-36.9644],[174.8674,-36.9639],[174.8781,-36.9721],[174.8793,-36.9737],[174.8813,-36.9796],[174.8788,-36.9805],[174.8785,-36.9799],[174.8782,-36.9801],[174.8778,-36.9798],[174.8765,-36.9804],[174.8762,-36.9802],[174.8765,-36.9801],[174.8755,-36.9792],[174.8758,-36.9789],[174.8752,-36.9785],[174.8744,-36.9786],[174.8735,-36.9782],[174.8729,-36.9793],[174.8731,-36.9795],[174.8726,-36.9793],[174.8724,-36.9794],[174.8726,-36.9796],[174.8716,-36.9801],[174.8721,-36.9804],[174.8714,-36.9802],[174.8711,-36.9811],[174.8702,-36.9808],[174.8699,-36.9812],[174.8707,-36.9819],[174.8696,-36.9828],[174.8701,-36.9832],[174.8698,-36.9835],[174.8702,-36.9837],[174.8699,-36.984],[174.8705,-36.9842],[174.8706,-36.9846],[174.8721,-36.9841],[174.8719,-36.9837],[174.8722,-36.9836],[174.8725,-36.9842],[174.8738,-36.9836],[174.874,-36.9839],[174.8737,-36.984],[174.8742,-36.9849],[174.8728,-36.9853],[174.8729,-36.9857],[174.8741,-36.9853],[174.8745,-36.9861],[174.8743,-36.9862],[174.8746,-36.9868],[174.8736,-36.9872],[174.8738,-36.9876],[174.8748,-36.9872],[174.875,-36.9875],[174.874,-36.9879],[174.8746,-36.989],[174.8739,-36.9891],[174.8737,-36.9896],[174.8731,-36.9895],[174.8673,-36.9905],[174.8681,-36.9918],[174.8668,-36.9914],[174.8651,-36.9915],[174.8643,-36.9924],[174.8644,-36.9926],[174.862,-36.9936],[174.8622,-36.9962],[174.8606,-36.9977],[174.8595,-36.995],[174.856,-36.9901],[174.8551,-36.9906],[174.8551,-36.9904],[174.854,-36.9908],[174.8553,-36.9929],[174.8524,-36.9941],[174.8508,-36.9915],[174.8492,-36.992],[174.8489,-36.9915],[174.8485,-36.9917],[174.8487,-36.9921],[174.8458,-36.9931],[174.8464,-36.9948],[174.8442,-36.9934],[174.8447,-36.9928],[174.8442,-36.9929],[174.8382,-36.9891],[174.8366,-36.9873],[174.832,-36.9833],[174.8307,-36.9827],[174.8306,-36.9822],[174.8299,-36.9818],[174.8296,-36.9818],[174.8302,-36.9812],[174.8298,-36.9813],[174.8297,-36.981],[174.831,-36.9798],[174.8308,-36.9796],[174.8314,-36.9789],[174.8316,-36.9791],[174.8331,-36.9778],[174.8358,-36.9749],[174.8363,-36.975],[174.8365,-36.9744],[174.8369,-36.9746],[174.8375,-36.9741],[174.8376,-36.9736],[174.8372,-36.974],[174.8366,-36.9737],[174.8368,-36.9734],[174.836,-36.9729],[174.8357,-36.9734],[174.8353,-36.9732],[174.8356,-36.9728],[174.8353,-36.9726],[174.8403,-36.9689],[174.8403,-36.9684],[174.8408,-36.9684],[174.8403,-36.9682],[174.8403,-36.9678],[174.8397,-36.9677],[174.8408,-36.9669],[174.8405,-36.9667],[174.8413,-36.9666],[174.8414,-36.9655],[174.8422,-36.9653],[174.8428,-36.9644],[174.8433,-36.9643],[174.844,-36.9647],[174.845,-36.9646],[174.8455,-36.965],[174.8464,-36.9646],[174.8475,-36.9634],[174.8485,-36.9636],[174.8484,-36.9642],[174.8493,-36.9634],[174.8507,-36.9636],[174.8503,-36.9631],[174.8482,-36.9631],[174.8474,-36.9623],[174.8476,-36.9614],[174.8491,-36.9605],[174.8496,-36.9605],[174.8491,-36.96],[174.8502,-36.9583],[174.85,-36.9569],[174.8511,-36.9565],[174.8502,-36.9562],[174.8499,-36.9555],[174.8491,-36.9549],[174.8501,-36.9553],[174.8544,-36.9541],[174.8547,-36.9549],[174.854,-36.9555],[174.8548,-36.9553],[174.8557,-36.9557],[174.856,-36.9563],[174.8558,-36.9564],[174.8563,-36.9569],[174.8559,-36.9573],[174.8573,-36.9578]]]]}},{"type":"Feature","properties":{"name":"Parau","region":"West","population":510,"lat":-36.96998,"lng":174.61527},"geometry":{"type":"MultiPolygon","coordinates":[[[[174.616,-36.9706],[174.6172,-36.9719],[174.6174,-36.9729],[174.6178,-36.9731],[174.618,-36.9739],[174.619,-36.9738],[174.6205,-36.9748],[174.6184,-36.9761],[174.6178,-36.9774],[174.6184,-36.9799],[174.6161,-36.9831],[174.6163,-36.985],[174.6177,-36.9861],[174.6173,-36.9877],[174.6181,-36.9884],[174.6169,-36.9896],[174.6047,-36.9716],[174.6134,-36.9674],[174.6128,-36.9675],[174.6124,-36.967],[174.6126,-36.9667],[174.6132,-36.9669],[174.6143,-36.9651],[174.6141,-36.9643],[174.6144,-36.9638],[174.616,-36.9642],[174.6161,-36.965],[174.6156,-36.9665],[174.6144,-36.9669],[174.6145,-36.9675],[174.6152,-36.9678],[174.6149,-36.9679],[174.615,-36.9686],[174.616,-36.9706]]]]}},{"type":"Feature","properties":{"name":"Parnell","region":"Central","population":8360,"lat":-36.85791,"lng":174.78825},"geometry":{"type":"MultiPolygon","coordinates":[[[[174.7924,-36.849],[174.7919,-36.8518],[174.7932,-36.8536],[174.7934,-36.8554],[174.7932,-36.8559],[174.7922,-36.8565],[174.7919,-36.8577],[174.7906,-36.8587],[174.7901,-36.8599],[174.79,-36.8606],[174.7907,-36.8617],[174.7887,-36.8633],[174.7886,-36.8636],[174.7878,-36.8642],[174.7873,-36.8641],[174.7872,-36.8644],[174.7842,-36.865],[174.7828,-36.8661],[174.7814,-36.8653],[174.782,-36.8647],[174.7807,-36.8638],[174.7803,-36.8641],[174.7795,-36.8632],[174.7783,-36.8634],[174.7768,-36.8631],[174.7738,-36.8646],[174.7713,-36.864],[174.7705,-36.8618],[174.7709,-36.8617],[174.7717,-36.8594],[174.7723,-36.859],[174.7733,-36.8589],[174.7733,-36.8586],[174.7726,-36.8577],[174.7717,-36.8577],[174.7712,-36.8584],[174.77,-36.858],[174.7701,-36.8573],[174.7715,-36.8551],[174.773,-36.8535],[174.7736,-36.854],[174.7757,-36.8516],[174.7753,-36.8513],[174.7755,-36.8509],[174.7752,-36.8498],[174.7758,-36.8489],[174.777,-36.8484],[174.7834,-36.848],[174.7836,-36.8474],[174.7813,-36.8469],[174.7817,-36.8459],[174.7837,-36.8465],[174.7836,-36.8458],[174.783,-36.8456],[174.7834,-36.8452],[174.7863,-36.846],[174.7857,-36.8475],[174.79,-36.8477],[174.7924,-36.8483],[174.7961,-36.8515],[174.7983,-36.8526],[174.8012,-36.8532],[174.805,-36.8525],[174.8052,-36.8529],[174.804,-36.8532],[174.8013,-36.8564],[174.8015,-36.8566],[174.8013,-36.8568],[174.7924,-36.849]]],[[[174.792,-36.8489],[174.7914,-36.8486],[174.7916,-36.8483],[174.79,-36.848],[174.7875,-36.8482],[174.7874,-36.8486],[174.7883,-36.8499],[174.792,-36.8489]]]]}},{"type":"Feature","properties":{"name":"Penrose","region":"South","population":953,"lat":-36.92402,"lng":174.82034},"geometry":{"type":"MultiPolygon","coordinates":[[[[174.8084,-36.9308],[174.8108,-36.9304],[174.8104,-36.9284],[174.8099,-36.9284],[174.8101,-36.9275],[174.811,-36.9268],[174.8095,-36.9251],[174.8093,-36.9241],[174.8086,-36.9242],[174.8084,-36.9229],[174.8064,-36.9231],[174.806,-36.9181],[174.8053,-36.9175],[174.8059,-36.9172],[174.8057,-36.9145],[174.8052,-36.9144],[174.8052,-36.9141],[174.8046,-36.914],[174.805,-36.9138],[174.805,-36.9124],[174.8053,-36.9116],[174.8049,-36.9114],[174.8046,-36.9094],[174.8049,-36.9094],[174.8048,-36.9089],[174.8045,-36.9086],[174.8044,-36.9075],[174.8049,-36.907],[174.8031,-36.906],[174.8044,-36.9048],[174.8045,-36.9051],[174.805,-36.9052],[174.8052,-36.9046],[174.8056,-36.9047],[174.8074,-36.9024],[174.8185,-36.9068],[174.8198,-36.9078],[174.824,-36.9129],[174.8266,-36.9147],[174.8348,-36.9168],[174.8344,-36.9173],[174.8331,-36.9176],[174.8337,-36.9228],[174.832,-36.9252],[174.8326,-36.9261],[174.831,-36.9272],[174.8301,-36.9289],[174.8292,-36.9286],[174.8283,-36.9302],[174.8271,-36.9297],[174.8255,-36.9299],[174.8259,-36.9303],[174.8258,-36.9305],[174.8257,-36.9303],[174.8252,-36.9305],[174.8255,-36.9299],[174.8244,-36.9305],[174.8246,-36.9301],[174.8231,-36.9289],[174.8198,-36.929],[174.8198,-36.9305],[174.8077,-36.9311],[174.8084,-36.9308]]]]}},{"type":"Feature","properties":{"name":"Pinehill","region":"North","population":4960,"lat":-36.73158,"lng":174.72418},"geometry":{"type":"MultiPolygon","coordinates":[[[[174.7341,-36.7342],[174.7286,-36.7353],[174.7264,-36.735],[174.7197,-36.7401],[174.7184,-36.7364],[174.7158,-36.7317],[174.7149,-36.7277],[174.7164,-36.7272],[174.7187,-36.7256],[174.7214,-36.7247],[174.7236,-36.7246],[174.7243,-36.7264],[174.7247,-36.7266],[174.7269,-36.7267],[174.7284,-36.7278],[174.7305,-36.728],[174.7323,-36.7301],[174.7341,-36.7315],[174.7337,-36.7335],[174.7341,-36.7342]]]]}},{"type":"Feature","properties":{"name":"Point Chevalier","region":"West","population":9291,"lat":-36.86643,"lng":174.70556},"geometry":{"type":"MultiPolygon","coordinates":[[[[174.6825,-36.8717],[174.6957,-36.8716],[174.6989,-36.8713],[174.6992,-36.8705],[174.6998,-36.8706],[174.6987,-36.8695],[174.699,-36.8699],[174.6981,-36.8702],[174.6968,-36.8699],[174.6968,-36.8692],[174.6966,-36.869],[174.6968,-36.8693],[174.6966,-36.8695],[174.6963,-36.869],[174.6966,-36.8687],[174.697,-36.867],[174.6975,-36.8662],[174.6972,-36.8655],[174.6983,-36.8645],[174.6984,-36.8636],[174.6992,-36.8626],[174.699,-36.8611],[174.6993,-36.8605],[174.6991,-36.8596],[174.7,-36.8586],[174.6999,-36.8572],[174.7012,-36.8564],[174.7028,-36.8538],[174.7035,-36.8524],[174.703,-36.8511],[174.7035,-36.8508],[174.7046,-36.8511],[174.705,-36.8516],[174.7057,-36.8516],[174.7061,-36.8525],[174.7069,-36.8532],[174.7071,-36.8551],[174.7059,-36.8554],[174.7067,-36.8552],[174.7076,-36.8554],[174.7085,-36.8563],[174.7085,-36.8574],[174.708,-36.8583],[174.7088,-36.8586],[174.7089,-36.8589],[174.7083,-36.8599],[174.7101,-36.8597],[174.7106,-36.8606],[174.711,-36.8608],[174.7115,-36.8606],[174.7114,-36.8616],[174.7109,-36.8624],[174.7121,-36.862],[174.7126,-36.8629],[174.7134,-36.8627],[174.7144,-36.8635],[174.7153,-36.8634],[174.7167,-36.8648],[174.717,-36.8641],[174.7179,-36.8638],[174.7187,-36.8645],[174.7186,-36.8683],[174.7182,-36.8689],[174.7174,-36.8687],[174.7173,-36.8694],[174.7167,-36.8697],[174.7163,-36.8695],[174.7154,-36.8698],[174.7151,-36.8705],[174.7154,-36.8699],[174.7151,-36.8705],[174.716,-36.8707],[174.716,-36.8716],[174.7151,-36.8724],[174.7148,-36.8733],[174.7142,-36.8728],[174.7137,-36.8729],[174.7139,-36.8735],[174.7137,-36.8732],[174.7132,-36.8733],[174.7136,-36.8747],[174.7101,-36.8751],[174.7106,-36.8771],[174.7057,-36.8784],[174.705,-36.879],[174.7047,-36.8809],[174.704,-36.8813],[174.704,-36.8816],[174.7035,-36.8814],[174.7035,-36.8822],[174.7032,-36.8826],[174.7029,-36.8826],[174.7033,-36.8818],[174.703,-36.8809],[174.7033,-36.8805],[174.703,-36.8802],[174.7039,-36.88],[174.7037,-36.8797],[174.704,-36.8791],[174.7036,-36.8784],[174.7047,-36.8768],[174.7051,-36.8755],[174.7052,-36.8741],[174.7048,-36.8732],[174.7034,-36.8734],[174.7033,-36.8737],[174.7024,-36.873],[174.7007,-36.8727],[174.6996,-36.8729],[174.6993,-36.8723],[174.6979,-36.872],[174.6852,-36.8722],[174.6831,-36.8721],[174.6825,-36.8717]]]]}},{"type":"Feature","properties":{"name":"Point England","region":"East","population":5827,"lat":-36.88233,"lng":174.87084},"geometry":{"type":"MultiPolygon","coordinates":[[[[174.8677,-36.8908],[174.8667,-36.8907],[174.8668,-36.8899],[174.8663,-36.89],[174.8661,-36.8904],[174.8646,-36.8901],[174.8647,-36.8899],[174.864,-36.8899],[174.864,-36.8893],[174.8636,-36.8895],[174.8637,-36.8899],[174.8631,-36.8903],[174.8622,-36.8904],[174.8621,-36.8907],[174.8612,-36.8905],[174.8612,-36.8903],[174.8588,-36.8888],[174.8589,-36.8884],[174.8586,-36.8888],[174.8559,-36.8887],[174.8561,-36.8876],[174.8553,-36.8875],[174.8558,-36.8846],[174.8551,-36.8812],[174.8552,-36.8807],[174.8559,-36.8806],[174.8562,-36.8796],[174.8568,-36.8799],[174.857,-36.8795],[174.8594,-36.8803],[174.8595,-36.8807],[174.8596,-36.8803],[174.864,-36.8811],[174.8641,-36.8807],[174.8653,-36.8809],[174.8657,-36.8813],[174.8662,-36.8795],[174.8681,-36.8797],[174.8686,-36.8792],[174.8692,-36.8793],[174.8696,-36.8783],[174.8704,-36.878],[174.8727,-36.8788],[174.8735,-36.8783],[174.8739,-36.8785],[174.8761,-36.8777],[174.8767,-36.8774],[174.8767,-36.8768],[174.8777,-36.8785],[174.8775,-36.8794],[174.8754,-36.8808],[174.8754,-36.8816],[174.8748,-36.8818],[174.8742,-36.8816],[174.8735,-36.882],[174.8732,-36.8831],[174.8734,-36.884],[174.8726,-36.8837],[174.8714,-36.8838],[174.8696,-36.8852],[174.8681,-36.8878],[174.868,-36.8904],[174.8677,-36.8908]]]]}},{"type":"Feature","properties":{"name":"Ponsonby","region":"Central","population":5301,"lat":-36.85148,"lng":174.73714},"geometry":{"type":"MultiPolygon","coordinates":[[[[174.7411,-36.845],[174.7422,-36.8452],[174.7428,-36.8459],[174.7425,-36.8461],[174.7433,-36.8462],[174.7437,-36.8466],[174.7441,-36.8465],[174.7445,-36.8469],[174.7442,-36.8472],[174.7447,-36.8473],[174.7444,-36.849],[174.7451,-36.8497],[174.7444,-36.8499],[174.7453,-36.8502],[174.7455,-36.8508],[174.7451,-36.8509],[174.7461,-36.854],[174.7475,-36.8563],[174.7459,-36.8567],[174.7458,-36.8564],[174.7408,-36.8568],[174.7402,-36.8566],[174.7393,-36.8549],[174.7385,-36.8544],[174.738,-36.8508],[174.7367,-36.8509],[174.7369,-36.853],[174.7364,-36.8543],[174.7365,-36.854],[174.7339,-36.853],[174.7333,-36.8532],[174.7334,-36.8535],[174.7329,-36.854],[174.7321,-36.8541],[174.7315,-36.853],[174.732,-36.8527],[174.7314,-36.8523],[174.7312,-36.8514],[174.7309,-36.8513],[174.731,-36.8485],[174.7319,-36.8483],[174.7321,-36.8478],[174.7337,-36.8469],[174.7336,-36.8463],[174.7343,-36.8463],[174.7346,-36.8456],[174.7351,-36.8459],[174.738,-36.8457],[174.7403,-36.8454],[174.7404,-36.8449],[174.7408,-36.8447],[174.7411,-36.845]]]]}},{"type":"Feature","properties":{"name":"P\u0101remoremo","region":"West","population":1775,"lat":-36.76046,"lng":174.64973},"geometry":{"type":"MultiPolygon","coordinates":[[[[174.6371,-36.7524],[174.6388,-36.7521],[174.6387,-36.7516],[174.6374,-36.7514],[174.6372,-36.751],[174.6394,-36.7498],[174.6382,-36.7492],[174.6386,-36.7483],[174.6381,-36.7473],[174.6384,-36.7468],[174.64,-36.7459],[174.6434,-36.746],[174.6473,-36.7448],[174.6477,-36.7439],[174.6493,-36.7434],[174.6506,-36.7435],[174.6513,-36.7425],[174.6526,-36.7425],[174.6533,-36.7419],[174.6551,-36.7414],[174.6561,-36.74],[174.657,-36.7411],[174.66,-36.7407],[174.6608,-36.7411],[174.6606,-36.7423],[174.66,-36.7431],[174.6603,-36.7438],[174.6617,-36.7453],[174.6648,-36.7462],[174.6651,-36.7469],[174.6724,-36.7517],[174.6733,-36.7515],[174.675,-36.7528],[174.6746,-36.7537],[174.6734,-36.7539],[174.6711,-36.7554],[174.671,-36.7557],[174.6721,-36.7557],[174.6689,-36.7585],[174.6683,-36.7606],[174.6676,-36.7612],[174.666,-36.7619],[174.6668,-36.7623],[174.6673,-36.763],[174.6667,-36.7642],[174.6646,-36.7647],[174.6634,-36.7647],[174.6619,-36.7658],[174.6644,-36.7656],[174.6652,-36.7658],[174.6654,-36.7662],[174.6637,-36.7669],[174.6606,-36.7704],[174.6585,-36.7708],[174.6563,-36.7704],[174.655,-36.7695],[174.6542,-36.7694],[174.6525,-36.7687],[174.6516,-36.7676],[174.6495,-36.7672],[174.6498,-36.7677],[174.6489,-36.7678],[174.6484,-36.7675],[174.6482,-36.7664],[174.6485,-36.766],[174.6494,-36.7659],[174.6483,-36.7655],[174.6478,-36.7662],[174.6469,-36.7659],[174.6468,-36.7668],[174.6479,-36.7676],[174.6478,-36.768],[174.6464,-36.7681],[174.6463,-36.7686],[174.6451,-36.7691],[174.6441,-36.7687],[174.641,-36.7686],[174.6392,-36.7695],[174.6368,-36.7698],[174.6349,-36.7712],[174.6348,-36.7727],[174.634,-36.772],[174.6342,-36.7713],[174.6338,-36.7706],[174.6357,-36.7693],[174.6341,-36.7694],[174.6349,-36.7682],[174.6344,-36.7677],[174.6344,-36.7666],[174.6353,-36.7659],[174.6345,-36.7656],[174.6335,-36.7642],[174.6335,-36.7634],[174.634,-36.7629],[174.635,-36.7627],[174.6366,-36.7632],[174.6354,-36.7621],[174.6347,-36.762],[174.6345,-36.7613],[174.6346,-36.7601],[174.6381,-36.7601],[174.6386,-36.7598],[174.6366,-36.7594],[174.6349,-36.758],[174.6356,-36.7558],[174.636,-36.7555],[174.6356,-36.7527],[174.6371,-36.7524]]]]}},{"type":"Feature","properties":{"name":"Randwick Park","region":"South","population":6341,"lat":-37.0249,"lng":174.92313},"geometry":{"type":"MultiPolygon","coordinates":[[[[174.9095,-37.0193],[174.9098,-37.0198],[174.9102,-37.0198],[174.9108,-37.0194],[174.9111,-37.0196],[174.9124,-37.0192],[174.9129,-37.0187],[174.913,-37.0189],[174.9157,-37.0182],[174.9156,-37.0177],[174.9161,-37.0186],[174.9201,-37.0172],[174.9204,-37.0178],[174.9229,-37.017],[174.9257,-37.0224],[174.9316,-37.0205],[174.9326,-37.0226],[174.9327,-37.0234],[174.9315,-37.0226],[174.9294,-37.0236],[174.9282,-37.0232],[174.9281,-37.0238],[174.9275,-37.0236],[174.9269,-37.024],[174.9274,-37.0249],[174.9265,-37.0255],[174.9262,-37.0277],[174.9248,-37.0281],[174.9229,-37.0281],[174.9195,-37.0263],[174.9185,-37.0264],[174.9141,-37.0313],[174.913,-37.0318],[174.9104,-37.0321],[174.9097,-37.0316],[174.9097,-37.0218],[174.9095,-37.0206],[174.909,-37.0195],[174.9095,-37.0193]]]]}},{"type":"Feature","properties":{"name":"Redvale","region":"North","population":752,"lat":-36.68529,"lng":174.70584},"geometry":{"type":"MultiPolygon","coordinates":[[[[174.6784,-36.6687],[174.7056,-36.6737],[174.7059,-36.6739],[174.7053,-36.6748],[174.7066,-36.6744],[174.7075,-36.6745],[174.708,-36.6753],[174.709,-36.6759],[174.7089,-36.6761],[174.708,-36.677],[174.7077,-36.6783],[174.7063,-36.6791],[174.7046,-36.6807],[174.7057,-36.6807],[174.706,-36.681],[174.7065,-36.6795],[174.7077,-36.6792],[174.7082,-36.6796],[174.7084,-36.6802],[174.7081,-36.6812],[174.7087,-36.6827],[174.7086,-36.6841],[174.7095,-36.6847],[174.7096,-36.6855],[174.7099,-36.6855],[174.7157,-36.6968],[174.716,-36.6972],[174.7174,-36.6971],[174.7206,-36.6977],[174.7206,-36.6986],[174.722,-36.7009],[174.7207,-36.7021],[174.7217,-36.7024],[174.7213,-36.7027],[174.7207,-36.7027],[174.7197,-36.7032],[174.7178,-36.7047],[174.7146,-36.7061],[174.7137,-36.7058],[174.712,-36.7071],[174.711,-36.7074],[174.7106,-36.7079],[174.7096,-36.7083],[174.7087,-36.7082],[174.7072,-36.7094],[174.7071,-36.7102],[174.7064,-36.7085],[174.7067,-36.7081],[174.706,-36.7045],[174.7064,-36.7041],[174.7039,-36.6923],[174.7044,-36.6914],[174.7035,-36.6909],[174.7042,-36.6907],[174.7034,-36.6901],[174.7022,-36.6871],[174.7019,-36.6872],[174.7019,-36.6864],[174.7008,-36.685],[174.7013,-36.6847],[174.6998,-36.6834],[174.6983,-36.6846],[174.699,-36.6851],[174.6985,-36.6855],[174.6987,-36.6857],[174.698,-36.6861],[174.6986,-36.6867],[174.6978,-36.6874],[174.6985,-36.6887],[174.694,-36.6901],[174.6933,-36.6873],[174.6929,-36.6886],[174.6927,-36.6919],[174.6916,-36.6924],[174.6926,-36.6945],[174.6815,-36.6878],[174.6812,-36.6874],[174.6818,-36.6854],[174.6831,-36.6842],[174.6844,-36.6805],[174.6881,-36.6814],[174.6908,-36.6796],[174.69,-36.6794],[174.6877,-36.6778],[174.6845,-36.6743],[174.6799,-36.6709],[174.6784,-36.6687]]]]}},{"type":"Feature","properties":{"name":"Remuera","region":"East","population":28202,"lat":-36.86821,"lng":174.80409},"geometry":{"type":"MultiPolygon","coordinates":[[[[174.8084,-36.8618],[174.8095,-36.8621],[174.8103,-36.8615],[174.8116,-36.8616],[174.8121,-36.8619],[174.8125,-36.8612],[174.8127,-36.8613],[174.8123,-36.862],[174.813,-36.8625],[174.812,-36.8629],[174.8181,-36.8651],[174.8182,-36.8655],[174.8178,-36.8657],[174.8122,-36.8637],[174.8103,-36.8638],[174.8091,-36.8659],[174.8087,-36.8678],[174.8089,-36.8684],[174.8098,-36.8694],[174.8119,-36.8705],[174.8133,-36.8706],[174.8149,-36.8701],[174.8169,-36.8684],[174.8171,-36.8676],[174.8175,-36.8677],[174.8184,-36.8689],[174.8188,-36.8708],[174.8173,-36.8728],[174.8171,-36.8739],[174.8177,-36.8741],[174.8181,-36.8723],[174.8196,-36.8717],[174.8218,-36.8725],[174.8222,-36.8733],[174.8228,-36.8732],[174.8232,-36.874],[174.8221,-36.8743],[174.8224,-36.8749],[174.8232,-36.8747],[174.8235,-36.8752],[174.8243,-36.8752],[174.8248,-36.8766],[174.8259,-36.8764],[174.826,-36.8769],[174.8256,-36.8771],[174.8262,-36.8776],[174.8274,-36.877],[174.8297,-36.8768],[174.8305,-36.8777],[174.8314,-36.877],[174.832,-36.877],[174.8337,-36.8754],[174.8357,-36.8762],[174.8331,-36.8782],[174.8329,-36.8788],[174.8343,-36.8796],[174.8353,-36.8798],[174.836,-36.8784],[174.8372,-36.8777],[174.8385,-36.878],[174.8374,-36.8803],[174.8356,-36.8822],[174.835,-36.8821],[174.8347,-36.8815],[174.8351,-36.8808],[174.8327,-36.8805],[174.8323,-36.8809],[174.8319,-36.8829],[174.8311,-36.8843],[174.8316,-36.885],[174.8339,-36.8835],[174.8369,-36.8828],[174.8374,-36.8832],[174.8354,-36.8847],[174.8341,-36.8862],[174.8314,-36.8879],[174.8311,-36.8883],[174.8317,-36.8889],[174.8305,-36.8891],[174.8298,-36.8906],[174.8298,-36.8909],[174.8301,-36.8909],[174.8298,-36.8919],[174.8259,-36.8912],[174.8272,-36.8902],[174.8267,-36.8904],[174.827,-36.8901],[174.8246,-36.8873],[174.8169,-36.8884],[174.8171,-36.8896],[174.8169,-36.8896],[174.8166,-36.8883],[174.8162,-36.8883],[174.8163,-36.8888],[174.8152,-36.8888],[174.8152,-36.8892],[174.8148,-36.8891],[174.8149,-36.8887],[174.8128,-36.8892],[174.8136,-36.8898],[174.8128,-36.8903],[174.8125,-36.8899],[174.8106,-36.8913],[174.8095,-36.8912],[174.8095,-36.892],[174.8082,-36.8922],[174.8078,-36.8928],[174.8024,-36.891],[174.8019,-36.8915],[174.8007,-36.8909],[174.8005,-36.8913],[174.8016,-36.8918],[174.8014,-36.892],[174.7969,-36.8892],[174.7975,-36.8885],[174.794,-36.8872],[174.7901,-36.885],[174.7827,-36.8777],[174.7823,-36.8779],[174.7821,-36.8777],[174.7825,-36.8774],[174.78,-36.8745],[174.7797,-36.8746],[174.7788,-36.8707],[174.7795,-36.8678],[174.7803,-36.8664],[174.7799,-36.8665],[174.7812,-36.865],[174.7818,-36.8649],[174.7814,-36.8653],[174.7828,-36.8661],[174.7842,-36.865],[174.7872,-36.8644],[174.7873,-36.8641],[174.7878,-36.8642],[174.7881,-36.8638],[174.789,-36.8636],[174.7893,-36.8639],[174.7898,-36.8636],[174.7908,-36.864],[174.7911,-36.8636],[174.7923,-36.8632],[174.7931,-36.8635],[174.7941,-36.8632],[174.7956,-36.8633],[174.796,-36.8635],[174.796,-36.8643],[174.7972,-36.8622],[174.7984,-36.8617],[174.802,-36.8623],[174.8033,-36.8621],[174.8034,-36.863],[174.8045,-36.8638],[174.8045,-36.8641],[174.8053,-36.8644],[174.8048,-36.8659],[174.8064,-36.8662],[174.8077,-36.8656],[174.8082,-36.8644],[174.8089,-36.8636],[174.8081,-36.8623],[174.8082,-36.862],[174.8032,-36.8587],[174.8017,-36.8574],[174.8013,-36.8568],[174.8015,-36.8566],[174.8054,-36.8601],[174.8084,-36.8618]]]]}},{"type":"Feature","properties":{"name":"Rosedale","region":"North","population":1335,"lat":-36.74682,"lng":174.72223},"geometry":{"type":"MultiPolygon","coordinates":[[[[174.7366,-36.7481],[174.7374,-36.7489],[174.7359,-36.7495],[174.7353,-36.7494],[174.7316,-36.7514],[174.7322,-36.7521],[174.7291,-36.7526],[174.7284,-36.7533],[174.726,-36.7508],[174.7191,-36.7525],[174.7121,-36.753],[174.7076,-36.7544],[174.7055,-36.7558],[174.7039,-36.7576],[174.703,-36.7572],[174.7008,-36.7553],[174.6993,-36.7548],[174.6946,-36.7515],[174.6937,-36.7501],[174.6928,-36.7429],[174.6981,-36.7423],[174.7006,-36.7423],[174.7042,-36.7413],[174.7151,-36.742],[174.7199,-36.74],[174.7264,-36.735],[174.7286,-36.7353],[174.7296,-36.7352],[174.7313,-36.7369],[174.7329,-36.7366],[174.7335,-36.7388],[174.7324,-36.7395],[174.7327,-36.7398],[174.732,-36.7407],[174.7341,-36.7426],[174.7334,-36.743],[174.7357,-36.7451],[174.7361,-36.7447],[174.737,-36.7458],[174.7366,-36.7481]]]]}},{"type":"Feature","properties":{"name":"Rothesay Bay","region":"North","population":3541,"lat":-36.72313,"lng":174.74937},"geometry":{"type":"MultiPolygon","coordinates":[[[[174.7521,-36.7263],[174.7507,-36.7264],[174.7507,-36.7268],[174.7489,-36.7268],[174.7486,-36.7273],[174.7477,-36.7271],[174.7476,-36.7266],[174.7471,-36.7272],[174.7442,-36.7274],[174.7429,-36.728],[174.7419,-36.7288],[174.7427,-36.7303],[174.7421,-36.7307],[174.7419,-36.7301],[174.7419,-36.7305],[174.7413,-36.7308],[174.7407,-36.7297],[174.7396,-36.7304],[174.7401,-36.7309],[174.739,-36.7309],[174.7386,-36.7301],[174.7378,-36.7299],[174.7386,-36.7287],[174.739,-36.7271],[174.7397,-36.7266],[174.7413,-36.7244],[174.7453,-36.7204],[174.7454,-36.7196],[174.7468,-36.7185],[174.7495,-36.7173],[174.7505,-36.718],[174.7508,-36.7187],[174.7513,-36.719],[174.7517,-36.7204],[174.7512,-36.7211],[174.7516,-36.721],[174.7526,-36.7223],[174.7543,-36.7253],[174.7533,-36.7258],[174.7535,-36.7262],[174.7532,-36.7266],[174.753,-36.7262],[174.7521,-36.7266],[174.7521,-36.7263]]]]}},{"type":"Feature","properties":{"name":"Royal Oak","region":"South","population":5554,"lat":-36.91053,"lng":174.77086},"geometry":{"type":"MultiPolygon","coordinates":[[[[174.7778,-36.9053],[174.7781,-36.9067],[174.7798,-36.9057],[174.7825,-36.9089],[174.7815,-36.9087],[174.7786,-36.9101],[174.7796,-36.9116],[174.7794,-36.913],[174.7784,-36.9131],[174.7788,-36.9163],[174.7778,-36.9164],[174.7775,-36.9155],[174.7756,-36.9157],[174.7754,-36.9163],[174.7748,-36.9162],[174.7747,-36.9167],[174.7727,-36.9163],[174.7729,-36.9159],[174.7725,-36.9156],[174.7724,-36.9158],[174.7691,-36.9151],[174.769,-36.9154],[174.7685,-36.9156],[174.7679,-36.9152],[174.7682,-36.9143],[174.7678,-36.9142],[174.7677,-36.9146],[174.7676,-36.9141],[174.7651,-36.9147],[174.7631,-36.9128],[174.7635,-36.9121],[174.7631,-36.9122],[174.7633,-36.9117],[174.7638,-36.9112],[174.7631,-36.9108],[174.7632,-36.9099],[174.7622,-36.9096],[174.7624,-36.9094],[174.7622,-36.9093],[174.7619,-36.9096],[174.7613,-36.9095],[174.7606,-36.9103],[174.7603,-36.9101],[174.7611,-36.9092],[174.7605,-36.9093],[174.7607,-36.9088],[174.762,-36.909],[174.7622,-36.9086],[174.7628,-36.9087],[174.7633,-36.9088],[174.7631,-36.9092],[174.7636,-36.9094],[174.7638,-36.909],[174.765,-36.9091],[174.7655,-36.9084],[174.7653,-36.9083],[174.7655,-36.9074],[174.7652,-36.9074],[174.7657,-36.9067],[174.7699,-36.9075],[174.77,-36.9073],[174.7705,-36.9074],[174.7706,-36.9068],[174.7702,-36.9067],[174.7702,-36.9065],[174.7707,-36.9066],[174.7708,-36.9062],[174.7719,-36.9065],[174.772,-36.9061],[174.7723,-36.9062],[174.7725,-36.9053],[174.7728,-36.9054],[174.7728,-36.9046],[174.7746,-36.9051],[174.7747,-36.9055],[174.7752,-36.9052],[174.7755,-36.9055],[174.7775,-36.9045],[174.7778,-36.9053]]]]}},{"type":"Feature","properties":{"name":"R\u0101nui","region":"West","population":14010,"lat":-36.86194,"lng":174.60372},"geometry":{"type":"MultiPolygon","coordinates":[[[[174.5956,-36.854],[174.5944,-36.8535],[174.5946,-36.8525],[174.5965,-36.8524],[174.5969,-36.8513],[174.5976,-36.8508],[174.599,-36.851],[174.5991,-36.8521],[174.6007,-36.852],[174.601,-36.8517],[174.6028,-36.8511],[174.6041,-36.8517],[174.6042,-36.8526],[174.6049,-36.8532],[174.605,-36.8547],[174.6061,-36.8557],[174.6086,-36.856],[174.6089,-36.8568],[174.6086,-36.8579],[174.6095,-36.8584],[174.6096,-36.859],[174.6081,-36.8593],[174.6082,-36.8603],[174.6087,-36.8607],[174.61,-36.86],[174.6107,-36.8602],[174.6106,-36.8605],[174.6113,-36.8605],[174.6113,-36.8608],[174.6104,-36.8619],[174.6105,-36.8621],[174.6112,-36.8616],[174.6115,-36.8619],[174.6119,-36.8616],[174.613,-36.8621],[174.6116,-36.8662],[174.6117,-36.867],[174.612,-36.8669],[174.6106,-36.8678],[174.6108,-36.8682],[174.6095,-36.8684],[174.6093,-36.8689],[174.6123,-36.8694],[174.6145,-36.8722],[174.6137,-36.8721],[174.6117,-36.8704],[174.6111,-36.8703],[174.6096,-36.8713],[174.6094,-36.8723],[174.6085,-36.8723],[174.6061,-36.8743],[174.6027,-36.8754],[174.6016,-36.8746],[174.6014,-36.8749],[174.5997,-36.8743],[174.6001,-36.876],[174.5944,-36.8769],[174.5941,-36.8754],[174.5928,-36.8756],[174.5925,-36.8742],[174.592,-36.8742],[174.5919,-36.8735],[174.5923,-36.8735],[174.5922,-36.8731],[174.5932,-36.873],[174.5934,-36.8726],[174.5927,-36.8721],[174.5924,-36.8724],[174.5913,-36.8722],[174.5913,-36.8717],[174.5903,-36.8718],[174.59,-36.8707],[174.5893,-36.8709],[174.5895,-36.8698],[174.5905,-36.8697],[174.5904,-36.8692],[174.5898,-36.8692],[174.5898,-36.8683],[174.59,-36.8676],[174.5912,-36.8675],[174.5908,-36.8657],[174.5919,-36.8655],[174.5917,-36.8643],[174.592,-36.8633],[174.594,-36.8625],[174.5945,-36.862],[174.5952,-36.8602],[174.5961,-36.8599],[174.5963,-36.8594],[174.5968,-36.8598],[174.5971,-36.8589],[174.5977,-36.859],[174.598,-36.8587],[174.5979,-36.857],[174.5985,-36.8567],[174.5983,-36.8563],[174.5986,-36.8562],[174.5981,-36.8559],[174.5979,-36.8553],[174.5956,-36.854]]]]}},{"type":"Feature","properties":{"name":"Saint Heliers","region":"East","population":12475,"lat":-36.85222,"lng":174.85764},"geometry":{"type":"MultiPolygon","coordinates":[[[[174.8697,-36.8454],[174.8695,-36.8457],[174.8701,-36.8458],[174.8701,-36.8462],[174.8698,-36.8461],[174.8694,-36.8465],[174.8699,-36.8464],[174.8705,-36.8479],[174.8704,-36.8483],[174.8701,-36.8483],[174.8706,-36.8489],[174.8706,-36.8499],[174.8711,-36.8501],[174.871,-36.8521],[174.8703,-36.8519],[174.8702,-36.8522],[174.8688,-36.8519],[174.8627,-36.8592],[174.8606,-36.8595],[174.8606,-36.8599],[174.8617,-36.8604],[174.861,-36.8629],[174.861,-36.8633],[174.8614,-36.8634],[174.861,-36.8635],[174.8603,-36.8655],[174.859,-36.8657],[174.8595,-36.8664],[174.8592,-36.8666],[174.8598,-36.8666],[174.8601,-36.867],[174.8599,-36.8674],[174.8604,-36.8674],[174.8608,-36.8682],[174.8612,-36.8683],[174.8606,-36.8687],[174.8605,-36.8693],[174.8592,-36.8694],[174.8589,-36.8699],[174.8583,-36.8701],[174.8568,-36.8699],[174.8568,-36.8691],[174.8564,-36.8693],[174.8561,-36.8688],[174.8558,-36.869],[174.8546,-36.8672],[174.8543,-36.8674],[174.8529,-36.8671],[174.8517,-36.8683],[174.8504,-36.8675],[174.8489,-36.8684],[174.8487,-36.8683],[174.8483,-36.8688],[174.8479,-36.8685],[174.8463,-36.8687],[174.8464,-36.8691],[174.8458,-36.8692],[174.846,-36.8698],[174.8481,-36.8705],[174.8476,-36.8714],[174.8491,-36.8717],[174.8511,-36.8729],[174.8489,-36.8725],[174.8457,-36.8708],[174.8454,-36.8711],[174.8451,-36.871],[174.8456,-36.8702],[174.8441,-36.8697],[174.8435,-36.8698],[174.8439,-36.8691],[174.8409,-36.868],[174.8408,-36.8682],[174.8378,-36.8667],[174.8384,-36.8657],[174.8404,-36.8648],[174.8406,-36.8651],[174.841,-36.865],[174.8408,-36.8647],[174.8413,-36.8642],[174.8408,-36.8639],[174.8428,-36.8633],[174.8432,-36.8636],[174.8443,-36.8633],[174.8455,-36.8624],[174.8463,-36.8596],[174.8458,-36.8594],[174.8459,-36.859],[174.8464,-36.8591],[174.8468,-36.8584],[174.8468,-36.857],[174.8479,-36.8538],[174.8468,-36.8534],[174.8467,-36.8522],[174.8477,-36.8507],[174.8491,-36.8501],[174.8508,-36.8498],[174.853,-36.8507],[174.8555,-36.8507],[174.8603,-36.8492],[174.8607,-36.8488],[174.861,-36.8469],[174.8614,-36.8468],[174.8627,-36.8443],[174.8633,-36.8442],[174.864,-36.8436],[174.8677,-36.8451],[174.8697,-36.8454]]]]}},{"type":"Feature","properties":{"name":"Saint Marys Bay","region":"Central","population":1655,"lat":-36.84158,"lng":174.747},"geometry":{"type":"MultiPolygon","coordinates":[[[[174.7504,-36.8453],[174.7481,-36.8484],[174.7464,-36.8476],[174.7466,-36.8474],[174.7457,-36.847],[174.7458,-36.8468],[174.7455,-36.8466],[174.7452,-36.8471],[174.7443,-36.8473],[174.7442,-36.8472],[174.7445,-36.8469],[174.7441,-36.8465],[174.7437,-36.8466],[174.7429,-36.8461],[174.7427,-36.8463],[174.7425,-36.8461],[174.7428,-36.8459],[174.7422,-36.8452],[174.7411,-36.845],[174.7408,-36.8447],[174.7411,-36.8435],[174.7418,-36.8431],[174.7422,-36.8432],[174.7424,-36.8428],[174.7419,-36.8426],[174.742,-36.8421],[174.7429,-36.8417],[174.7417,-36.841],[174.7421,-36.8405],[174.7417,-36.8401],[174.7418,-36.8379],[174.742,-36.8377],[174.7426,-36.838],[174.7426,-36.8384],[174.7455,-36.8401],[174.7472,-36.8403],[174.7476,-36.8397],[174.7486,-36.8398],[174.7485,-36.8402],[174.7476,-36.8407],[174.7461,-36.8407],[174.7459,-36.8412],[174.7472,-36.8422],[174.7493,-36.8428],[174.75,-36.8421],[174.751,-36.8424],[174.7512,-36.8437],[174.7519,-36.844],[174.7517,-36.8446],[174.7509,-36.8441],[174.7504,-36.8453]]]]}},{"type":"Feature","properties":{"name":"Sandringham","region":"Central","population":12775,"lat":-36.88624,"lng":174.73721},"geometry":{"type":"MultiPolygon","coordinates":[[[[174.7275,-36.8941],[174.7278,-36.8936],[174.726,-36.8927],[174.7256,-36.8917],[174.7276,-36.8916],[174.729,-36.8903],[174.7276,-36.8897],[174.7265,-36.8885],[174.7265,-36.8875],[174.7273,-36.8872],[174.7272,-36.8869],[174.7277,-36.8864],[174.7273,-36.8861],[174.7277,-36.8864],[174.7282,-36.8859],[174.7293,-36.8862],[174.7292,-36.8866],[174.7297,-36.8867],[174.7301,-36.8857],[174.7325,-36.8862],[174.7329,-36.8845],[174.7324,-36.8844],[174.7325,-36.8841],[174.7332,-36.8838],[174.7347,-36.8843],[174.735,-36.8835],[174.7355,-36.8837],[174.7359,-36.8826],[174.7345,-36.8823],[174.7351,-36.8805],[174.7345,-36.8801],[174.7349,-36.8796],[174.7354,-36.8797],[174.7363,-36.8778],[174.7379,-36.8778],[174.7385,-36.8766],[174.7387,-36.8766],[174.7388,-36.8757],[174.7403,-36.876],[174.7404,-36.8757],[174.741,-36.8756],[174.742,-36.8759],[174.7418,-36.8763],[174.7458,-36.8772],[174.7456,-36.8778],[174.7452,-36.8777],[174.745,-36.8781],[174.7455,-36.8781],[174.7441,-36.8824],[174.7446,-36.8828],[174.7442,-36.8834],[174.7438,-36.8833],[174.7431,-36.8856],[174.7436,-36.8857],[174.7432,-36.8866],[174.7428,-36.8865],[174.7405,-36.8937],[174.7402,-36.8938],[174.7404,-36.8939],[174.7382,-36.9007],[174.7371,-36.9014],[174.7347,-36.8996],[174.7335,-36.897],[174.7275,-36.8941]]]]}},{"type":"Feature","properties":{"name":"Schnapper Rock","region":"North","population":4264,"lat":-36.75725,"lng":174.68143},"geometry":{"type":"MultiPolygon","coordinates":[[[[174.6812,-36.7503],[174.6819,-36.7505],[174.682,-36.7508],[174.6817,-36.7508],[174.6824,-36.7511],[174.6842,-36.751],[174.6844,-36.7515],[174.6848,-36.7516],[174.6853,-36.7504],[174.6877,-36.7511],[174.6885,-36.749],[174.6922,-36.7506],[174.6938,-36.7504],[174.695,-36.7518],[174.6993,-36.7548],[174.7008,-36.7553],[174.7022,-36.7563],[174.7011,-36.7559],[174.6978,-36.7557],[174.6974,-36.7567],[174.6975,-36.7579],[174.6953,-36.7598],[174.6898,-36.7618],[174.6898,-36.7615],[174.6892,-36.761],[174.6864,-36.7612],[174.6847,-36.7621],[174.6844,-36.7628],[174.6819,-36.7634],[174.6804,-36.7633],[174.6789,-36.7627],[174.6779,-36.7609],[174.6769,-36.7598],[174.6759,-36.7593],[174.676,-36.7587],[174.677,-36.759],[174.6761,-36.7582],[174.6764,-36.7567],[174.6791,-36.7554],[174.6803,-36.7551],[174.6807,-36.7553],[174.6796,-36.7548],[174.6775,-36.7546],[174.6775,-36.7541],[174.6781,-36.7538],[174.6781,-36.7526],[174.6777,-36.7514],[174.6773,-36.7513],[174.6779,-36.7501],[174.6777,-36.7497],[174.6781,-36.7493],[174.6787,-36.7498],[174.6785,-36.75],[174.6795,-36.7502],[174.6797,-36.7506],[174.6812,-36.7503]]]]}},{"type":"Feature","properties":{"name":"Shamrock Park","region":"East","population":846,"lat":-36.92314,"lng":174.93071},"geometry":{"type":"MultiPolygon","coordinates":[[[[174.9233,-36.9219],[174.9235,-36.9214],[174.9253,-36.9205],[174.9253,-36.9197],[174.9262,-36.9201],[174.9272,-36.919],[174.9284,-36.9186],[174.9288,-36.9191],[174.929,-36.9188],[174.931,-36.92],[174.9314,-36.9195],[174.9317,-36.9198],[174.9314,-36.9203],[174.9327,-36.9211],[174.9328,-36.9214],[174.936,-36.9224],[174.9353,-36.9239],[174.9354,-36.9244],[174.9341,-36.9262],[174.9339,-36.9274],[174.9304,-36.9275],[174.9261,-36.9267],[174.9274,-36.9228],[174.9233,-36.9219]]]]}},{"type":"Feature","properties":{"name":"Shelly Park","region":"East","population":2220,"lat":-36.91051,"lng":174.94983},"geometry":{"type":"MultiPolygon","coordinates":[[[[174.9545,-36.9059],[174.9551,-36.9074],[174.9545,-36.9088],[174.9545,-36.9104],[174.9544,-36.9093],[174.9537,-36.9092],[174.9519,-36.9103],[174.9517,-36.9109],[174.9505,-36.9109],[174.9491,-36.9122],[174.9481,-36.9124],[174.9484,-36.9133],[174.9478,-36.9139],[174.9435,-36.9152],[174.9421,-36.9149],[174.9407,-36.9152],[174.9365,-36.9125],[174.9386,-36.9111],[174.94,-36.9128],[174.9426,-36.9116],[174.9416,-36.9093],[174.941,-36.9086],[174.9423,-36.9077],[174.942,-36.9072],[174.9427,-36.9065],[174.9433,-36.9066],[174.9448,-36.9057],[174.9468,-36.9036],[174.9478,-36.9031],[174.9479,-36.9025],[174.9485,-36.9022],[174.9497,-36.9037],[174.9494,-36.9041],[174.9501,-36.9047],[174.9505,-36.9044],[174.9522,-36.906],[174.9525,-36.9058],[174.9539,-36.9061],[174.9545,-36.9059]]]]}},{"type":"Feature","properties":{"name":"Somerville","region":"East","population":4134,"lat":-36.91529,"lng":174.93465},"geometry":{"type":"MultiPolygon","coordinates":[[[[174.9426,-36.9116],[174.94,-36.9128],[174.9386,-36.9111],[174.9365,-36.9125],[174.9408,-36.9153],[174.9405,-36.9159],[174.9383,-36.9177],[174.937,-36.9193],[174.936,-36.9224],[174.9328,-36.9214],[174.9327,-36.9211],[174.9314,-36.9203],[174.9317,-36.9198],[174.9314,-36.9195],[174.931,-36.92],[174.929,-36.9188],[174.9288,-36.9191],[174.9284,-36.9186],[174.928,-36.9187],[174.9281,-36.9185],[174.9275,-36.9182],[174.9279,-36.917],[174.9279,-36.9149],[174.9266,-36.9134],[174.9263,-36.9136],[174.9243,-36.9127],[174.9246,-36.9123],[174.9261,-36.9123],[174.9261,-36.912],[174.9266,-36.9119],[174.9268,-36.9112],[174.9285,-36.9097],[174.9284,-36.9094],[174.9287,-36.9096],[174.9313,-36.9069],[174.9327,-36.9079],[174.935,-36.9059],[174.9369,-36.9072],[174.9366,-36.9074],[174.9389,-36.9097],[174.9408,-36.9084],[174.9416,-36.9093],[174.9426,-36.9116]]]]}},{"type":"Feature","properties":{"name":"St Johns","region":"East","population":6859,"lat":-36.8776,"lng":174.83669},"geometry":{"type":"MultiPolygon","coordinates":[[[[174.843,-36.8696],[174.8456,-36.8702],[174.8451,-36.871],[174.8454,-36.8711],[174.8457,-36.8708],[174.8509,-36.8739],[174.8521,-36.8753],[174.8528,-36.8776],[174.8529,-36.88],[174.8528,-36.8803],[174.8522,-36.8804],[174.8551,-36.8809],[174.8557,-36.8839],[174.8557,-36.886],[174.8532,-36.8933],[174.852,-36.8929],[174.8513,-36.893],[174.8512,-36.8926],[174.8504,-36.8928],[174.8501,-36.8915],[174.8467,-36.8899],[174.8481,-36.8894],[174.8485,-36.8889],[174.8473,-36.8876],[174.846,-36.8876],[174.8454,-36.887],[174.8457,-36.8868],[174.8452,-36.8866],[174.8453,-36.8862],[174.8413,-36.8834],[174.8406,-36.8821],[174.8421,-36.8805],[174.8411,-36.8798],[174.8399,-36.8799],[174.8385,-36.8821],[174.8373,-36.8831],[174.8369,-36.8828],[174.8339,-36.8835],[174.8316,-36.885],[174.8311,-36.8843],[174.8327,-36.8805],[174.8351,-36.8808],[174.8347,-36.8815],[174.835,-36.8821],[174.8356,-36.8822],[174.8374,-36.8803],[174.8385,-36.878],[174.8372,-36.8777],[174.836,-36.8784],[174.8353,-36.8798],[174.8348,-36.8798],[174.8329,-36.8788],[174.8331,-36.8782],[174.8357,-36.8762],[174.8337,-36.8754],[174.832,-36.877],[174.8314,-36.877],[174.8305,-36.8777],[174.8297,-36.8768],[174.8274,-36.877],[174.8262,-36.8776],[174.8256,-36.8771],[174.826,-36.8769],[174.8258,-36.8762],[174.8261,-36.8759],[174.8274,-36.8756],[174.827,-36.8752],[174.8274,-36.875],[174.8271,-36.8747],[174.8275,-36.8746],[174.8279,-36.8741],[174.8276,-36.874],[174.8276,-36.8734],[174.828,-36.8736],[174.8283,-36.8731],[174.829,-36.8735],[174.8293,-36.873],[174.831,-36.8726],[174.831,-36.8706],[174.8317,-36.8705],[174.8315,-36.8725],[174.832,-36.8723],[174.8321,-36.8727],[174.8326,-36.8727],[174.833,-36.8721],[174.8361,-36.8724],[174.8358,-36.873],[174.8363,-36.8731],[174.837,-36.8729],[174.8371,-36.8725],[174.8379,-36.8725],[174.8383,-36.8715],[174.8396,-36.8719],[174.8394,-36.8722],[174.8398,-36.8721],[174.841,-36.871],[174.8411,-36.8705],[174.8417,-36.8704],[174.8421,-36.8708],[174.8424,-36.8721],[174.8429,-36.8718],[174.8439,-36.872],[174.8442,-36.8716],[174.8433,-36.871],[174.843,-36.8696]]]]}},{"type":"Feature","properties":{"name":"Stanley Point","region":"North","population":1940,"lat":-36.82734,"lng":174.77797},"geometry":{"type":"MultiPolygon","coordinates":[[[[174.7892,-36.8232],[174.7922,-36.8257],[174.7918,-36.826],[174.7911,-36.8259],[174.7913,-36.829],[174.7915,-36.829],[174.7916,-36.8296],[174.7912,-36.8308],[174.7887,-36.8307],[174.7885,-36.8316],[174.7886,-36.8307],[174.7871,-36.8308],[174.788,-36.8321],[174.787,-36.8309],[174.7865,-36.8314],[174.7862,-36.8325],[174.7826,-36.8318],[174.7828,-36.8311],[174.7854,-36.8316],[174.7857,-36.8312],[174.7809,-36.8295],[174.7816,-36.8278],[174.7811,-36.8268],[174.7785,-36.8268],[174.7778,-36.8272],[174.7773,-36.8283],[174.7735,-36.8294],[174.7728,-36.8293],[174.7721,-36.8279],[174.774,-36.8271],[174.7739,-36.8261],[174.7746,-36.8251],[174.7767,-36.8245],[174.7795,-36.825],[174.7802,-36.8255],[174.7801,-36.8237],[174.7855,-36.8209],[174.7887,-36.8232],[174.7892,-36.8232]]]]}},{"type":"Feature","properties":{"name":"Stonefields","region":"East","population":4245,"lat":-36.88724,"lng":174.84095},"geometry":{"type":"MultiPolygon","coordinates":[[[[174.8485,-36.8889],[174.8481,-36.8894],[174.8443,-36.8908],[174.8438,-36.8914],[174.8431,-36.8911],[174.8425,-36.8914],[174.8423,-36.8909],[174.8419,-36.8909],[174.842,-36.8919],[174.841,-36.8924],[174.8391,-36.8913],[174.838,-36.8926],[174.835,-36.8908],[174.8338,-36.8897],[174.8339,-36.8878],[174.8332,-36.8868],[174.8385,-36.8821],[174.8399,-36.8799],[174.8411,-36.8798],[174.8421,-36.8805],[174.8406,-36.8821],[174.8413,-36.8834],[174.8453,-36.8862],[174.8452,-36.8866],[174.8457,-36.8868],[174.8454,-36.887],[174.846,-36.8876],[174.8473,-36.8876],[174.8485,-36.8889]]]]}},{"type":"Feature","properties":{"name":"Sunnyhills","region":"East","population":5111,"lat":-36.90028,"lng":174.88325},"geometry":{"type":"MultiPolygon","coordinates":[[[[174.8793,-36.896],[174.8798,-36.8959],[174.8797,-36.8961],[174.8803,-36.8963],[174.8819,-36.898],[174.8831,-36.8979],[174.8838,-36.898],[174.8836,-36.8983],[174.8848,-36.8985],[174.8851,-36.8973],[174.8867,-36.8971],[174.8871,-36.8964],[174.888,-36.8964],[174.8891,-36.8971],[174.8897,-36.8969],[174.8901,-36.8974],[174.8911,-36.8975],[174.8911,-36.8972],[174.8919,-36.8973],[174.8918,-36.8976],[174.8923,-36.8974],[174.8941,-36.898],[174.8946,-36.8976],[174.8956,-36.898],[174.8951,-36.8997],[174.8978,-36.899],[174.8988,-36.9002],[174.8981,-36.9007],[174.8984,-36.901],[174.8979,-36.9013],[174.896,-36.9],[174.8952,-36.9008],[174.8966,-36.9017],[174.8952,-36.9027],[174.8957,-36.9028],[174.8954,-36.9031],[174.894,-36.9028],[174.8943,-36.9034],[174.8934,-36.9038],[174.8926,-36.9036],[174.8929,-36.9041],[174.8922,-36.9046],[174.8918,-36.9042],[174.8913,-36.9044],[174.8907,-36.9037],[174.8904,-36.905],[174.8896,-36.9053],[174.8869,-36.905],[174.8867,-36.9053],[174.887,-36.9055],[174.8863,-36.9058],[174.8867,-36.9063],[174.886,-36.9065],[174.8862,-36.9069],[174.8846,-36.9079],[174.8844,-36.9076],[174.8827,-36.9073],[174.8828,-36.9069],[174.8825,-36.9068],[174.8824,-36.9072],[174.8817,-36.907],[174.8818,-36.9067],[174.8805,-36.9065],[174.8807,-36.906],[174.876,-36.9051],[174.8765,-36.9022],[174.8787,-36.9005],[174.8781,-36.8992],[174.8784,-36.8988],[174.8772,-36.8978],[174.8781,-36.896],[174.8793,-36.896]]]]}},{"type":"Feature","properties":{"name":"Sunnynook","region":"North","population":5610,"lat":-36.75226,"lng":174.73881},"geometry":{"type":"MultiPolygon","coordinates":[[[[174.7465,-36.7487],[174.7473,-36.751],[174.7438,-36.7545],[174.7439,-36.7559],[174.7418,-36.7577],[174.7406,-36.7602],[174.7379,-36.762],[174.7357,-36.7595],[174.7284,-36.7533],[174.7291,-36.7526],[174.7322,-36.7521],[174.7383,-36.7492],[174.7401,-36.7463],[174.7411,-36.7471],[174.7442,-36.747],[174.7456,-36.7474],[174.7462,-36.7477],[174.7465,-36.7487]]]]}},{"type":"Feature","properties":{"name":"Sunnyvale","region":"West","population":5805,"lat":-36.9,"lng":174.631},"geometry":{"type":"MultiPolygon","coordinates":[[[[174.6454,-36.8967],[174.646,-36.896],[174.6482,-36.8974],[174.6462,-36.8975],[174.6462,-36.898],[174.6455,-36.8987],[174.6439,-36.8995],[174.644,-36.9006],[174.6435,-36.9022],[174.6427,-36.9026],[174.6419,-36.9026],[174.6419,-36.9009],[174.6415,-36.9007],[174.6378,-36.9047],[174.6355,-36.9041],[174.635,-36.9029],[174.6345,-36.903],[174.6333,-36.9016],[174.6334,-36.9004],[174.633,-36.901],[174.6319,-36.9008],[174.6316,-36.9018],[174.6303,-36.9016],[174.6301,-36.9018],[174.6306,-36.9021],[174.6287,-36.9039],[174.6283,-36.9036],[174.6281,-36.9038],[174.6286,-36.904],[174.6283,-36.9044],[174.6277,-36.9043],[174.6267,-36.9053],[174.6264,-36.9054],[174.625,-36.9049],[174.6255,-36.9018],[174.6273,-36.8998],[174.6286,-36.8994],[174.6288,-36.8982],[174.6295,-36.8982],[174.6305,-36.897],[174.6311,-36.897],[174.6322,-36.8954],[174.6323,-36.8941],[174.6327,-36.8934],[174.6419,-36.8918],[174.6423,-36.8932],[174.6442,-36.8932],[174.6443,-36.8937],[174.6446,-36.8936],[174.6447,-36.894],[174.6442,-36.8943],[174.6443,-36.8947],[174.6437,-36.8948],[174.6437,-36.8954],[174.6441,-36.8958],[174.6439,-36.896],[174.6454,-36.8967]]]]}},{"type":"Feature","properties":{"name":"Swanson","region":"West","population":5977,"lat":-36.88418,"lng":174.57984},"geometry":{"type":"MultiPolygon","coordinates":[[[[174.5692,-36.849],[174.5746,-36.85],[174.5788,-36.8499],[174.5789,-36.8509],[174.5814,-36.8508],[174.5817,-36.8551],[174.5843,-36.854],[174.5855,-36.8574],[174.5859,-36.8572],[174.5862,-36.8562],[174.5885,-36.8556],[174.588,-36.8548],[174.5905,-36.8542],[174.5904,-36.8538],[174.5944,-36.8528],[174.5944,-36.8535],[174.5979,-36.8553],[174.5981,-36.8559],[174.5986,-36.8562],[174.5983,-36.8563],[174.5985,-36.8567],[174.5979,-36.857],[174.5982,-36.8572],[174.5978,-36.8589],[174.5971,-36.8589],[174.5968,-36.8598],[174.5963,-36.8594],[174.5961,-36.8599],[174.5952,-36.8602],[174.5945,-36.862],[174.594,-36.8625],[174.592,-36.8633],[174.5917,-36.8643],[174.5919,-36.8655],[174.5908,-36.8657],[174.5912,-36.8675],[174.59,-36.8676],[174.5898,-36.8683],[174.5898,-36.8692],[174.5904,-36.8692],[174.5905,-36.8697],[174.5895,-36.8698],[174.5893,-36.8709],[174.59,-36.8707],[174.5903,-36.8718],[174.5913,-36.8717],[174.5913,-36.8722],[174.5924,-36.8724],[174.5927,-36.8721],[174.5934,-36.8726],[174.5932,-36.873],[174.5922,-36.8731],[174.5923,-36.8735],[174.5919,-36.8735],[174.592,-36.8742],[174.5925,-36.8742],[174.5928,-36.8756],[174.5907,-36.8759],[174.5907,-36.8763],[174.5875,-36.8768],[174.5875,-36.8773],[174.5864,-36.8786],[174.5863,-36.8798],[174.5866,-36.8804],[174.5861,-36.8814],[174.5861,-36.8823],[174.5866,-36.8837],[174.5865,-36.884],[174.5836,-36.8833],[174.5835,-36.8849],[174.5825,-36.8852],[174.5835,-36.8876],[174.5792,-36.8886],[174.5791,-36.8893],[174.5767,-36.8908],[174.584,-36.8987],[174.5835,-36.899],[174.5827,-36.8992],[174.5819,-36.8987],[174.5811,-36.899],[174.5796,-36.8986],[174.5781,-36.9001],[174.5777,-36.8998],[174.5778,-36.899],[174.5762,-36.8997],[174.5752,-36.8996],[174.5751,-36.8994],[174.5757,-36.8992],[174.5748,-36.8979],[174.5745,-36.898],[174.5742,-36.8987],[174.5739,-36.8988],[174.5735,-36.8979],[174.5726,-36.898],[174.5724,-36.8971],[174.5716,-36.8969],[174.5712,-36.8977],[174.5701,-36.8973],[174.5702,-36.8983],[174.5696,-36.8982],[174.5694,-36.8989],[174.5692,-36.8983],[174.5687,-36.8982],[174.5682,-36.8989],[174.5674,-36.8985],[174.5662,-36.8988],[174.5669,-36.8979],[174.5663,-36.8976],[174.5654,-36.8981],[174.565,-36.8974],[174.5646,-36.8976],[174.5644,-36.897],[174.5637,-36.897],[174.5556,-36.8883],[174.559,-36.8858],[174.5511,-36.883],[174.5434,-36.8871],[174.5429,-36.8864],[174.5413,-36.8856],[174.5401,-36.8837],[174.5396,-36.8838],[174.538,-36.8822],[174.5379,-36.8819],[174.5384,-36.8813],[174.5382,-36.8815],[174.537,-36.8792],[174.5352,-36.8778],[174.5362,-36.8772],[174.5377,-36.8782],[174.542,-36.8786],[174.5392,-36.8773],[174.5401,-36.8743],[174.5513,-36.8686],[174.5518,-36.8657],[174.5507,-36.865],[174.55,-36.8651],[174.5466,-36.861],[174.55,-36.8589],[174.5525,-36.8619],[174.5634,-36.8644],[174.5645,-36.8656],[174.5662,-36.8651],[174.5652,-36.8649],[174.5653,-36.8645],[174.5647,-36.8643],[174.5639,-36.863],[174.5611,-36.8617],[174.5599,-36.8617],[174.5599,-36.8583],[174.5647,-36.8583],[174.565,-36.8575],[174.5666,-36.8575],[174.5666,-36.8582],[174.5687,-36.8582],[174.5692,-36.849]]]]}},{"type":"Feature","properties":{"name":"Takanini","region":"South","population":18644,"lat":-37.04528,"lng":174.91948},"geometry":{"type":"MultiPolygon","coordinates":[[[[174.9228,-37.0496],[174.9219,-37.0482],[174.9207,-37.0478],[174.9213,-37.0465],[174.9219,-37.0462],[174.921,-37.0454],[174.9205,-37.0457],[174.9209,-37.0453],[174.9206,-37.045],[174.921,-37.0447],[174.9205,-37.0444],[174.9194,-37.0449],[174.9188,-37.0444],[174.9191,-37.0442],[174.9188,-37.0439],[174.9193,-37.0435],[174.9179,-37.0428],[174.9181,-37.0426],[174.9171,-37.0418],[174.9158,-37.042],[174.9161,-37.0415],[174.9152,-37.0408],[174.9155,-37.0406],[174.9148,-37.0401],[174.9146,-37.0403],[174.9139,-37.0398],[174.9141,-37.0396],[174.912,-37.0381],[174.9116,-37.0382],[174.9106,-37.0391],[174.9098,-37.039],[174.909,-37.0378],[174.9066,-37.0398],[174.905,-37.0415],[174.9037,-37.0444],[174.9026,-37.0443],[174.9011,-37.0453],[174.8996,-37.0429],[174.8997,-37.0413],[174.9019,-37.0396],[174.9021,-37.0394],[174.9016,-37.0385],[174.9028,-37.0381],[174.9037,-37.0366],[174.9052,-37.0365],[174.9054,-37.0351],[174.9065,-37.0345],[174.9069,-37.0337],[174.9066,-37.0334],[174.9074,-37.0332],[174.9083,-37.0333],[174.9098,-37.0342],[174.9097,-37.0316],[174.9108,-37.0321],[174.9138,-37.0314],[174.9185,-37.0264],[174.9195,-37.0263],[174.9232,-37.0282],[174.9262,-37.0277],[174.9265,-37.0255],[174.9274,-37.0249],[174.9269,-37.024],[174.9275,-37.0236],[174.9281,-37.0238],[174.9282,-37.0232],[174.9294,-37.0236],[174.9315,-37.0226],[174.9327,-37.0234],[174.9326,-37.0226],[174.9316,-37.0205],[174.9399,-37.0179],[174.9394,-37.0168],[174.9396,-37.0167],[174.9399,-37.0172],[174.9414,-37.0169],[174.9416,-37.0174],[174.9457,-37.0161],[174.9449,-37.0147],[174.947,-37.0183],[174.9498,-37.0175],[174.9519,-37.022],[174.9566,-37.0206],[174.9544,-37.016],[174.9584,-37.0148],[174.9604,-37.0191],[174.9595,-37.0169],[174.9619,-37.0162],[174.9626,-37.0184],[174.9662,-37.0166],[174.9687,-37.0197],[174.9618,-37.0219],[174.9627,-37.0238],[174.9492,-37.0279],[174.9502,-37.0302],[174.9488,-37.0305],[174.9497,-37.033],[174.948,-37.0337],[174.9484,-37.0336],[174.9486,-37.034],[174.9482,-37.0341],[174.9484,-37.0346],[174.9506,-37.0339],[174.9518,-37.0364],[174.9497,-37.0371],[174.9513,-37.0404],[174.9517,-37.0405],[174.9516,-37.041],[174.9532,-37.0446],[174.9487,-37.0459],[174.9479,-37.0444],[174.938,-37.0475],[174.9384,-37.0484],[174.9376,-37.0487],[174.9371,-37.0477],[174.9347,-37.0485],[174.9351,-37.0493],[174.9347,-37.0495],[174.9343,-37.0491],[174.9345,-37.0495],[174.9332,-37.05],[174.9373,-37.0538],[174.9344,-37.0546],[174.9337,-37.0539],[174.9329,-37.0544],[174.9325,-37.0541],[174.9307,-37.0547],[174.9295,-37.0539],[174.928,-37.0546],[174.9269,-37.0541],[174.9263,-37.0528],[174.9259,-37.0535],[174.9248,-37.0539],[174.9249,-37.0546],[174.9239,-37.055],[174.924,-37.0555],[174.9228,-37.0572],[174.9223,-37.0573],[174.9216,-37.0567],[174.9233,-37.0593],[174.9229,-37.0596],[174.9203,-37.0563],[174.9188,-37.0555],[174.9183,-37.0541],[174.9185,-37.0532],[174.9178,-37.0522],[174.9182,-37.052],[174.9192,-37.0531],[174.9201,-37.0526],[174.9212,-37.051],[174.922,-37.0506],[174.9236,-37.0508],[174.9244,-37.05],[174.9228,-37.0496]]]]}},{"type":"Feature","properties":{"name":"Takapuna","region":"North","population":8660,"lat":-36.7852,"lng":174.77487},"geometry":{"type":"MultiPolygon","coordinates":[[[[174.753,-36.7827],[174.7534,-36.782],[174.7563,-36.7792],[174.7582,-36.7805],[174.759,-36.7806],[174.7593,-36.7803],[174.76,-36.7815],[174.7599,-36.7818],[174.7592,-36.7821],[174.7593,-36.7826],[174.758,-36.7837],[174.758,-36.7839],[174.7604,-36.7824],[174.7609,-36.7838],[174.7625,-36.7849],[174.7644,-36.7859],[174.7666,-36.7857],[174.769,-36.7835],[174.7726,-36.7818],[174.7728,-36.7809],[174.7725,-36.78],[174.7741,-36.7773],[174.7726,-36.7761],[174.774,-36.7722],[174.776,-36.7735],[174.7758,-36.7747],[174.7762,-36.7754],[174.7766,-36.7753],[174.7759,-36.7761],[174.7763,-36.7766],[174.7765,-36.7783],[174.7775,-36.7786],[174.778,-36.7795],[174.7769,-36.7808],[174.7771,-36.7827],[174.7769,-36.7832],[174.7758,-36.7845],[174.7753,-36.7845],[174.775,-36.7851],[174.7749,-36.7862],[174.7755,-36.7877],[174.7753,-36.7879],[174.7776,-36.7904],[174.7794,-36.7917],[174.7802,-36.7927],[174.7776,-36.7958],[174.7769,-36.795],[174.7728,-36.7971],[174.7706,-36.796],[174.7695,-36.7964],[174.7693,-36.7972],[174.7681,-36.7973],[174.7677,-36.7968],[174.7678,-36.7962],[174.7643,-36.7981],[174.763,-36.7991],[174.7622,-36.8006],[174.7615,-36.7986],[174.7632,-36.7977],[174.7601,-36.7959],[174.7562,-36.7931],[174.7476,-36.7799],[174.75,-36.7801],[174.753,-36.7827]]],[[[174.7683,-36.7932],[174.7676,-36.7929],[174.7673,-36.7919],[174.7683,-36.7914],[174.7676,-36.7912],[174.7668,-36.7904],[174.7661,-36.7922],[174.7667,-36.7933],[174.7661,-36.7943],[174.767,-36.7948],[174.7668,-36.796],[174.7693,-36.7956],[174.7704,-36.7949],[174.7693,-36.7946],[174.7698,-36.7933],[174.7683,-36.7932]]]]}},{"type":"Feature","properties":{"name":"Te Atat\u016b Peninsula","region":"West","population":15270,"lat":-36.83908,"lng":174.65081},"geometry":{"type":"MultiPolygon","coordinates":[[[[174.6569,-36.8591],[174.6568,-36.8595],[174.6539,-36.8585],[174.6524,-36.859],[174.6522,-36.8577],[174.6441,-36.8546],[174.6402,-36.8526],[174.6404,-36.8524],[174.642,-36.8531],[174.6424,-36.853],[174.6433,-36.8538],[174.6439,-36.8535],[174.6453,-36.854],[174.6452,-36.8536],[174.6432,-36.8524],[174.6432,-36.8506],[174.6446,-36.8502],[174.6446,-36.8489],[174.6438,-36.8479],[174.6442,-36.8473],[174.6438,-36.8472],[174.6447,-36.8458],[174.6437,-36.8438],[174.6439,-36.8432],[174.6432,-36.8435],[174.6419,-36.8426],[174.6408,-36.8424],[174.6387,-36.8428],[174.6379,-36.8433],[174.6352,-36.8433],[174.6328,-36.8427],[174.6326,-36.8424],[174.6324,-36.8398],[174.6338,-36.8384],[174.6376,-36.8378],[174.6389,-36.8364],[174.64,-36.836],[174.6404,-36.8341],[174.6411,-36.8331],[174.6445,-36.8337],[174.6449,-36.8335],[174.6439,-36.8332],[174.6431,-36.8323],[174.6424,-36.832],[174.6432,-36.8309],[174.6428,-36.83],[174.6435,-36.8283],[174.6431,-36.828],[174.6433,-36.8278],[174.643,-36.8271],[174.6433,-36.8263],[174.644,-36.8255],[174.6441,-36.8258],[174.6445,-36.8253],[174.645,-36.8255],[174.6466,-36.8246],[174.6475,-36.8245],[174.648,-36.8249],[174.6481,-36.8244],[174.6487,-36.8243],[174.6502,-36.8246],[174.6517,-36.8272],[174.6526,-36.8278],[174.6529,-36.8284],[174.6527,-36.8292],[174.6531,-36.829],[174.6532,-36.8293],[174.6529,-36.8299],[174.6532,-36.8294],[174.6535,-36.8299],[174.6534,-36.8286],[174.6526,-36.8265],[174.6539,-36.8268],[174.6542,-36.8277],[174.6549,-36.8282],[174.6573,-36.8289],[174.6602,-36.8307],[174.6615,-36.8322],[174.6622,-36.8343],[174.6619,-36.8403],[174.6608,-36.8425],[174.6607,-36.8423],[174.6601,-36.843],[174.6594,-36.8448],[174.6595,-36.8452],[174.6587,-36.8457],[174.6586,-36.8469],[174.6571,-36.8496],[174.6572,-36.8503],[174.6566,-36.8507],[174.6565,-36.8521],[174.6568,-36.8535],[174.6566,-36.8549],[174.657,-36.856],[174.6567,-36.856],[174.657,-36.8569],[174.6569,-36.8591]]]]}},{"type":"Feature","properties":{"name":"Te Atat\u016b South","region":"West","population":16965,"lat":-36.87099,"lng":174.65285},"geometry":{"type":"MultiPolygon","coordinates":[[[[174.6436,-36.8544],[174.6522,-36.8577],[174.6524,-36.859],[174.6539,-36.8585],[174.6568,-36.8595],[174.6569,-36.8608],[174.6561,-36.861],[174.6568,-36.8611],[174.6567,-36.8629],[174.6561,-36.863],[174.6556,-36.862],[174.656,-36.8631],[174.6557,-36.864],[174.6547,-36.8642],[174.6542,-36.8638],[174.6542,-36.8633],[174.6533,-36.8632],[174.6531,-36.8634],[174.6535,-36.8646],[174.6523,-36.8655],[174.6516,-36.8656],[174.654,-36.8659],[174.6547,-36.8663],[174.6547,-36.867],[174.6529,-36.8682],[174.6544,-36.8683],[174.6554,-36.8692],[174.6557,-36.8704],[174.655,-36.8706],[174.6548,-36.871],[174.6552,-36.8708],[174.6558,-36.8712],[174.6559,-36.872],[174.6547,-36.8725],[174.6544,-36.8734],[174.653,-36.8731],[174.6517,-36.8734],[174.653,-36.8732],[174.6549,-36.8742],[174.6557,-36.8736],[174.6574,-36.8735],[174.6577,-36.875],[174.6574,-36.8757],[174.657,-36.8759],[174.658,-36.8773],[174.6551,-36.8778],[174.6551,-36.8782],[174.6546,-36.8783],[174.6559,-36.8785],[174.657,-36.8791],[174.6567,-36.8795],[174.6561,-36.8795],[174.6563,-36.88],[174.6554,-36.8811],[174.6539,-36.882],[174.6546,-36.8821],[174.6545,-36.8831],[174.6536,-36.8852],[174.6518,-36.8845],[174.6512,-36.8856],[174.6508,-36.8856],[174.651,-36.886],[174.6507,-36.8861],[174.6506,-36.8858],[174.6494,-36.8856],[174.648,-36.8857],[174.6482,-36.8862],[174.6455,-36.8864],[174.6444,-36.8861],[174.6443,-36.8852],[174.6446,-36.8852],[174.645,-36.8842],[174.6447,-36.8842],[174.6447,-36.884],[174.645,-36.8838],[174.6444,-36.8834],[174.6445,-36.8831],[174.6452,-36.8831],[174.6455,-36.8802],[174.6441,-36.88],[174.644,-36.8797],[174.6436,-36.8795],[174.6438,-36.8788],[174.64,-36.877],[174.6426,-36.8744],[174.636,-36.8699],[174.6367,-36.8693],[174.6369,-36.8678],[174.6362,-36.864],[174.6369,-36.8639],[174.639,-36.8623],[174.6387,-36.8587],[174.639,-36.8584],[174.6389,-36.858],[174.64,-36.8567],[174.6405,-36.8567],[174.6404,-36.8571],[174.6404,-36.8564],[174.6414,-36.8544],[174.6414,-36.8534],[174.6436,-36.8544]]]]}},{"type":"Feature","properties":{"name":"The Gardens","region":"South","population":3761,"lat":-37.00591,"lng":174.90833},"geometry":{"type":"MultiPolygon","coordinates":[[[[174.9155,-36.9895],[174.9171,-36.9913],[174.9174,-36.993],[174.9183,-36.9947],[174.917,-36.9956],[174.9173,-36.996],[174.9165,-36.997],[174.9171,-36.9968],[174.9194,-37.001],[174.9212,-37.0003],[174.9221,-37.0018],[174.9233,-37.0008],[174.9243,-37.0004],[174.9246,-37.0006],[174.9248,-37.0002],[174.9261,-37.0008],[174.9261,-37.001],[174.9255,-37.0012],[174.9264,-37.0012],[174.9263,-37.0017],[174.9257,-37.0019],[174.9254,-37.0026],[174.926,-37.003],[174.9264,-37.0027],[174.9267,-37.003],[174.9269,-37.0025],[174.9277,-37.0048],[174.9255,-37.0064],[174.9257,-37.007],[174.9245,-37.0081],[174.9261,-37.01],[174.9246,-37.0105],[174.9234,-37.0082],[174.92,-37.0094],[174.9198,-37.0091],[174.9188,-37.0098],[174.9184,-37.0091],[174.9175,-37.0087],[174.9159,-37.0096],[174.9161,-37.0099],[174.9152,-37.0106],[174.9154,-37.011],[174.9145,-37.0113],[174.9142,-37.0108],[174.9134,-37.011],[174.9137,-37.0115],[174.9129,-37.0117],[174.9131,-37.0121],[174.9113,-37.0127],[174.9108,-37.0119],[174.9092,-37.0125],[174.9097,-37.0133],[174.9065,-37.0144],[174.9095,-37.0193],[174.909,-37.0195],[174.9068,-37.0164],[174.9053,-37.0136],[174.9047,-37.014],[174.9045,-37.0137],[174.905,-37.0132],[174.904,-37.0111],[174.9024,-37.0097],[174.898,-37.0068],[174.9035,-37.0058],[174.9033,-37.005],[174.9078,-37.0034],[174.9071,-37.0021],[174.9063,-37.0018],[174.9053,-37.0],[174.9065,-36.9977],[174.9051,-36.9949],[174.9047,-36.9926],[174.9031,-36.9912],[174.9032,-36.9905],[174.9046,-36.9904],[174.9045,-36.9891],[174.9065,-36.9888],[174.908,-36.9915],[174.9087,-36.9905],[174.9098,-36.9906],[174.9098,-36.9902],[174.9104,-36.9903],[174.9104,-36.9888],[174.9123,-36.9888],[174.914,-36.9895],[174.9155,-36.9895]]]]}},{"type":"Feature","properties":{"name":"Three Kings","region":"South","population":3009,"lat":-36.90845,"lng":174.75701},"geometry":{"type":"MultiPolygon","coordinates":[[[[174.7619,-36.9042],[174.7614,-36.9041],[174.761,-36.9055],[174.7614,-36.9056],[174.7613,-36.9062],[174.7608,-36.9061],[174.7604,-36.9075],[174.7608,-36.9075],[174.7604,-36.9091],[174.7611,-36.9092],[174.7595,-36.911],[174.7593,-36.9108],[174.758,-36.9117],[174.7585,-36.9121],[174.7579,-36.9127],[174.7594,-36.9133],[174.7591,-36.9139],[174.7595,-36.9144],[174.7594,-36.9147],[174.7589,-36.9146],[174.758,-36.9167],[174.7557,-36.9162],[174.7554,-36.9165],[174.7533,-36.9152],[174.7535,-36.915],[174.7531,-36.9148],[174.7516,-36.9142],[174.7515,-36.9145],[174.7504,-36.9142],[174.7515,-36.9133],[174.7523,-36.9134],[174.7535,-36.9119],[174.754,-36.9123],[174.7535,-36.9119],[174.7537,-36.9116],[174.7544,-36.912],[174.7549,-36.9114],[174.7543,-36.9107],[174.7549,-36.9102],[174.7544,-36.9095],[174.7551,-36.9077],[174.7542,-36.9073],[174.7567,-36.8997],[174.7563,-36.8994],[174.7566,-36.8993],[174.7566,-36.8987],[174.7578,-36.8993],[174.7585,-36.8991],[174.7585,-36.8994],[174.7601,-36.9001],[174.7601,-36.9014],[174.7616,-36.9033],[174.7614,-36.9041],[174.7619,-36.9042]]]]}},{"type":"Feature","properties":{"name":"Titirangi","region":"West","population":15938,"lat":-36.95159,"lng":174.6524},"geometry":{"type":"MultiPolygon","coordinates":[[[[174.6757,-36.9266],[174.6757,-36.9272],[174.6747,-36.9274],[174.6743,-36.9272],[174.6731,-36.9274],[174.6722,-36.927],[174.6723,-36.9267],[174.6716,-36.9267],[174.6689,-36.9324],[174.6683,-36.9325],[174.6682,-36.9331],[174.6674,-36.9334],[174.6682,-36.9348],[174.6667,-36.9357],[174.6653,-36.9349],[174.663,-36.9359],[174.6634,-36.9364],[174.6627,-36.9366],[174.6643,-36.9384],[174.6636,-36.9388],[174.6637,-36.9398],[174.6652,-36.9394],[174.6648,-36.939],[174.6659,-36.9381],[174.6656,-36.9377],[174.6675,-36.9369],[174.6679,-36.9364],[174.6688,-36.9369],[174.6706,-36.9371],[174.6708,-36.9375],[174.6706,-36.938],[174.6715,-36.9402],[174.6695,-36.9403],[174.6689,-36.9413],[174.6693,-36.9436],[174.6685,-36.9438],[174.6679,-36.9434],[174.6674,-36.9438],[174.6667,-36.9436],[174.6654,-36.9439],[174.6651,-36.9442],[174.6654,-36.9444],[174.665,-36.9443],[174.6657,-36.946],[174.6688,-36.9472],[174.669,-36.9476],[174.6682,-36.9484],[174.6679,-36.9481],[174.6664,-36.9485],[174.666,-36.9488],[174.6663,-36.949],[174.666,-36.9488],[174.6654,-36.9491],[174.6661,-36.9498],[174.6658,-36.9498],[174.666,-36.9502],[174.6656,-36.9507],[174.6656,-36.9515],[174.6652,-36.9517],[174.6645,-36.9548],[174.6639,-36.9548],[174.6631,-36.9543],[174.6625,-36.9529],[174.6614,-36.9522],[174.6608,-36.9511],[174.6594,-36.9508],[174.6589,-36.9513],[174.6591,-36.9521],[174.6578,-36.9561],[174.6569,-36.9564],[174.6567,-36.9559],[174.6549,-36.9561],[174.6544,-36.9572],[174.6548,-36.9589],[174.6534,-36.9602],[174.6538,-36.9613],[174.6529,-36.9618],[174.6526,-36.9631],[174.6522,-36.963],[174.6525,-36.9634],[174.6521,-36.9631],[174.6516,-36.9642],[174.65,-36.9648],[174.6498,-36.964],[174.6488,-36.9637],[174.6488,-36.9634],[174.6482,-36.9631],[174.6473,-36.9607],[174.6474,-36.959],[174.6469,-36.9583],[174.647,-36.9574],[174.6458,-36.9568],[174.647,-36.9571],[174.6468,-36.9556],[174.6474,-36.9563],[174.6486,-36.9554],[174.6482,-36.9549],[174.6485,-36.9547],[174.6485,-36.9539],[174.6478,-36.9539],[174.6474,-36.9534],[174.6474,-36.9527],[174.648,-36.9517],[174.6472,-36.9514],[174.6464,-36.95],[174.6461,-36.9512],[174.6457,-36.9512],[174.6457,-36.9525],[174.6462,-36.9534],[174.6445,-36.9537],[174.6453,-36.9541],[174.6454,-36.9551],[174.6442,-36.9559],[174.6429,-36.9558],[174.6427,-36.9567],[174.6418,-36.957],[174.6406,-36.9567],[174.6403,-36.9563],[174.6392,-36.9565],[174.6387,-36.9563],[174.638,-36.9557],[174.6379,-36.9545],[174.6363,-36.9549],[174.6356,-36.9546],[174.6351,-36.9551],[174.635,-36.9537],[174.6199,-36.9542],[174.6185,-36.9519],[174.6185,-36.9478],[174.6164,-36.9477],[174.6164,-36.9469],[174.6159,-36.9468],[174.6128,-36.9468],[174.613,-36.9454],[174.6156,-36.9448],[174.6162,-36.9442],[174.6162,-36.9436],[174.6177,-36.9436],[174.6182,-36.9423],[174.6204,-36.9425],[174.6204,-36.9417],[174.6227,-36.9415],[174.6225,-36.941],[174.6241,-36.938],[174.6239,-36.9374],[174.6244,-36.9373],[174.6244,-36.937],[174.6265,-36.9376],[174.6271,-36.9365],[174.6294,-36.9373],[174.63,-36.9371],[174.6302,-36.9367],[174.6301,-36.9338],[174.6318,-36.9337],[174.6307,-36.9281],[174.6357,-36.9275],[174.6363,-36.9302],[174.6416,-36.9294],[174.641,-36.9307],[174.6418,-36.9308],[174.6424,-36.93],[174.6427,-36.9302],[174.6421,-36.9312],[174.6435,-36.9318],[174.6439,-36.9316],[174.6442,-36.9319],[174.6447,-36.9311],[174.6441,-36.9306],[174.6445,-36.9308],[174.6447,-36.9307],[174.6444,-36.9304],[174.645,-36.9302],[174.6449,-36.9294],[174.644,-36.9293],[174.644,-36.9284],[174.6445,-36.9281],[174.6455,-36.9283],[174.645,-36.9261],[174.6466,-36.9259],[174.6463,-36.9241],[174.6468,-36.9237],[174.6466,-36.9236],[174.6479,-36.9235],[174.6478,-36.9226],[174.6483,-36.9223],[174.6478,-36.922],[174.6481,-36.9215],[174.6501,-36.9215],[174.6503,-36.9226],[174.6522,-36.9224],[174.652,-36.9221],[174.6525,-36.922],[174.6525,-36.9216],[174.654,-36.9228],[174.6539,-36.9224],[174.6542,-36.9221],[174.6553,-36.9233],[174.6562,-36.9226],[174.656,-36.9218],[174.6594,-36.9213],[174.6597,-36.9209],[174.6595,-36.9205],[174.6619,-36.9164],[174.6638,-36.9176],[174.6632,-36.9179],[174.6642,-36.9187],[174.6635,-36.9193],[174.6652,-36.9202],[174.6661,-36.9195],[174.667,-36.9209],[174.6673,-36.9208],[174.6676,-36.922],[174.6668,-36.9223],[174.668,-36.9227],[174.6707,-36.9219],[174.6712,-36.9231],[174.6721,-36.923],[174.6724,-36.9239],[174.6733,-36.9238],[174.6742,-36.9249],[174.6751,-36.9251],[174.6757,-36.9266]]]]}},{"type":"Feature","properties":{"name":"Torbay","region":"North","population":14836,"lat":-36.69855,"lng":174.75482},"geometry":{"type":"MultiPolygon","coordinates":[[[[174.7522,-36.689],[174.7537,-36.6891],[174.7539,-36.6896],[174.7559,-36.6913],[174.757,-36.6927],[174.7602,-36.6938],[174.7618,-36.6956],[174.7619,-36.6962],[174.7606,-36.6962],[174.759,-36.6983],[174.7579,-36.6982],[174.7574,-36.6977],[174.7569,-36.6978],[174.7557,-36.6993],[174.7554,-36.7007],[174.7561,-36.7014],[174.7558,-36.7021],[174.7551,-36.7015],[174.7538,-36.702],[174.7518,-36.7014],[174.7509,-36.702],[174.7493,-36.701],[174.7474,-36.7046],[174.7448,-36.7065],[174.7433,-36.7086],[174.744,-36.7092],[174.7467,-36.7092],[174.7447,-36.7114],[174.7435,-36.7108],[174.741,-36.7105],[174.7401,-36.7096],[174.7385,-36.7094],[174.7356,-36.7102],[174.7342,-36.7098],[174.7339,-36.7066],[174.7335,-36.7066],[174.7334,-36.706],[174.7321,-36.7059],[174.7316,-36.7054],[174.7315,-36.7047],[174.7291,-36.7044],[174.7279,-36.7049],[174.7255,-36.7051],[174.7247,-36.7057],[174.7225,-36.704],[174.7219,-36.7027],[174.7213,-36.7027],[174.7217,-36.7024],[174.7207,-36.7021],[174.7225,-36.7002],[174.7239,-36.6993],[174.7245,-36.6979],[174.7284,-36.6939],[174.734,-36.6934],[174.7352,-36.6928],[174.7495,-36.6915],[174.7509,-36.6906],[174.7512,-36.6899],[174.7522,-36.689]]]]}},{"type":"Feature","properties":{"name":"Totara Heights","region":"South","population":2958,"lat":-37.00418,"lng":174.90084},"geometry":{"type":"MultiPolygon","coordinates":[[[[174.9061,-36.9984],[174.9053,-37.0],[174.9063,-37.0018],[174.9071,-37.0021],[174.9078,-37.0034],[174.9033,-37.005],[174.9037,-37.0057],[174.903,-37.006],[174.898,-37.0068],[174.8965,-37.0056],[174.8937,-37.002],[174.8943,-37.0018],[174.8937,-37.0007],[174.8942,-37.0005],[174.8941,-36.9999],[174.8953,-36.9995],[174.8952,-36.9992],[174.8957,-36.9994],[174.8967,-36.999],[174.8967,-36.9987],[174.8969,-36.999],[174.8978,-36.9988],[174.8983,-36.9986],[174.8984,-36.9983],[174.8985,-36.9985],[174.8989,-36.9982],[174.8988,-36.998],[174.9018,-36.9974],[174.902,-36.9977],[174.9043,-36.9974],[174.9061,-36.9984]]]]}},{"type":"Feature","properties":{"name":"T\u014dtara Park","region":"South","population":1547,"lat":-36.99096,"lng":174.93038},"geometry":{"type":"MultiPolygon","coordinates":[[[[174.9397,-37.0058],[174.9377,-37.0056],[174.9365,-37.0052],[174.9363,-37.0046],[174.9343,-37.0062],[174.9343,-37.0068],[174.9331,-37.0063],[174.932,-37.0079],[174.9303,-37.0091],[174.9299,-37.0086],[174.9261,-37.01],[174.9245,-37.0081],[174.9257,-37.007],[174.9255,-37.0064],[174.9277,-37.0048],[174.9269,-37.0025],[174.9267,-37.003],[174.9264,-37.0027],[174.926,-37.003],[174.9254,-37.0026],[174.9257,-37.0019],[174.9263,-37.0017],[174.9264,-37.0012],[174.9256,-37.0013],[174.9261,-37.0008],[174.9248,-37.0002],[174.9246,-37.0006],[174.9243,-37.0004],[174.9233,-37.0008],[174.9221,-37.0018],[174.9212,-37.0003],[174.9194,-37.001],[174.9171,-36.9968],[174.9165,-36.997],[174.9173,-36.996],[174.917,-36.9956],[174.9183,-36.9947],[174.9174,-36.993],[174.9171,-36.9913],[174.9155,-36.9894],[174.9158,-36.989],[174.9186,-36.9892],[174.9194,-36.9861],[174.9287,-36.9879],[174.93,-36.9838],[174.9303,-36.9842],[174.9306,-36.984],[174.931,-36.9842],[174.9311,-36.9847],[174.9316,-36.9846],[174.9318,-36.9851],[174.9341,-36.9851],[174.9349,-36.9855],[174.9348,-36.9859],[174.939,-36.9872],[174.9364,-36.9952],[174.9389,-36.9958],[174.9379,-36.9966],[174.9389,-36.9972],[174.9389,-36.998],[174.9394,-36.9981],[174.9387,-36.999],[174.9386,-36.9995],[174.9393,-37.0011],[174.9391,-37.0017],[174.9397,-37.0058]]]]}},{"type":"Feature","properties":{"name":"T\u014dtara Vale","region":"North","population":7122,"lat":-36.76513,"lng":174.72971},"geometry":{"type":"MultiPolygon","coordinates":[[[[174.7379,-36.762],[174.7371,-36.7627],[174.7353,-36.7633],[174.7332,-36.765],[174.7285,-36.7651],[174.7288,-36.7682],[174.7349,-36.7679],[174.735,-36.7691],[174.7343,-36.7692],[174.7344,-36.7697],[174.7313,-36.7698],[174.7292,-36.7703],[174.7279,-36.7701],[174.7266,-36.7693],[174.7251,-36.769],[174.7218,-36.7699],[174.7204,-36.7686],[174.7193,-36.7659],[174.7187,-36.7652],[174.7214,-36.7641],[174.7217,-36.7625],[174.7234,-36.7615],[174.7236,-36.761],[174.7228,-36.7581],[174.7279,-36.7548],[174.7284,-36.7533],[174.7357,-36.7595],[174.7379,-36.762]]]]}},{"type":"Feature","properties":{"name":"Unsworth Heights","region":"North","population":6640,"lat":-36.75713,"lng":174.71652},"geometry":{"type":"MultiPolygon","coordinates":[[[[174.7284,-36.7533],[174.7279,-36.7548],[174.7228,-36.7581],[174.7236,-36.761],[174.7234,-36.7615],[174.7217,-36.7625],[174.7214,-36.7641],[174.7187,-36.7652],[174.7161,-36.7631],[174.7132,-36.7629],[174.7108,-36.7619],[174.7091,-36.7608],[174.7063,-36.7604],[174.7053,-36.7586],[174.7039,-36.7576],[174.7055,-36.7558],[174.7076,-36.7544],[174.7121,-36.753],[174.7191,-36.7525],[174.726,-36.7508],[174.7284,-36.7533]]]]}},{"type":"Feature","properties":{"name":"Wai o Taiki Bay","region":"East","population":1986,"lat":-36.87475,"lng":174.87565},"geometry":{"type":"MultiPolygon","coordinates":[[[[174.8783,-36.8684],[174.878,-36.8687],[174.8785,-36.8691],[174.8788,-36.8688],[174.8794,-36.8693],[174.8809,-36.8693],[174.8812,-36.8695],[174.882,-36.8715],[174.8817,-36.8729],[174.8807,-36.8731],[174.8797,-36.874],[174.8782,-36.8742],[174.8773,-36.8754],[174.8763,-36.8758],[174.8761,-36.8766],[174.8756,-36.8768],[174.876,-36.8769],[174.876,-36.8775],[174.8739,-36.878],[174.8736,-36.8777],[174.8735,-36.878],[174.8725,-36.8786],[174.8697,-36.8775],[174.8695,-36.8764],[174.8704,-36.8769],[174.8709,-36.8766],[174.8707,-36.8764],[174.8711,-36.8761],[174.8726,-36.8753],[174.8732,-36.8743],[174.8737,-36.8744],[174.8738,-36.8738],[174.8734,-36.8738],[174.8734,-36.8735],[174.8743,-36.8719],[174.874,-36.8713],[174.8731,-36.8708],[174.8732,-36.8702],[174.8738,-36.87],[174.8738,-36.8695],[174.8753,-36.869],[174.8754,-36.8684],[174.8757,-36.8688],[174.8764,-36.8686],[174.8762,-36.8682],[174.877,-36.8681],[174.8773,-36.8672],[174.8778,-36.8673],[174.8779,-36.8669],[174.8785,-36.867],[174.8784,-36.8679],[174.878,-36.8681],[174.8783,-36.8684]]]]}},{"type":"Feature","properties":{"name":"Waiake","region":"North","population":1574,"lat":-36.7081,"lng":174.75283},"geometry":{"type":"MultiPolygon","coordinates":[[[[174.7506,-36.7097],[174.748,-36.71],[174.7461,-36.7096],[174.7467,-36.7092],[174.744,-36.7092],[174.7433,-36.7087],[174.7448,-36.7065],[174.7474,-36.7046],[174.7493,-36.701],[174.7509,-36.702],[174.7516,-36.7017],[174.7524,-36.702],[174.7515,-36.7038],[174.7523,-36.7045],[174.752,-36.7052],[174.7526,-36.7077],[174.7539,-36.7106],[174.7545,-36.7113],[174.7528,-36.7107],[174.7528,-36.7101],[174.7509,-36.71],[174.7506,-36.7097]]]]}},{"type":"Feature","properties":{"name":"Waiatarua","region":"West","population":1198,"lat":-36.9349,"lng":174.58459},"geometry":{"type":"MultiPolygon","coordinates":[[[[174.5263,-36.9355],[174.5285,-36.9341],[174.5301,-36.9317],[174.5316,-36.9316],[174.5322,-36.9302],[174.5345,-36.9292],[174.5351,-36.9271],[174.5355,-36.9269],[174.5362,-36.9257],[174.5378,-36.9252],[174.5388,-36.9219],[174.5417,-36.9199],[174.5417,-36.9188],[174.5412,-36.9175],[174.5414,-36.918],[174.5428,-36.9185],[174.5441,-36.9194],[174.5447,-36.9193],[174.5463,-36.9208],[174.5559,-36.9241],[174.5559,-36.9252],[174.5563,-36.9256],[174.5581,-36.9256],[174.5597,-36.9246],[174.5617,-36.9254],[174.563,-36.9252],[174.5625,-36.925],[174.5634,-36.9243],[174.5636,-36.9227],[174.5626,-36.9215],[174.5639,-36.9215],[174.5663,-36.9221],[174.5658,-36.9225],[174.5662,-36.9224],[174.5661,-36.9228],[174.5656,-36.9232],[174.5673,-36.9222],[174.5683,-36.9237],[174.5698,-36.9219],[174.5696,-36.9213],[174.5662,-36.9184],[174.576,-36.9099],[174.5774,-36.9114],[174.579,-36.9104],[174.5832,-36.9136],[174.5836,-36.9133],[174.5846,-36.914],[174.5898,-36.9098],[174.593,-36.9069],[174.5957,-36.908],[174.5984,-36.9099],[174.5985,-36.9093],[174.5988,-36.9091],[174.5989,-36.9077],[174.6003,-36.906],[174.6057,-36.9097],[174.6055,-36.9099],[174.6143,-36.9117],[174.6144,-36.9122],[174.6136,-36.9133],[174.6116,-36.9147],[174.6114,-36.9153],[174.6051,-36.9143],[174.6046,-36.916],[174.6016,-36.9153],[174.601,-36.9158],[174.5994,-36.9216],[174.5929,-36.9204],[174.5853,-36.9282],[174.5874,-36.929],[174.5856,-36.93],[174.5879,-36.9315],[174.5876,-36.932],[174.5881,-36.9324],[174.5904,-36.9317],[174.5908,-36.9324],[174.5921,-36.9317],[174.5941,-36.9338],[174.594,-36.9349],[174.5936,-36.9346],[174.5933,-36.9349],[174.5941,-36.9354],[174.5927,-36.9354],[174.5928,-36.9372],[174.5918,-36.9373],[174.5919,-36.9383],[174.5884,-36.9393],[174.5875,-36.9402],[174.5879,-36.9457],[174.5829,-36.946],[174.5826,-36.9542],[174.5812,-36.9544],[174.5803,-36.9551],[174.5816,-36.9558],[174.5806,-36.9562],[174.5802,-36.9561],[174.5791,-36.9552],[174.5787,-36.9558],[174.5763,-36.9559],[174.5739,-36.9524],[174.5712,-36.9524],[174.5715,-36.9533],[174.5711,-36.9536],[174.5703,-36.9524],[174.5677,-36.9524],[174.5669,-36.9531],[174.5644,-36.9521],[174.5639,-36.9515],[174.5646,-36.9512],[174.5643,-36.9501],[174.5648,-36.9492],[174.5632,-36.9488],[174.5625,-36.9468],[174.5611,-36.9462],[174.561,-36.9451],[174.5585,-36.9445],[174.5582,-36.944],[174.5582,-36.9448],[174.5595,-36.9448],[174.5604,-36.9455],[174.5599,-36.9461],[174.5568,-36.947],[174.5577,-36.9471],[174.5585,-36.9484],[174.5606,-36.9491],[174.563,-36.9513],[174.5465,-36.9563],[174.5449,-36.9529],[174.5381,-36.9551],[174.53,-36.9583],[174.5246,-36.9481],[174.5317,-36.9457],[174.5263,-36.9355]]]]}},{"type":"Feature","properties":{"name":"Wairau Valley","region":"North","population":395,"lat":-36.77502,"lng":174.73655},"geometry":{"type":"MultiPolygon","coordinates":[[[[174.735,-36.7691],[174.7349,-36.7679],[174.7288,-36.7682],[174.7285,-36.7651],[174.7332,-36.765],[174.7353,-36.7633],[174.7371,-36.7627],[174.7379,-36.762],[174.7433,-36.7728],[174.7528,-36.7882],[174.7497,-36.7907],[174.7385,-36.7814],[174.7412,-36.7792],[174.7377,-36.7762],[174.7349,-36.7784],[174.7292,-36.7734],[174.7297,-36.7728],[174.7325,-36.7729],[174.7325,-36.7714],[174.7304,-36.7706],[174.7302,-36.7701],[174.7344,-36.7697],[174.7343,-36.7692],[174.735,-36.7691]]]]}},{"type":"Feature","properties":{"name":"Wait\u0101kere","region":"West","population":3057,"lat":-36.89148,"lng":174.48288},"geometry":{"type":"MultiPolygon","coordinates":[[[[174.4485,-36.9091],[174.4538,-36.9083],[174.47,-36.9014],[174.4663,-36.8897],[174.4691,-36.891],[174.4694,-36.8916],[174.4709,-36.891],[174.4723,-36.8913],[174.4729,-36.8918],[174.4733,-36.8912],[174.4746,-36.8911],[174.4735,-36.8902],[174.4726,-36.8905],[174.4675,-36.8886],[174.4662,-36.8876],[174.4664,-36.8866],[174.4656,-36.8864],[174.4654,-36.8869],[174.4649,-36.8854],[174.4658,-36.8863],[174.4668,-36.8865],[174.4664,-36.8873],[174.4664,-36.8877],[174.4669,-36.8879],[174.4691,-36.8874],[174.4705,-36.8878],[174.4715,-36.887],[174.4742,-36.8858],[174.4758,-36.8864],[174.4762,-36.887],[174.4771,-36.8872],[174.476,-36.8839],[174.4767,-36.8828],[174.4775,-36.8826],[174.4782,-36.882],[174.4783,-36.8804],[174.4806,-36.88],[174.4783,-36.878],[174.4769,-36.8782],[174.4743,-36.8774],[174.4739,-36.8763],[174.4705,-36.8761],[174.467,-36.8763],[174.4662,-36.8766],[174.4658,-36.8724],[174.4638,-36.8721],[174.4634,-36.8698],[174.4626,-36.868],[174.4612,-36.8682],[174.4603,-36.8688],[174.4574,-36.8576],[174.4557,-36.8579],[174.4564,-36.8572],[174.4557,-36.8565],[174.4565,-36.8552],[174.457,-36.8549],[174.4576,-36.8526],[174.4562,-36.8515],[174.4561,-36.8506],[174.4553,-36.8505],[174.4551,-36.8498],[174.4541,-36.8494],[174.4543,-36.8485],[174.4559,-36.8474],[174.4545,-36.8452],[174.4551,-36.845],[174.4554,-36.8444],[174.4562,-36.8443],[174.4568,-36.8432],[174.4579,-36.8428],[174.4597,-36.8428],[174.4622,-36.8416],[174.4628,-36.84],[174.4629,-36.8385],[174.4639,-36.838],[174.4641,-36.8375],[174.4648,-36.838],[174.4671,-36.8363],[174.4683,-36.8367],[174.4687,-36.836],[174.4704,-36.8357],[174.4724,-36.8347],[174.4736,-36.8335],[174.4763,-36.8325],[174.4766,-36.8327],[174.4764,-36.833],[174.4797,-36.8324],[174.4803,-36.8332],[174.481,-36.8327],[174.4834,-36.8328],[174.4865,-36.8338],[174.4915,-36.834],[174.4931,-36.8336],[174.4938,-36.8338],[174.4956,-36.8327],[174.5005,-36.8328],[174.5012,-36.8346],[174.5016,-36.8348],[174.5022,-36.8348],[174.5029,-36.8344],[174.5036,-36.8334],[174.5059,-36.835],[174.5116,-36.8359],[174.511,-36.8364],[174.511,-36.8393],[174.5116,-36.8395],[174.5117,-36.8408],[174.5126,-36.8421],[174.5194,-36.8378],[174.5233,-36.8423],[174.528,-36.8396],[174.5315,-36.8385],[174.533,-36.8375],[174.5369,-36.8424],[174.5374,-36.8421],[174.5389,-36.8426],[174.5403,-36.8376],[174.5457,-36.8382],[174.5458,-36.8373],[174.5482,-36.8376],[174.5479,-36.8378],[174.5486,-36.838],[174.5489,-36.8358],[174.5534,-36.8362],[174.5531,-36.8382],[174.5555,-36.8386],[174.5557,-36.8392],[174.5674,-36.8404],[174.568,-36.8431],[174.5686,-36.8437],[174.5662,-36.8435],[174.566,-36.8455],[174.5693,-36.8458],[174.5687,-36.8582],[174.5666,-36.8582],[174.5666,-36.8575],[174.565,-36.8575],[174.5647,-36.8583],[174.5599,-36.8583],[174.5599,-36.8617],[174.5611,-36.8617],[174.5639,-36.863],[174.5647,-36.8643],[174.5653,-36.8645],[174.5652,-36.8649],[174.5662,-36.8651],[174.5645,-36.8656],[174.5634,-36.8644],[174.5525,-36.8619],[174.55,-36.8589],[174.5466,-36.861],[174.55,-36.8651],[174.5507,-36.865],[174.5518,-36.8657],[174.5513,-36.8686],[174.5401,-36.8743],[174.5392,-36.8773],[174.542,-36.8786],[174.5377,-36.8782],[174.5362,-36.8772],[174.5352,-36.8778],[174.537,-36.8792],[174.5382,-36.8815],[174.5384,-36.8813],[174.5379,-36.8819],[174.538,-36.8822],[174.5396,-36.8838],[174.5401,-36.8837],[174.5413,-36.8856],[174.5429,-36.8864],[174.5434,-36.8871],[174.5437,-36.887],[174.5437,-36.8876],[174.5444,-36.8884],[174.5455,-36.8891],[174.5458,-36.8908],[174.5452,-36.8915],[174.5452,-36.8918],[174.5463,-36.8928],[174.5461,-36.8936],[174.5464,-36.8948],[174.545,-36.8954],[174.5449,-36.8964],[174.5452,-36.8971],[174.5427,-36.901],[174.5436,-36.9026],[174.5431,-36.9036],[174.5418,-36.9039],[174.5412,-36.905],[174.5409,-36.9058],[174.5409,-36.9083],[174.5405,-36.9089],[174.5238,-36.9066],[174.5246,-36.9052],[174.5258,-36.9041],[174.5269,-36.9049],[174.5264,-36.9031],[174.5274,-36.9026],[174.5269,-36.9023],[174.5275,-36.9011],[174.5279,-36.9016],[174.5298,-36.9015],[174.5304,-36.902],[174.5301,-36.9013],[174.5295,-36.9013],[174.5293,-36.9005],[174.5286,-36.9002],[174.5289,-36.8999],[174.5318,-36.9001],[174.5309,-36.8996],[174.5287,-36.8992],[174.5279,-36.8986],[174.5273,-36.8986],[174.5256,-36.9005],[174.5255,-36.902],[174.5249,-36.9027],[174.5248,-36.9034],[174.5235,-36.9049],[174.5221,-36.9057],[174.5226,-36.9073],[174.522,-36.9073],[174.5212,-36.9065],[174.5199,-36.9075],[174.5188,-36.9072],[174.516,-36.9073],[174.5154,-36.9077],[174.515,-36.9075],[174.5127,-36.9082],[174.5124,-36.9096],[174.5061,-36.9092],[174.5032,-36.9101],[174.4988,-36.9103],[174.4964,-36.9115],[174.4961,-36.9122],[174.4954,-36.912],[174.4936,-36.9101],[174.4925,-36.9102],[174.4919,-36.9097],[174.4902,-36.9094],[174.4895,-36.9096],[174.4884,-36.9089],[174.4833,-36.9108],[174.4825,-36.9125],[174.4808,-36.9123],[174.4804,-36.9134],[174.479,-36.9149],[174.4798,-36.9158],[174.4797,-36.9163],[174.4778,-36.917],[174.4779,-36.9177],[174.4775,-36.9178],[174.4771,-36.9173],[174.4759,-36.9176],[174.4747,-36.9174],[174.4738,-36.9182],[174.472,-36.9177],[174.4716,-36.9178],[174.4713,-36.9187],[174.471,-36.9188],[174.4702,-36.918],[174.4694,-36.9179],[174.4688,-36.9185],[174.4693,-36.9189],[174.4688,-36.9196],[174.4664,-36.9182],[174.4657,-36.9166],[174.4647,-36.917],[174.4645,-36.9165],[174.4638,-36.9163],[174.4634,-36.9164],[174.4637,-36.917],[174.4634,-36.9172],[174.4628,-36.9165],[174.462,-36.917],[174.4614,-36.9168],[174.4614,-36.9161],[174.4611,-36.9157],[174.4595,-36.9162],[174.4567,-36.9155],[174.4563,-36.9166],[174.4569,-36.9179],[174.4551,-36.9179],[174.4543,-36.9189],[174.4535,-36.9191],[174.4523,-36.9167],[174.4497,-36.9171],[174.4491,-36.9164],[174.4482,-36.9166],[174.447,-36.9163],[174.4465,-36.9157],[174.4466,-36.9151],[174.4474,-36.9138],[174.4468,-36.9134],[174.4449,-36.9137],[174.4445,-36.9124],[174.4439,-36.9123],[174.4438,-36.9118],[174.4443,-36.9114],[174.4458,-36.9112],[174.4459,-36.9109],[174.4465,-36.9109],[174.4467,-36.9095],[174.4485,-36.9091]]]]}},{"type":"Feature","properties":{"name":"Waterview","region":"West","population":3870,"lat":-36.87853,"lng":174.69934},"geometry":{"type":"MultiPolygon","coordinates":[[[[174.705,-36.8739],[174.7052,-36.8742],[174.7048,-36.8768],[174.7036,-36.8784],[174.704,-36.8791],[174.7037,-36.8797],[174.7039,-36.88],[174.703,-36.8802],[174.7033,-36.8805],[174.703,-36.8809],[174.7033,-36.8818],[174.703,-36.8829],[174.7025,-36.8833],[174.7029,-36.8838],[174.7027,-36.8849],[174.7017,-36.8858],[174.7021,-36.8861],[174.7003,-36.8861],[174.6995,-36.887],[174.6943,-36.886],[174.6947,-36.885],[174.6956,-36.8841],[174.6955,-36.8836],[174.695,-36.8834],[174.695,-36.8826],[174.6963,-36.8814],[174.6956,-36.8807],[174.6961,-36.8801],[174.6956,-36.8797],[174.6958,-36.8794],[174.6952,-36.8796],[174.6941,-36.8786],[174.695,-36.876],[174.6955,-36.8755],[174.695,-36.8746],[174.6953,-36.8737],[174.6974,-36.8726],[174.6982,-36.8729],[174.6991,-36.8727],[174.6993,-36.8731],[174.7005,-36.8739],[174.7006,-36.8735],[174.7013,-36.8734],[174.7023,-36.8736],[174.7024,-36.874],[174.703,-36.874],[174.7046,-36.8733],[174.705,-36.8739]]]]}},{"type":"Feature","properties":{"name":"Wattle Downs","region":"South","population":8798,"lat":-37.04675,"lng":174.88885},"geometry":{"type":"MultiPolygon","coordinates":[[[[174.8999,-37.041],[174.8996,-37.0427],[174.9007,-37.0446],[174.9008,-37.0458],[174.8976,-37.0477],[174.8954,-37.0484],[174.8959,-37.0499],[174.8938,-37.0497],[174.8926,-37.0507],[174.8913,-37.051],[174.891,-37.053],[174.8892,-37.0538],[174.889,-37.0544],[174.8877,-37.0556],[174.8879,-37.0583],[174.8874,-37.059],[174.886,-37.0585],[174.8855,-37.0578],[174.8847,-37.0575],[174.8825,-37.0572],[174.8819,-37.0561],[174.8803,-37.0552],[174.8804,-37.0546],[174.8792,-37.0536],[174.8767,-37.0541],[174.876,-37.0549],[174.8744,-37.0547],[174.873,-37.0548],[174.8725,-37.0552],[174.8718,-37.0545],[174.8694,-37.0538],[174.8701,-37.0534],[174.87,-37.0525],[174.8713,-37.0505],[174.8716,-37.0488],[174.8747,-37.0484],[174.8752,-37.0475],[174.8783,-37.046],[174.8792,-37.045],[174.8802,-37.0451],[174.8811,-37.0462],[174.8811,-37.0471],[174.8818,-37.0478],[174.8814,-37.0486],[174.8821,-37.0491],[174.8843,-37.0471],[174.885,-37.0467],[174.8862,-37.0466],[174.8875,-37.0442],[174.8882,-37.0438],[174.8881,-37.0432],[174.8872,-37.0423],[174.8875,-37.0421],[174.8873,-37.0409],[174.8877,-37.0404],[174.8886,-37.041],[174.889,-37.0422],[174.8897,-37.0431],[174.8912,-37.0425],[174.8915,-37.042],[174.892,-37.0422],[174.8929,-37.0418],[174.8926,-37.0405],[174.8919,-37.0396],[174.8912,-37.0395],[174.8906,-37.04],[174.8903,-37.0412],[174.8896,-37.0416],[174.8883,-37.0401],[174.8882,-37.0395],[174.8878,-37.0394],[174.8852,-37.041],[174.8849,-37.0419],[174.8834,-37.0429],[174.8814,-37.0392],[174.8817,-37.039],[174.8814,-37.0385],[174.8841,-37.0376],[174.8845,-37.0386],[174.8853,-37.0386],[174.8883,-37.0375],[174.8884,-37.0378],[174.8887,-37.0377],[174.8885,-37.0374],[174.8893,-37.0371],[174.8897,-37.0371],[174.8897,-37.0373],[174.8902,-37.0369],[174.8924,-37.0366],[174.8925,-37.0369],[174.8928,-37.0368],[174.8926,-37.0366],[174.8936,-37.0362],[174.8934,-37.0359],[174.8938,-37.0358],[174.894,-37.0361],[174.8944,-37.036],[174.8954,-37.0365],[174.8958,-37.0372],[174.8953,-37.0373],[174.8954,-37.0376],[174.8958,-37.0374],[174.8961,-37.0379],[174.896,-37.0386],[174.8968,-37.0387],[174.8983,-37.0407],[174.8992,-37.0404],[174.8989,-37.0399],[174.9001,-37.0395],[174.9005,-37.0401],[174.8997,-37.0411],[174.8999,-37.041]]]]}},{"type":"Feature","properties":{"name":"Wesley","region":"Central","population":6285,"lat":-36.90285,"lng":174.72651},"geometry":{"type":"MultiPolygon","coordinates":[[[[174.7335,-36.897],[174.7347,-36.8996],[174.7399,-36.9034],[174.7344,-36.9098],[174.7275,-36.9063],[174.7239,-36.9083],[174.7212,-36.9053],[174.7211,-36.9051],[174.723,-36.9039],[174.7197,-36.9021],[174.7198,-36.8997],[174.7187,-36.8982],[174.7194,-36.8976],[174.7261,-36.8964],[174.7275,-36.8971],[174.7292,-36.8949],[174.7335,-36.897]]]]}},{"type":"Feature","properties":{"name":"West Harbour","region":"West","population":11609,"lat":-36.81555,"lng":174.64008},"geometry":{"type":"MultiPolygon","coordinates":[[[[174.6139,-36.8174],[174.6128,-36.8146],[174.6114,-36.8123],[174.6149,-36.8129],[174.6173,-36.8156],[174.6189,-36.8146],[174.6206,-36.8164],[174.6225,-36.8161],[174.6233,-36.8157],[174.6227,-36.8147],[174.6259,-36.8127],[174.6264,-36.8119],[174.6252,-36.8107],[174.6269,-36.8095],[174.629,-36.8112],[174.632,-36.8119],[174.6321,-36.8116],[174.6328,-36.8117],[174.6325,-36.8127],[174.6333,-36.8126],[174.634,-36.8105],[174.6358,-36.808],[174.636,-36.8081],[174.637,-36.807],[174.6389,-36.8073],[174.639,-36.807],[174.6383,-36.8066],[174.6386,-36.8057],[174.6381,-36.8055],[174.6402,-36.8029],[174.6408,-36.8032],[174.6415,-36.8026],[174.6419,-36.8028],[174.6432,-36.8015],[174.6446,-36.8024],[174.6453,-36.8017],[174.6467,-36.8025],[174.6475,-36.8017],[174.6485,-36.8033],[174.6471,-36.804],[174.6473,-36.8041],[174.6472,-36.8046],[174.6469,-36.8047],[174.6461,-36.807],[174.6456,-36.8077],[174.6455,-36.8085],[174.6463,-36.8088],[174.6449,-36.8117],[174.6446,-36.8118],[174.6478,-36.8126],[174.6484,-36.812],[174.6497,-36.809],[174.6482,-36.8124],[174.6474,-36.8127],[174.6444,-36.8118],[174.6419,-36.8107],[174.6406,-36.8109],[174.6412,-36.811],[174.6412,-36.8119],[174.6401,-36.8127],[174.642,-36.8118],[174.6431,-36.8119],[174.6434,-36.8123],[174.6439,-36.8124],[174.6445,-36.8134],[174.6445,-36.8143],[174.6449,-36.8148],[174.6449,-36.8159],[174.646,-36.8175],[174.6456,-36.8176],[174.6455,-36.8181],[174.6448,-36.8183],[174.6445,-36.8188],[174.6434,-36.819],[174.6429,-36.8198],[174.6419,-36.8202],[174.6419,-36.8208],[174.6412,-36.8221],[174.6403,-36.8227],[174.6367,-36.8235],[174.6345,-36.8234],[174.6324,-36.8239],[174.6325,-36.8242],[174.6305,-36.8242],[174.6285,-36.8249],[174.6255,-36.8248],[174.6245,-36.8243],[174.6224,-36.8249],[174.6212,-36.8243],[174.6197,-36.8241],[174.6183,-36.8252],[174.6172,-36.8255],[174.6139,-36.8174]]]]}},{"type":"Feature","properties":{"name":"Western Springs","region":"West","population":68,"lat":-36.86295,"lng":174.71785},"geometry":{"type":"MultiPolygon","coordinates":[[[[174.7112,-36.8556],[174.7111,-36.8562],[174.7123,-36.8579],[174.7132,-36.8586],[174.7148,-36.8591],[174.7171,-36.8576],[174.7177,-36.8568],[174.7185,-36.8568],[174.7192,-36.8579],[174.7196,-36.8581],[174.72,-36.8578],[174.7215,-36.8588],[174.7204,-36.859],[174.7203,-36.8599],[174.721,-36.8604],[174.7216,-36.86],[174.7218,-36.8602],[174.7215,-36.8604],[174.7233,-36.861],[174.723,-36.8611],[174.7241,-36.8618],[174.7236,-36.8624],[174.7241,-36.8626],[174.7238,-36.8631],[174.7247,-36.8636],[174.7254,-36.8627],[174.7278,-36.8634],[174.728,-36.863],[174.7282,-36.8631],[174.728,-36.8635],[174.7294,-36.8639],[174.7297,-36.8636],[174.7307,-36.8674],[174.7296,-36.8674],[174.7297,-36.8677],[174.7357,-36.868],[174.7354,-36.8683],[174.7327,-36.8682],[174.7277,-36.8689],[174.7268,-36.8689],[174.727,-36.8686],[174.7257,-36.8684],[174.7212,-36.8684],[174.7173,-36.8694],[174.7174,-36.8687],[174.7182,-36.8689],[174.7186,-36.8683],[174.7187,-36.8645],[174.7179,-36.8638],[174.7171,-36.864],[174.7167,-36.8648],[174.7165,-36.8647],[174.7153,-36.8635],[174.7144,-36.8635],[174.7143,-36.8628],[174.7129,-36.8624],[174.7119,-36.8615],[174.7113,-36.8602],[174.7092,-36.8577],[174.7095,-36.8542],[174.7102,-36.8541],[174.7112,-36.8545],[174.7112,-36.8556]]]]}},{"type":"Feature","properties":{"name":"Westgate","region":"West","population":2640,"lat":-36.81728,"lng":174.59192},"geometry":{"type":"MultiPolygon","coordinates":[[[[174.5869,-36.8095],[174.5971,-36.8084],[174.5976,-36.8088],[174.6041,-36.8081],[174.6087,-36.8086],[174.6128,-36.8146],[174.6172,-36.8255],[174.6155,-36.8261],[174.6153,-36.8268],[174.6144,-36.8277],[174.6098,-36.8266],[174.6092,-36.8269],[174.6092,-36.8266],[174.6079,-36.8266],[174.6078,-36.826],[174.5875,-36.8235],[174.5886,-36.8213],[174.5894,-36.821],[174.5897,-36.8191],[174.5911,-36.8184],[174.5906,-36.8178],[174.5906,-36.8167],[174.5901,-36.8165],[174.5897,-36.8152],[174.5891,-36.8148],[174.5893,-36.8146],[174.5888,-36.8141],[174.5883,-36.8127],[174.5874,-36.8123],[174.5869,-36.8095]]]]}},{"type":"Feature","properties":{"name":"Westhaven","region":"Central","population":null,"lat":-36.8366,"lng":174.74292},"geometry":{"type":"MultiPolygon","coordinates":[[[[174.7446,-36.8326],[174.7429,-36.8351],[174.7484,-36.8357],[174.7433,-36.8355],[174.7426,-36.838],[174.742,-36.8377],[174.7418,-36.8379],[174.7417,-36.8401],[174.7419,-36.8403],[174.7398,-36.8407],[174.7397,-36.8403],[174.7392,-36.8404],[174.7393,-36.8381],[174.74,-36.8365],[174.7408,-36.8357],[174.7425,-36.8351],[174.7442,-36.8325],[174.7446,-36.8326]]]]}},{"type":"Feature","properties":{"name":"Westmere","region":"Central","population":4802,"lat":-36.85334,"lng":174.72071},"geometry":{"type":"MultiPolygon","coordinates":[[[[174.7267,-36.8509],[174.7267,-36.8505],[174.729,-36.8503],[174.7297,-36.8511],[174.7312,-36.8514],[174.7313,-36.8522],[174.732,-36.8527],[174.7315,-36.853],[174.7322,-36.8543],[174.7297,-36.8554],[174.7301,-36.8566],[174.729,-36.8576],[174.7285,-36.8574],[174.7259,-36.8594],[174.7262,-36.8597],[174.7257,-36.8601],[174.726,-36.8603],[174.7253,-36.8609],[174.7251,-36.8616],[174.7258,-36.8627],[174.7254,-36.8627],[174.7247,-36.8636],[174.7238,-36.8631],[174.7241,-36.8626],[174.7236,-36.8624],[174.7241,-36.8618],[174.723,-36.8611],[174.7233,-36.861],[174.7215,-36.8604],[174.7218,-36.8602],[174.7216,-36.86],[174.721,-36.8604],[174.7203,-36.8599],[174.7204,-36.859],[174.7215,-36.8588],[174.72,-36.8578],[174.7196,-36.8581],[174.7192,-36.8579],[174.7185,-36.8568],[174.716,-36.8563],[174.7164,-36.8569],[174.7161,-36.8579],[174.7152,-36.8579],[174.7136,-36.8577],[174.7124,-36.8565],[174.7122,-36.8558],[174.7127,-36.8543],[174.7137,-36.8537],[174.7137,-36.8528],[174.714,-36.8523],[174.7179,-36.8516],[174.7195,-36.8498],[174.7196,-36.8506],[174.72,-36.8509],[174.723,-36.8516],[174.724,-36.8515],[174.7254,-36.8503],[174.7267,-36.8509]]]]}},{"type":"Feature","properties":{"name":"Weymouth","region":"South","population":11806,"lat":-37.04558,"lng":174.86804},"geometry":{"type":"MultiPolygon","coordinates":[[[[174.8832,-37.0427],[174.8826,-37.0425],[174.8816,-37.0426],[174.8807,-37.0416],[174.8793,-37.041],[174.8779,-37.0411],[174.8768,-37.0415],[174.8762,-37.0422],[174.8744,-37.0422],[174.8734,-37.0414],[174.8731,-37.0405],[174.8723,-37.0414],[174.8725,-37.0421],[174.8724,-37.0451],[174.87,-37.046],[174.8695,-37.0464],[174.8694,-37.0471],[174.8687,-37.0467],[174.8689,-37.0472],[174.8686,-37.0477],[174.868,-37.048],[174.868,-37.0485],[174.8673,-37.0486],[174.8673,-37.0492],[174.8666,-37.0493],[174.8656,-37.0503],[174.8661,-37.0508],[174.8643,-37.0528],[174.863,-37.0531],[174.8609,-37.0515],[174.8608,-37.0511],[174.8591,-37.0518],[174.8576,-37.0511],[174.8564,-37.045],[174.8567,-37.0434],[174.8579,-37.0422],[174.8576,-37.0418],[174.8594,-37.0424],[174.8607,-37.0387],[174.8605,-37.038],[174.8608,-37.038],[174.8602,-37.0377],[174.8603,-37.0372],[174.8611,-37.0374],[174.8626,-37.0368],[174.8631,-37.0373],[174.864,-37.0372],[174.8639,-37.0359],[174.8647,-37.0356],[174.8648,-37.0358],[174.8652,-37.0357],[174.866,-37.0372],[174.8683,-37.0364],[174.8681,-37.036],[174.8687,-37.0358],[174.8688,-37.0353],[174.8695,-37.0357],[174.8696,-37.0355],[174.8703,-37.0356],[174.8705,-37.0349],[174.8701,-37.0349],[174.8703,-37.0341],[174.8707,-37.034],[174.8708,-37.0334],[174.8713,-37.0343],[174.872,-37.0339],[174.872,-37.0334],[174.8726,-37.0331],[174.8725,-37.0329],[174.8745,-37.0325],[174.8745,-37.0322],[174.877,-37.0313],[174.88,-37.0367],[174.8809,-37.0365],[174.8819,-37.0384],[174.8814,-37.0385],[174.8817,-37.039],[174.8814,-37.0392],[174.8834,-37.0429],[174.8832,-37.0427]]]]}},{"type":"Feature","properties":{"name":"Whenuapai","region":"West","population":4953,"lat":-36.78471,"lng":174.62124},"geometry":{"type":"MultiPolygon","coordinates":[[[[174.5868,-36.8094],[174.587,-36.809],[174.5863,-36.8082],[174.5864,-36.8076],[174.5854,-36.8072],[174.5869,-36.8061],[174.5863,-36.8049],[174.5857,-36.8046],[174.5857,-36.8041],[174.5861,-36.8038],[174.5859,-36.8034],[174.5863,-36.8034],[174.5862,-36.8031],[174.5866,-36.8031],[174.5859,-36.8029],[174.5858,-36.8022],[174.5863,-36.8003],[174.5875,-36.7988],[174.5874,-36.7983],[174.5878,-36.7984],[174.5876,-36.7979],[174.5883,-36.7971],[174.5884,-36.7967],[174.5879,-36.7964],[174.5882,-36.7961],[174.5881,-36.7955],[174.59,-36.7941],[174.5915,-36.7941],[174.5911,-36.7939],[174.5911,-36.7935],[174.5921,-36.7917],[174.5927,-36.7918],[174.593,-36.791],[174.5939,-36.7914],[174.5949,-36.7892],[174.5955,-36.7886],[174.5967,-36.7882],[174.5973,-36.79],[174.5982,-36.791],[174.5987,-36.7908],[174.5989,-36.7911],[174.5993,-36.7922],[174.6003,-36.793],[174.6006,-36.7943],[174.6014,-36.7939],[174.6025,-36.795],[174.6022,-36.7944],[174.6024,-36.7942],[174.6016,-36.7936],[174.6008,-36.7934],[174.6005,-36.7926],[174.5996,-36.7918],[174.5993,-36.7903],[174.5977,-36.7891],[174.5979,-36.7878],[174.599,-36.786],[174.6004,-36.7847],[174.6009,-36.7837],[174.6006,-36.7829],[174.602,-36.78],[174.6047,-36.778],[174.6057,-36.7791],[174.6054,-36.7794],[174.6065,-36.7798],[174.6053,-36.7779],[174.6054,-36.7773],[174.606,-36.7773],[174.6064,-36.7767],[174.607,-36.7764],[174.6071,-36.776],[174.6077,-36.7754],[174.6077,-36.7758],[174.6085,-36.7756],[174.6089,-36.7759],[174.609,-36.7755],[174.61,-36.774],[174.6122,-36.774],[174.6128,-36.7747],[174.6143,-36.7744],[174.6153,-36.7746],[174.6155,-36.775],[174.615,-36.7756],[174.6171,-36.7743],[174.6179,-36.7747],[174.618,-36.7763],[174.6166,-36.78],[174.6172,-36.7798],[174.6186,-36.7809],[174.6185,-36.782],[174.619,-36.7826],[174.6186,-36.7819],[174.6188,-36.7809],[174.6185,-36.7805],[174.6187,-36.7804],[174.6177,-36.7798],[174.6174,-36.7791],[174.6183,-36.7785],[174.6187,-36.778],[174.6186,-36.7776],[174.6194,-36.777],[174.619,-36.7763],[174.6192,-36.776],[174.6213,-36.7752],[174.623,-36.7751],[174.6234,-36.7754],[174.6234,-36.7768],[174.6245,-36.7754],[174.6266,-36.7746],[174.6271,-36.775],[174.6274,-36.7763],[174.6276,-36.7752],[174.628,-36.7749],[174.6293,-36.7756],[174.6298,-36.7753],[174.6307,-36.7754],[174.6312,-36.7763],[174.632,-36.7755],[174.633,-36.7756],[174.6338,-36.7764],[174.6348,-36.7766],[174.6352,-36.7772],[174.6344,-36.7788],[174.6346,-36.7789],[174.636,-36.7774],[174.637,-36.7758],[174.6384,-36.7747],[174.6389,-36.7745],[174.6424,-36.7745],[174.6441,-36.7749],[174.6441,-36.7756],[174.6438,-36.7759],[174.6418,-36.7769],[174.6414,-36.7768],[174.6429,-36.7779],[174.6425,-36.7789],[174.6434,-36.7787],[174.6438,-36.779],[174.6429,-36.7803],[174.6443,-36.7792],[174.6442,-36.7786],[174.6445,-36.7782],[174.6452,-36.778],[174.646,-36.7787],[174.6463,-36.7793],[174.6463,-36.7798],[174.6457,-36.7803],[174.6456,-36.7824],[174.65,-36.7816],[174.6503,-36.7818],[174.6456,-36.7826],[174.6455,-36.783],[174.6459,-36.7835],[174.6456,-36.7844],[174.6442,-36.785],[174.6435,-36.7863],[174.6408,-36.7882],[174.6406,-36.7897],[174.6418,-36.7902],[174.6414,-36.7902],[174.6412,-36.7907],[174.6404,-36.7908],[174.6377,-36.7908],[174.638,-36.7909],[174.6379,-36.7912],[174.6398,-36.7912],[174.6406,-36.7914],[174.6408,-36.7918],[174.6401,-36.7923],[174.6403,-36.7932],[174.638,-36.7956],[174.6374,-36.7972],[174.6363,-36.7984],[174.6342,-36.7991],[174.6342,-36.7995],[174.6335,-36.7993],[174.632,-36.7996],[174.631,-36.8007],[174.6306,-36.8005],[174.6309,-36.8003],[174.6294,-36.8],[174.6269,-36.8095],[174.6252,-36.8107],[174.6264,-36.8119],[174.6259,-36.8127],[174.6227,-36.8147],[174.6233,-36.8157],[174.6225,-36.8161],[174.6206,-36.8164],[174.6189,-36.8146],[174.6173,-36.8156],[174.6149,-36.8129],[174.6114,-36.8123],[174.6087,-36.8086],[174.6041,-36.8081],[174.5976,-36.8088],[174.5971,-36.8084],[174.5868,-36.8094]]]]}},{"type":"Feature","properties":{"name":"Windsor Park","region":"North","population":2110,"lat":-36.74397,"lng":174.73535},"geometry":{"type":"MultiPolygon","coordinates":[[[[174.7353,-36.7358],[174.7419,-36.7387],[174.7422,-36.7391],[174.7423,-36.74],[174.7393,-36.7445],[174.7394,-36.7454],[174.7401,-36.7463],[174.7383,-36.7492],[174.7322,-36.752],[174.7316,-36.7514],[174.7353,-36.7494],[174.7359,-36.7495],[174.7374,-36.7489],[174.7366,-36.7481],[174.737,-36.7458],[174.7361,-36.7447],[174.7357,-36.7451],[174.7334,-36.743],[174.7341,-36.7426],[174.732,-36.7407],[174.7327,-36.7398],[174.7324,-36.7395],[174.7335,-36.7388],[174.7329,-36.7366],[174.7313,-36.7369],[174.7296,-36.7352],[174.7341,-36.7342],[174.7353,-36.7358]]]]}},{"type":"Feature","properties":{"name":"Wiri","region":"South","population":5329,"lat":-37.00686,"lng":174.84442},"geometry":{"type":"MultiPolygon","coordinates":[[[[174.8367,-36.9875],[174.8382,-36.9891],[174.8442,-36.9929],[174.8447,-36.9928],[174.8442,-36.9934],[174.8464,-36.9948],[174.8458,-36.9931],[174.8487,-36.9921],[174.8485,-36.9917],[174.8489,-36.9915],[174.8492,-36.992],[174.8508,-36.9915],[174.8524,-36.9941],[174.8553,-36.9929],[174.854,-36.9908],[174.8551,-36.9904],[174.8551,-36.9906],[174.856,-36.9901],[174.8595,-36.995],[174.8606,-36.9977],[174.8613,-36.9973],[174.8614,-36.998],[174.8648,-36.9977],[174.8655,-36.9993],[174.8662,-36.999],[174.8668,-37.0],[174.8676,-36.9997],[174.8679,-37.0002],[174.8688,-36.9999],[174.8689,-37.0006],[174.8698,-37.0003],[174.8695,-36.9999],[174.8691,-37.0],[174.8712,-36.999],[174.8701,-36.9973],[174.8724,-36.997],[174.874,-36.998],[174.8747,-36.9979],[174.8749,-36.9973],[174.8754,-36.9973],[174.8761,-36.9979],[174.8765,-36.9975],[174.877,-36.9982],[174.8774,-36.9975],[174.8777,-36.9978],[174.8785,-36.9975],[174.8789,-36.9983],[174.8792,-36.9978],[174.8796,-36.9983],[174.8796,-36.9977],[174.8808,-36.9979],[174.8853,-36.9963],[174.8854,-36.996],[174.8897,-36.9966],[174.8892,-36.997],[174.8907,-36.9981],[174.8961,-37.0051],[174.8973,-37.0063],[174.8956,-37.0061],[174.8958,-37.0058],[174.8953,-37.0054],[174.8945,-37.0057],[174.8946,-37.0059],[174.8938,-37.0058],[174.8939,-37.0063],[174.8933,-37.006],[174.8931,-37.0062],[174.8929,-37.0057],[174.8923,-37.0057],[174.8921,-37.0059],[174.8924,-37.006],[174.8922,-37.0061],[174.8928,-37.0072],[174.8925,-37.0073],[174.8926,-37.0079],[174.8908,-37.0085],[174.8907,-37.008],[174.8898,-37.0082],[174.8899,-37.0085],[174.8894,-37.0086],[174.8896,-37.0091],[174.8892,-37.0092],[174.8894,-37.0095],[174.8892,-37.0096],[174.889,-37.0092],[174.8849,-37.0106],[174.8851,-37.011],[174.8849,-37.0111],[174.8846,-37.0104],[174.8842,-37.0106],[174.883,-37.0087],[174.8783,-37.0101],[174.8798,-37.0128],[174.8758,-37.0142],[174.8724,-37.0123],[174.8618,-37.0144],[174.863,-37.0167],[174.8614,-37.0172],[174.8621,-37.0183],[174.8626,-37.0182],[174.8628,-37.0186],[174.8583,-37.0202],[174.8574,-37.0192],[174.8567,-37.0189],[174.8548,-37.0191],[174.8548,-37.0186],[174.8564,-37.0166],[174.8568,-37.0166],[174.8565,-37.0164],[174.8543,-37.0186],[174.8545,-37.0181],[174.8536,-37.0185],[174.8534,-37.0192],[174.8528,-37.0197],[174.8519,-37.0193],[174.851,-37.018],[174.8508,-37.0184],[174.851,-37.0193],[174.8498,-37.0198],[174.8497,-37.0201],[174.8506,-37.0205],[174.8506,-37.0209],[174.8509,-37.0205],[174.8511,-37.0214],[174.8503,-37.021],[174.8493,-37.021],[174.8491,-37.0214],[174.8485,-37.0209],[174.8479,-37.0212],[174.8469,-37.0191],[174.8458,-37.0193],[174.8451,-37.0188],[174.8435,-37.0195],[174.8419,-37.0193],[174.8412,-37.0183],[174.8406,-37.0184],[174.8394,-37.0174],[174.8385,-37.0172],[174.8386,-37.0165],[174.8385,-37.0174],[174.8393,-37.0175],[174.8407,-37.0186],[174.8412,-37.0185],[174.8413,-37.0192],[174.8418,-37.0198],[174.8415,-37.02],[174.8449,-37.0202],[174.8465,-37.0198],[174.8472,-37.0212],[174.8475,-37.0232],[174.8488,-37.0227],[174.85,-37.0217],[174.8502,-37.022],[174.8499,-37.0228],[174.8502,-37.0239],[174.8512,-37.0244],[174.851,-37.0252],[174.852,-37.0249],[174.8528,-37.0239],[174.8532,-37.0249],[174.8535,-37.025],[174.8534,-37.0265],[174.8524,-37.0268],[174.8537,-37.0272],[174.8527,-37.0289],[174.8508,-37.0292],[174.8498,-37.0291],[174.85,-37.0294],[174.8497,-37.0295],[174.8479,-37.0294],[174.8467,-37.0289],[174.8452,-37.0288],[174.8449,-37.0289],[174.8449,-37.0295],[174.8443,-37.0296],[174.8438,-37.0289],[174.8429,-37.0285],[174.843,-37.028],[174.8425,-37.0279],[174.8417,-37.0272],[174.8411,-37.0272],[174.8412,-37.027],[174.8408,-37.0257],[174.8405,-37.0255],[174.8405,-37.0258],[174.8402,-37.0257],[174.84,-37.0249],[174.8394,-37.0248],[174.8395,-37.0246],[174.8385,-37.0235],[174.8386,-37.023],[174.8378,-37.023],[174.8365,-37.0213],[174.8353,-37.021],[174.8347,-37.0199],[174.8334,-37.0189],[174.8328,-37.0179],[174.8287,-37.0149],[174.8272,-37.0129],[174.8249,-37.0126],[174.8248,-37.0122],[174.8233,-37.011],[174.8236,-37.0107],[174.8236,-37.01],[174.8241,-37.0099],[174.8236,-37.0101],[174.8239,-37.0103],[174.8254,-37.01],[174.8282,-37.0081],[174.825,-37.0096],[174.8235,-37.0093],[174.8218,-37.0097],[174.8209,-37.0094],[174.8214,-37.0082],[174.8225,-37.0069],[174.8212,-37.0079],[174.8207,-37.0086],[174.8195,-37.0091],[174.8199,-37.0096],[174.8193,-37.0101],[174.8157,-37.0103],[174.8146,-37.0098],[174.8149,-37.0088],[174.8155,-37.0081],[174.8151,-37.0076],[174.8151,-37.0066],[174.8163,-37.0055],[174.8173,-37.0056],[174.817,-37.0053],[174.8172,-37.005],[174.8183,-37.0043],[174.8188,-37.0043],[174.8193,-37.0036],[174.8198,-37.0036],[174.8194,-37.0031],[174.818,-37.0032],[174.8167,-37.0042],[174.8158,-37.0043],[174.8135,-37.0056],[174.8128,-37.0051],[174.8108,-37.0057],[174.8104,-37.0051],[174.8123,-37.0046],[174.8122,-37.0035],[174.8125,-37.0032],[174.8113,-37.0038],[174.8101,-37.0029],[174.8103,-37.0022],[174.8091,-37.0021],[174.8089,-37.0017],[174.8061,-37.0016],[174.8058,-37.0012],[174.8089,-37.0013],[174.8086,-37.0006],[174.8088,-37.0003],[174.8095,-37.0007],[174.8094,-37.0],[174.8099,-36.9996],[174.8099,-36.999],[174.8109,-36.9984],[174.8123,-36.9982],[174.8129,-36.9993],[174.8126,-36.9973],[174.8129,-36.9969],[174.8135,-36.9968],[174.8144,-36.9973],[174.8142,-36.9969],[174.8149,-36.9969],[174.8148,-36.9964],[174.816,-36.9957],[174.8172,-36.9956],[174.8178,-36.9967],[174.8181,-36.9961],[174.8188,-36.996],[174.8199,-36.9966],[174.8201,-36.9973],[174.8205,-36.9966],[174.8193,-36.9957],[174.8193,-36.9953],[174.8216,-36.9957],[174.8223,-36.9962],[174.823,-36.9961],[174.8217,-36.9953],[174.8219,-36.9947],[174.8209,-36.995],[174.8198,-36.9946],[174.8192,-36.9937],[174.8199,-36.9928],[174.8207,-36.993],[174.8227,-36.992],[174.8234,-36.992],[174.8236,-36.9927],[174.8243,-36.9925],[174.8269,-36.9931],[174.8271,-36.9959],[174.8269,-36.9964],[174.8274,-36.9969],[174.8273,-36.9974],[174.8282,-36.998],[174.8278,-36.9956],[174.8281,-36.9954],[174.8287,-36.9958],[174.83,-36.9979],[174.8305,-36.9977],[174.8297,-36.9966],[174.8299,-36.9957],[174.8332,-36.9967],[174.8302,-36.9953],[174.8292,-36.9955],[174.8299,-36.9948],[174.8287,-36.995],[174.8277,-36.9942],[174.8298,-36.9941],[174.8312,-36.9918],[174.8329,-36.9909],[174.8328,-36.9905],[174.8331,-36.9901],[174.8351,-36.9905],[174.8355,-36.9917],[174.8353,-36.9905],[174.836,-36.9903],[174.8331,-36.9898],[174.8327,-36.9893],[174.8334,-36.9889],[174.8342,-36.989],[174.836,-36.9885],[174.8367,-36.9875]]]]}},{"type":"Feature","properties":{"name":"\u014ckura","region":"North","population":683,"lat":-36.67946,"lng":174.71679},"geometry":{"type":"MultiPolygon","coordinates":[[[[174.7438,-36.666],[174.7406,-36.668],[174.741,-36.6718],[174.7403,-36.6739],[174.7403,-36.6756],[174.7394,-36.6763],[174.7394,-36.6767],[174.7356,-36.6786],[174.733,-36.6791],[174.7285,-36.6839],[174.7282,-36.6848],[174.7234,-36.6882],[174.7218,-36.6885],[174.7202,-36.6884],[174.7189,-36.6891],[174.7191,-36.6893],[174.7172,-36.6948],[174.7176,-36.6956],[174.7169,-36.6968],[174.7159,-36.697],[174.7099,-36.6855],[174.7096,-36.6855],[174.7095,-36.6847],[174.7085,-36.684],[174.7087,-36.6827],[174.7081,-36.681],[174.7089,-36.6799],[174.7081,-36.679],[174.7087,-36.6775],[174.7102,-36.6764],[174.7108,-36.6769],[174.712,-36.6768],[174.7132,-36.6777],[174.7136,-36.6771],[174.7147,-36.6771],[174.7148,-36.6764],[174.7177,-36.6746],[174.7186,-36.6737],[174.7225,-36.6723],[174.7223,-36.6722],[174.7231,-36.6725],[174.7229,-36.6734],[174.7245,-36.6746],[174.7247,-36.6768],[174.725,-36.6754],[174.7261,-36.6747],[174.7255,-36.6741],[174.7256,-36.673],[174.7244,-36.6731],[174.7244,-36.6724],[174.7257,-36.6703],[174.727,-36.6703],[174.729,-36.6697],[174.7311,-36.6703],[174.7323,-36.6702],[174.7328,-36.6707],[174.7328,-36.6693],[174.7338,-36.6686],[174.7338,-36.6676],[174.7353,-36.6665],[174.736,-36.6654],[174.7368,-36.6649],[174.7398,-36.6641],[174.7423,-36.6651],[174.7438,-36.666]]]]}},{"type":"Feature","properties":{"name":"\u014cr\u0101kei","region":"East","population":5819,"lat":-36.85774,"lng":174.81755},"geometry":{"type":"MultiPolygon","coordinates":[[[[174.8155,-36.8438],[174.8171,-36.8453],[174.8217,-36.8456],[174.8236,-36.8451],[174.8234,-36.8446],[174.8243,-36.8436],[174.8245,-36.8443],[174.8282,-36.8456],[174.8292,-36.8475],[174.8295,-36.8476],[174.8286,-36.8476],[174.8277,-36.8576],[174.8271,-36.8575],[174.8281,-36.8576],[174.8284,-36.858],[174.8276,-36.8584],[174.8269,-36.8639],[174.8261,-36.8638],[174.8239,-36.8648],[174.8232,-36.8646],[174.823,-36.865],[174.8222,-36.8653],[174.8194,-36.8651],[174.8173,-36.8634],[174.8162,-36.8634],[174.8149,-36.862],[174.8125,-36.8612],[174.8123,-36.8608],[174.8098,-36.8591],[174.8092,-36.8582],[174.8096,-36.8561],[174.8085,-36.8549],[174.807,-36.855],[174.8056,-36.8544],[174.8053,-36.8541],[174.8057,-36.8531],[174.805,-36.8525],[174.8084,-36.8516],[174.8107,-36.849],[174.8105,-36.8494],[174.8108,-36.8497],[174.8144,-36.8518],[174.8162,-36.8512],[174.8179,-36.8499],[174.8183,-36.8495],[174.8171,-36.8472],[174.8168,-36.8458],[174.8171,-36.8454],[174.8155,-36.8438]]]]}},{"type":"Feature","properties":{"name":"\u014ctara","region":"South","population":24431,"lat":-36.95414,"lng":174.87032},"geometry":{"type":"MultiPolygon","coordinates":[[[[174.8783,-36.9482],[174.8788,-36.9483],[174.8788,-36.9486],[174.8791,-36.9476],[174.8798,-36.9479],[174.8794,-36.9497],[174.8799,-36.9511],[174.8802,-36.9506],[174.8808,-36.9504],[174.8803,-36.9491],[174.8806,-36.9494],[174.8816,-36.9491],[174.8853,-36.9493],[174.8859,-36.95],[174.8871,-36.9501],[174.8877,-36.9505],[174.8887,-36.9505],[174.8891,-36.9499],[174.8898,-36.9501],[174.8903,-36.9506],[174.891,-36.9506],[174.891,-36.9513],[174.8916,-36.9515],[174.8915,-36.9523],[174.8922,-36.9526],[174.892,-36.9531],[174.8913,-36.953],[174.8909,-36.9544],[174.8953,-36.9551],[174.8935,-36.9613],[174.8959,-36.9617],[174.8955,-36.9627],[174.8949,-36.9626],[174.8933,-36.9684],[174.896,-36.9689],[174.8941,-36.9759],[174.8932,-36.9756],[174.8929,-36.9758],[174.8923,-36.9755],[174.8915,-36.9755],[174.8913,-36.9752],[174.8911,-36.9755],[174.8901,-36.9755],[174.8902,-36.9751],[174.8899,-36.9755],[174.8886,-36.9754],[174.8886,-36.9751],[174.8881,-36.9751],[174.8879,-36.9757],[174.8867,-36.9757],[174.887,-36.9745],[174.8862,-36.9739],[174.8858,-36.9753],[174.8854,-36.9753],[174.8853,-36.9757],[174.8846,-36.9755],[174.8842,-36.976],[174.8838,-36.976],[174.8835,-36.9763],[174.8834,-36.9765],[174.8838,-36.9766],[174.8832,-36.9791],[174.8817,-36.9791],[174.8821,-36.9798],[174.8815,-36.9801],[174.8793,-36.9737],[174.8781,-36.9721],[174.8674,-36.9639],[174.8668,-36.9644],[174.8657,-36.9635],[174.8658,-36.9627],[174.8635,-36.9609],[174.862,-36.9585],[174.8617,-36.9591],[174.8595,-36.9585],[174.8592,-36.9597],[174.8572,-36.9591],[174.8574,-36.9577],[174.8566,-36.9571],[174.857,-36.9567],[174.8567,-36.9569],[174.8563,-36.9559],[174.8571,-36.9557],[174.8577,-36.9548],[174.8567,-36.9555],[174.8564,-36.9551],[174.8554,-36.9549],[174.8551,-36.9542],[174.8556,-36.9529],[174.8544,-36.9526],[174.853,-36.9537],[174.8523,-36.9534],[174.8524,-36.9522],[174.8534,-36.9515],[174.8566,-36.95],[174.8574,-36.95],[174.8575,-36.9488],[174.8582,-36.9487],[174.858,-36.9483],[174.8583,-36.9482],[174.8584,-36.9486],[174.8588,-36.9482],[174.8595,-36.9464],[174.86,-36.946],[174.8612,-36.946],[174.8636,-36.9489],[174.865,-36.9496],[174.866,-36.9489],[174.867,-36.9496],[174.8684,-36.9499],[174.8686,-36.9504],[174.8679,-36.9511],[174.8685,-36.951],[174.8677,-36.952],[174.8679,-36.9527],[174.8679,-36.9519],[174.8688,-36.9518],[174.8686,-36.9516],[174.8689,-36.9506],[174.8696,-36.9504],[174.8676,-36.9489],[174.8693,-36.948],[174.8715,-36.9483],[174.8724,-36.9481],[174.873,-36.9482],[174.8743,-36.9478],[174.8743,-36.9472],[174.8759,-36.9465],[174.8763,-36.9469],[174.8762,-36.9475],[174.8771,-36.9471],[174.878,-36.9474],[174.8784,-36.948],[174.8783,-36.9482]]]]}},{"type":"Feature","properties":{"name":"\u014ct\u0101huhu","region":"South","population":17705,"lat":-36.94028,"lng":174.8557},"geometry":{"type":"MultiPolygon","coordinates":[[[[174.8573,-36.9442],[174.8564,-36.9441],[174.8561,-36.945],[174.8564,-36.9458],[174.856,-36.9462],[174.8575,-36.9488],[174.8574,-36.95],[174.8554,-36.9464],[174.8548,-36.9469],[174.8545,-36.9464],[174.8527,-36.9455],[174.8524,-36.9451],[174.8526,-36.9455],[174.8542,-36.9468],[174.8541,-36.9472],[174.8532,-36.9474],[174.8544,-36.9475],[174.8543,-36.9485],[174.8527,-36.9482],[174.8528,-36.9492],[174.8525,-36.9499],[174.8518,-36.9505],[174.851,-36.9494],[174.8512,-36.9498],[174.8502,-36.9507],[174.8502,-36.9513],[174.8497,-36.9516],[174.8493,-36.9509],[174.8494,-36.9518],[174.8489,-36.9518],[174.8496,-36.953],[174.8505,-36.953],[174.8512,-36.9538],[174.8492,-36.9547],[174.8488,-36.9561],[174.8478,-36.9551],[174.8478,-36.9553],[174.8471,-36.9552],[174.8476,-36.9554],[174.8472,-36.9558],[174.8477,-36.9559],[174.8475,-36.9563],[174.8466,-36.9563],[174.8459,-36.9567],[174.8453,-36.9564],[174.8444,-36.9565],[174.844,-36.9557],[174.8426,-36.9551],[174.8415,-36.9555],[174.8397,-36.9584],[174.8374,-36.9601],[174.8356,-36.9573],[174.8353,-36.956],[174.8347,-36.9561],[174.8335,-36.9492],[174.833,-36.9493],[174.8335,-36.949],[174.8332,-36.9485],[174.8329,-36.9486],[174.8326,-36.9466],[174.8324,-36.9466],[174.8326,-36.9451],[174.8317,-36.9375],[174.8366,-36.9356],[174.8366,-36.9346],[174.8405,-36.9344],[174.8409,-36.9341],[174.8409,-36.935],[174.8414,-36.9349],[174.8414,-36.9355],[174.8426,-36.9357],[174.8425,-36.9355],[174.8435,-36.9353],[174.8436,-36.936],[174.8446,-36.9361],[174.8453,-36.9351],[174.8483,-36.9349],[174.8493,-36.9345],[174.8501,-36.9334],[174.851,-36.9338],[174.8517,-36.9335],[174.852,-36.9343],[174.8531,-36.9337],[174.8537,-36.9339],[174.8538,-36.9326],[174.8544,-36.9313],[174.8557,-36.9322],[174.8564,-36.932],[174.8578,-36.9331],[174.8569,-36.9336],[174.8569,-36.934],[174.859,-36.9338],[174.8588,-36.9332],[174.8593,-36.9318],[174.8634,-36.9305],[174.8662,-36.9322],[174.8663,-36.933],[174.8648,-36.9343],[174.8635,-36.9339],[174.8628,-36.9344],[174.8625,-36.9352],[174.8588,-36.9376],[174.858,-36.9382],[174.8577,-36.9389],[174.8576,-36.9387],[174.8573,-36.9398],[174.8576,-36.9403],[174.8573,-36.9405],[174.8573,-36.941],[174.8566,-36.9416],[174.856,-36.9416],[174.8554,-36.942],[174.8557,-36.9422],[174.8563,-36.9418],[174.8567,-36.9421],[174.8574,-36.9435],[174.8573,-36.9442]]]]}}]}